{
    "bodyColor": 0,
    "eyesColor": 0,
    "ItemGiversList": [
    ],
    "body": 0,
    "isActive": 0b,
    "DialogData": [
    ],
    "leg": 0,
    "hair": 0,
    "MailData": [
    ],
    "PlayerName": "Darthi_12",
    "hairColor": 0,
    "UUID": "ce349e3a-c1a0-3fd9-8044-00baf84e9bc9",
    "ScriptStoreddata": {
    },
    "TransportData": [
    ],
    "NpcsTimers": [
    ],
    "FactionData": [
    ],
    "BankData": [
    ],
    "jacket": 0,
    "QuestData": {
        "CompletedQuests": [
        ],
        "ActiveQuests": [
        ]
    },
    "PlayerCompanionId": 0,
    "shoes": 0,
    "ItemGiverChained": [
    ],
    "isMale": 0b,
    "face": 0,
    "peculiarities": [I;]
}
