{"stats":{"minecraft:picked_up":{"minecraft:seagrass":2,"minecraft:wheat":192,"croptopia:clam":1,"minecraft:anvil":1,"croptopia:apricot_sapling":1,"simplefarming:turnip_seeds":1,"croptopia:kale":2,"minecraft:smithing_table":1,"tombstone:tablet_of_home":1,"minecraft:lead":7,"quark:hollow_oak_log":1,"vanillaplustools:diamond_shovel":1,"minecraft:enchanted_book":1,"minecraft:string":17,"simplefarming:zucchini_seeds":3,"croptopia:cantaloupe":1,"minecraft:oak_sign":4,"simplefarming:honeydew":5,"minecraft:beetroot":1,"minecraft:cobbled_deepslate":80,"croptopia:mustard_seed":2,"croptopia:blueberry":1,"croptopia:cinnamon_sapling":1,"croptopia:mango_sapling":1,"simplefarming:cherry_sapling":1,"minecraft:furnace":2,"quark:blossom_fence_gate":4,"simplefarming:plum_sapling":1,"croptopia:plum_sapling":1,"minecraft:stick":123,"croptopia:lemon_sapling":1,"croptopia:peach_sapling":1,"autumnity:maple_planks":2,"ecologics:walnut_log":13,"minecraft:torch":14,"travelersbackpack:iron_tier_upgrade":1,"minecraft:spruce_stairs":6,"travelersbackpack:diamond_tier_upgrade":1,"quark:blossom_log":67,"tombstone:grave_dust":2,"minecraft:diorite":16,"travelersbackpack:crafting_upgrade":1,"croptopia:avocado_sapling":1,"simplefarming:scarecrow":1,"mores:raw_tin":121,"croptopia:cherry_sapling":1,"minecraft:rotten_flesh":39,"minecraft:cow_spawn_egg":2,"autumnity:turkey_egg":1,"projectvibrantjourneys:cattail":12,"minecraft:rabbit_spawn_egg":2,"simplefarming:olive_sapling":1,"croptopia:pecan_sapling":1,"croptopia:apple_sapling":1,"minecraft:birch_log":1,"vinery:apple_log":12,"minecraft:cod":2,"minecraft:cobblestone":756,"minecraft:pink_petals":3,"ecologics:walnut":8,"croptopia:almond_sapling":1,"farmersdelight:rice":1,"minecraft:water_bucket":1,"minecraft:andesite":201,"vanillaplustools:diamond_hammer":1,"minecraft:potato":201,"minecraft:flint":1,"quark:blossom_fence":44,"travelersbackpack:gold_tier_upgrade":1,"minecraft:lapis_lazuli":24,"croptopia:blueberry_seed":4,"minecraft:dirt":1440,"born_in_chaos_v1:marigolds":3,"minecraft:bone":17,"minecraft:wheat_seeds":625,"simplefarming:kenaf_seeds":3,"simplefarming:lettuce_seeds":1,"minecraft:cobbled_deepslate_slab":9,"croptopia:bellpepper":1,"minecraft:llama_spawn_egg":2,"croptopia:kale_seed":3,"croptopia:yam":7,"croptopia:chile_pepper_seed":2,"simplefarming:peanut_seeds":1,"simplefarming:corn_seeds":4,"iter_rpg:seashell":4,"minecraft:sheep_spawn_egg":2,"simplefarming:radish_seeds":2,"minecraft:pig_spawn_egg":2,"iter_rpg:spider_silk":2,"minecraft:poisonous_potato":2,"vinery:dark_cherry_sapling":3,"minecraft:sand":1,"autumnity:turkey_spawn_egg":2,"croptopia:lime_sapling":1,"minecraft:stripped_spruce_log":100,"mores:raw_cobalt":6,"croptopia:oat":6,"croptopia:nutmeg_sapling":1,"minecraft:barrel":3,"simplefarming:orange_sapling":1,"croptopia:chile_pepper":1,"minecraft:bundle":3,"farm_and_charm:tomato":45,"minecraft:deepslate":128,"simplefarming:corn":2,"minecraft:granite":69,"minecraft:horse_spawn_egg":2,"minecraft:bricks":8,"minecraft:oak_sapling":5,"born_in_chaos_v1:rotten_fish":3,"mores:raw_silver":23,"simplefarming:cassava_seeds":6,"minecraft:oak_leaves":18,"croptopia:walnut_sapling":1,"croptopia:grapefruit_sapling":1,"simplefarming:pea_seeds":4,"minecraft:crafting_table":4,"travelersbackpack:hay":1,"croptopia:nectarine_sapling":1,"minecraft:clay_ball":216,"born_in_chaos_v1:river_mint":11,"croptopia:peach":3,"simplefarming:yam":125,"treasure2:diamond_lock":4,"croptopia:sweetpotato_seed":1,"iter_rpg:pearl":1,"minecraft:wooden_pickaxe":1,"croptopia:orange_sapling":1,"minecraft:chain":2,"minecraft:fire_coral":1,"croptopia:persimmon_sapling":1,"projectvibrantjourneys:reeds":28,"croptopia:bellpepper_seed":2,"ecologics:walnut_sapling":6,"croptopia:fig_sapling":1,"minecraft:spruce_slab":3,"minecraft:poppy":1,"quark:yellow_blossom_sapling":11,"minecraft:sugar_cane":12,"simplefarming:barley_seeds":6,"minecraft:spruce_trapdoor":4,"minecraft:raw_iron":13,"naturalist:duck":1,"simplefarming:cantaloupe_seeds":1,"ecologics:stripped_walnut_log":4,"projectvibrantjourneys:bark_mushroom":5,"travelersbackpack:netherite_tier_upgrade":1,"simplefarming:yam_seeds":118,"simplefarming:onion_seeds":2,"minecraft:prismarine_crystals":3,"croptopia:yam_seed":24,"simplefarming:eggplant_seeds":1,"minecraft:chicken_spawn_egg":2,"simplefarming:cassava":4,"minecraft:arrow":11,"croptopia:cantaloupe_seed":2,"croptopia:banana_sapling":1,"simplefarming:ginger_seeds":2,"minecraft:brick_stairs":2,"minecraft:mutton":1,"simplefarming:apricot_sapling":1,"minecraft:white_wool":13,"minecraft:stripped_oak_log":4,"born_in_chaos_v1:corpse_maggot":29,"minecraft:glow_ink_sac":1,"minecraft:salmon":2,"minecraft:leather":6,"simplefarming:mango_sapling":1,"croptopia:pear_sapling":1,"minecraft:granite_stairs":1,"simplefarming:banana_sapling":1,"simplefarming:rye_seeds":1,"minecraft:oak_log":62,"minecraft:lily_pad":1,"minecraft:cobbled_deepslate_stairs":129,"minecraft:gunpowder":4,"simplefarming:broccoli_seeds":1,"croptopia:kumquat_sapling":1,"simplefarming:grape_seeds":7,"travelersbackpack:cow":1,"minecraft:apple":10,"minecraft:kelp":8,"croptopia:cashew_sapling":1,"simplefarming:honeydew_seeds":4,"minecraft:cobweb":2,"simplefarming:pear_sapling":1,"croptopia:date_sapling":1,"projectvibrantjourneys:light_brown_bark_mushroom":2,"simplefarming:apple_sapling":1,"fastfooddelight:chicken_wrap":1,"minecraft:gravel":14,"croptopia:dragonfruit_sapling":1,"naturalist:duck_spawn_egg":2,"minecraft:spruce_sapling":145,"minecraft:spruce_log":427,"croptopia:starfruit_sapling":1,"argentinas_delight:mateyerbaseca":1,"minecraft:spider_eye":9,"minecraft:brick_slab":1,"croptopia:oat_seed":5,"treasure2:diamond_key":1,"minecraft:slime_ball":3,"simplefarming:sweet_potato_seeds":1,"minecraft:donkey_spawn_egg":2,"croptopia:orange":31,"vanillaplustools:stone_hammer":1,"croptopia:coconut_sapling":1,"projectvibrantjourneys:orange_bark_mushroom":12,"tombstone:magic_scroll":2,"minecraft:coal":127,"minecraft:goat_spawn_egg":2},"minecraft:mined":{"minecraft:cobbled_deepslate_stairs":1,"croptopia:mustard_crop":1,"minecraft:spruce_trapdoor":4,"minecraft:granite":69,"minecraft:grass_block":618,"vinery:apple_log":12,"projectvibrantjourneys:reeds":28,"minecraft:barrel":3,"minecraft:iron_ore":8,"minecraft:fire":2,"quark:blossom_fence_gate":4,"minecraft:anvil":1,"simplefarming:honeydew":1,"minecraft:oak_sign":4,"simplefarming:honeydew_stem":2,"ecologics:walnut_log":13,"minecraft:spruce_slab":2,"minecraft:granite_stairs":1,"projectvibrantjourneys:cattail":8,"minecraft:clay":54,"minecraft:torch":11,"croptopia:oat_crop":1,"projectvibrantjourneys:twigs":14,"minecraft:poppy":1,"quark:blossom_log":68,"projectvibrantjourneys:natural_cobweb":1,"minecraft:cobblestone":22,"projectvibrantjourneys:fallen_leaves":16,"minecraft:bricks":9,"minecraft:wall_torch":3,"minecraft:pink_petals":2,"minecraft:seagrass":1,"quark:blossom_fence":44,"minecraft:wheat":14,"projectvibrantjourneys:bones":2,"born_in_chaos_v1:river_mint":11,"croptopia:chile_pepper_crop":1,"minecraft:grass":449,"minecraft:oak_log":61,"projectvibrantjourneys:short_grass":238,"simplefarming:corn":1,"minecraft:sand":1,"minecraft:dirt":1035,"mores:silver_ore":23,"quark:hollow_oak_log":1,"minecraft:oak_leaves":18,"minecraft:deepslate":76,"croptopia:kale_crop":2,"projectvibrantjourneys:rocks":8,"minecraft:cobbled_deepslate_slab":15,"born_in_chaos_v1:black_argillite":1,"minecraft:brick_stairs":2,"argentinas_delight:mateyerbaseca":1,"minecraft:spruce_leaves":2,"minecraft:spruce_sapling":10,"minecraft:furnace":2,"projectvibrantjourneys:orange_bark_mushroom":1,"minecraft:andesite":79,"minecraft:stripped_spruce_log":100,"minecraft:stripped_oak_log":4,"minecraft:stone":686,"minecraft:smithing_table":1,"minecraft:podzol":1,"mores:cobalt_ore":6,"born_in_chaos_v1:marigolds":3,"croptopia:sweetpotato_crop":1,"autumnity:maple_planks":2,"minecraft:crafting_table":4,"autumnity:orange_maple_leaves":4,"ecologics:walnut_leaves":2,"projectvibrantjourneys:mossy_rocks":2,"minecraft:tall_grass":23,"born_in_chaos_v1:chipped_black_argillite_brick":1,"minecraft:lapis_ore":4,"minecraft:lily_pad":1,"minecraft:diorite":16,"mores:tin_ore":29,"minecraft:spruce_stairs":9,"ecologics:stripped_walnut_log":4,"minecraft:brick_slab":1,"mores:deepslate_tin_ore":3,"minecraft:spruce_log":435,"croptopia:yam_crop":13,"simplefarming:grape_trunk_top":3,"minecraft:coal_ore":35,"minecraft:gravel":12,"minecraft:cobweb":2,"farm_and_charm:wild_tomatoes":5},"minecraft:broken":{"mores:tin_leggings":1,"vinery:straw_hat":1,"spartanweaponry:tin_katana":1,"minecraft:stone_pickaxe":1,"minecraft:stone_axe":1,"mores:tin_axe":5,"mores:tin_boots":1,"minecraft:wooden_axe":1,"mores:silver_axe":1,"mores:tin_chestplate":1,"minecraft:stone_hoe":1,"vanillaplustools:stone_shovel":2},"minecraft:dropped":{"treasure2:diamond_key":1,"minecraft:baked_potato":24,"simplefarming:sweet_potato_seeds":1,"simplefarming:radish_seeds":1,"ecologics:walnut_sapling":1,"iter_rpg:pearl":1,"croptopia:chile_pepper_seed":1,"simplefarming:yam_seeds":1,"projectvibrantjourneys:orange_bark_mushroom":12,"minecraft:flint":1,"quark:blossom_fence":13,"simplefarming:pea_seeds":2,"minecraft:dirt":1042,"simplefarming:rye_seeds":1,"minecraft:seagrass":2,"minecraft:sand":1,"croptopia:mustard_seed":1,"minecraft:birch_log":1,"simplefarming:lettuce_seeds":1,"projectvibrantjourneys:reeds":23,"projectvibrantjourneys:bark_mushroom":5,"minecraft:bone":12,"minecraft:gravel":12,"treasure2:diamond_lock":1,"simplefarming:cantaloupe_seeds":1,"minecraft:cobbled_deepslate":8,"croptopia:oat_seed":1,"minecraft:rotten_flesh":39,"simplefarming:cassava_seeds":1,"simplefarming:baked_yam":40,"simplefarming:ginger_seeds":1,"croptopia:blueberry_seed":4,"mores:tin_pickaxe":1,"projectvibrantjourneys:light_brown_bark_mushroom":2,"simplefarming:honeydew_seeds":1,"born_in_chaos_v1:corpse_maggot":11,"vanillaplustools:stone_hammer":2,"iter_rpg:seashell":4,"minecraft:arrow":11,"simplefarming:barley_seeds":4,"projectvibrantjourneys:cattail":12,"born_in_chaos_v1:marigolds":1,"spartanweaponry:stone_katana":1,"minecraft:water_bucket":1,"minecraft:enchanted_book":4,"minecraft:iron_ingot":6,"minecraft:oak_slab":9,"minecraft:wheat_seeds":119,"tombstone:tablet_of_home":1,"quark:blossom_planks":40,"minecraft:poisonous_potato":2,"minecraft:cobblestone":304,"simplefarming:turnip_seeds":1,"croptopia:orange":1,"minecraft:prismarine_crystals":3,"croptopia:clam":1,"minecraft:apple":1,"simplefarming:peanut_seeds":1,"minecraft:stick":1,"simplefarming:zucchini_seeds":1,"simplefarming:broccoli_seeds":1,"croptopia:kale_seed":3,"born_in_chaos_v1:river_mint":11,"minecraft:torch":7,"tombstone:grave_dust":3,"minecraft:polished_deepslate":8,"croptopia:yam_seed":22,"croptopia:yam":1,"simplefarming:onion_seeds":1,"minecraft:kelp":8,"minecraft:oak_trapdoor":16,"minecraft:deepslate":128,"born_in_chaos_v1:rotten_fish":2,"minecraft:cobbled_deepslate_slab":3,"simplefarming:corn":2,"minecraft:oak_sign":1,"simplefarming:kenaf_seeds":2,"simplefarming:fish_and_chips":1,"ecologics:walnut":3,"autumnity:maple_planks":2,"minecraft:bundle":1,"minecraft:andesite":134,"minecraft:fire_coral":1,"minecraft:spider_eye":9,"minecraft:spruce_log":1,"minecraft:stone_pickaxe":1,"minecraft:wooden_pickaxe":2,"farm_and_charm:tomato":1,"naturalist:duck":1},"minecraft:crafted":{"minecraft:brick":216,"minecraft:oak_planks":241,"minecraft:barrel":10,"minecraft:oak_sign":3,"ecologics:walnut_planks":8,"minecraft:cobblestone_stairs":4,"minecraft:stone":160,"minecraft:cooked_mutton":1,"mores:tin_ingot":109,"vanillaplustools:stone_shovel":2,"minecraft:bricks":54,"minecraft:stone_hoe":1,"mores:tin_shovel":1,"minecraft:oak_fence":3,"minecraft:granite_stairs":4,"minecraft:smoker":1,"mores:silver_ingot":23,"minecraft:oak_slab":90,"quark:blossom_planks":144,"mores:tin_chestplate":2,"minecraft:crafting_table":3,"minecraft:spruce_planks":1020,"mores:cobalt_pickaxe":1,"minecraft:wooden_pickaxe":1,"minecraft:baked_potato":100,"mores:tin_helmet":1,"croptopia:yam_seed":11,"minecraft:red_wool":1,"simplefarming:baked_yam":114,"minecraft:spruce_trapdoor":156,"minecraft:stick":196,"minecraft:iron_ingot":13,"spartanweaponry:stone_katana":1,"minecraft:composter":9,"minecraft:spruce_fence_gate":23,"minecraft:shears":1,"farm_and_charm:tomato_seeds":3,"travelersbackpack:hay":4,"minecraft:cobbled_deepslate_slab":24,"mores:silver_apple":1,"mores:tin_pickaxe":1,"minecraft:stone_shovel":18,"minecraft:fishing_rod":1,"vanillaplustools:stone_hammer":1,"minecraft:brick_stairs":4,"minecraft:furnace":3,"minecraft:bone_meal":18,"minecraft:spruce_fence":78,"woodworks:spruce_chest":2,"minecraft:oak_trapdoor":16,"minecraft:stone_stairs":4,"minecraft:spruce_stairs":140,"minecraft:polished_deepslate":8,"quark:blossom_fence":57,"minecraft:spruce_slab":156,"minecraft:stone_pickaxe":11,"minecraft:cobbled_deepslate_stairs":36,"mores:tin_axe":5,"minecraft:brick_slab":6,"minecraft:lead":2,"spartanweaponry:tin_katana":1,"minecraft:red_dye":1,"minecraft:cooked_cod":2,"quark:blossom_fence_gate":4,"mores:cobalt_ingot":6,"spartanweaponry:handle":6,"minecraft:cooked_salmon":2,"minecraft:stone_axe":1,"mores:tin_leggings":2,"mores:silver_axe":1,"minecraft:air":0,"woodworks:oak_chest":4,"spartanweaponry:tin_battle_hammer":1,"simplefarming:fish_and_chips":1,"vinery:straw_hat":1,"mores:tin_boots":2,"minecraft:wooden_axe":1,"minecraft:torch":60},"minecraft:custom":{"minecraft:open_barrel":14,"minecraft:interact_with_crafting_table":140,"minecraft:leave_game":2,"minecraft:time_since_death":34857,"minecraft:sprint_one_cm":620348,"minecraft:drop":257,"minecraft:talked_to_villager":2,"minecraft:play_time":451582,"minecraft:deaths":12,"minecraft:jump":6196,"minecraft:walk_on_water_one_cm":43405,"minecraft:interact_with_furnace":116,"minecraft:sleep_in_bed":1,"minecraft:damage_dealt":24676,"minecraft:player_kills":1,"minecraft:crouch_one_cm":51303,"tombstone:undead_killed":64,"tombstone:villager_killed":1,"minecraft:interact_with_smoker":50,"minecraft:interact_with_smithing_table":6,"minecraft:mob_kills":137,"minecraft:damage_dealt_resisted":2167,"minecraft:climb_one_cm":516,"minecraft:walk_one_cm":1487447,"minecraft:sneak_time":14886,"minecraft:walk_under_water_one_cm":46365,"minecraft:interact_with_blast_furnace":2,"minecraft:total_world_time":451582,"minecraft:time_since_rest":34662,"minecraft:damage_taken":5743,"minecraft:damage_absorbed":80,"minecraft:swim_one_cm":33189,"minecraft:fly_one_cm":1266105,"minecraft:open_chest":257,"minecraft:fish_caught":3,"minecraft:fall_one_cm":162665},"minecraft:killed":{"born_in_chaos_v1:zombie_lumberjack":2,"minecraft:spider":11,"minecraft:skeleton":12,"minecraft:zombie_villager":1,"iter_rpg:spiderling":8,"minecraft:creeper":6,"minecraft:trader_llama":2,"born_in_chaos_v1:zombie_fisherman":3,"minecraft:zombie":27,"born_in_chaos_v1:corpse_fly":6,"iter_rpg:bloated":2,"born_in_chaos_v1:door_knight":2,"naturalist:duck":1,"born_in_chaos_v1:maggot":20,"born_in_chaos_v1:corpse_fish":2,"born_in_chaos_v1:barrel_zombie":8,"born_in_chaos_v1:swarmer":1,"minecraft:wandering_trader":1,"born_in_chaos_v1:decrepit_skeleton":5,"born_in_chaos_v1:bloody_gadfly":4,"born_in_chaos_v1:decaying_zombie":1,"iter_rpg:giant_spider":2,"iter_rpg:scallop":6},"minecraft:used":{"minecraft:beetroot":1,"minecraft:spruce_slab":119,"minecraft:oak_sign":6,"mores:tin_pickaxe":11,"minecraft:stone":113,"simplefarming:honeydew":5,"minecraft:brick_slab":5,"simplefarming:yam_seeds":21,"minecraft:stripped_spruce_log":72,"born_in_chaos_v1:corpse_maggot":18,"minecraft:bricks":27,"spartanweaponry:stone_katana":103,"vinery:straw_hat":1,"spartanweaponry:tin_battle_hammer":123,"simplefarming:honeydew_seeds":2,"croptopia:peach":3,"minecraft:furnace":4,"minecraft:oak_sapling":5,"minecraft:cooked_cod":2,"minecraft:potato":40,"projectvibrantjourneys:rocks":1,"simplefarming:grape_seeds":5,"spartanweaponry:tin_katana":177,"treasure2:diamond_key":5,"minecraft:diorite":16,"minecraft:stone_pickaxe":171,"minecraft:wooden_pickaxe":23,"minecraft:sugar_cane":4,"minecraft:oak_leaves":2,"mores:tin_boots":1,"mores:tin_leggings":1,"quark:blossom_fence_gate":4,"minecraft:shears":19,"minecraft:cobbled_deepslate_stairs":55,"croptopia:orange":30,"quark:hollow_oak_log":1,"simplefarming:corn_seeds":2,"tombstone:grave_key":8,"born_in_chaos_v1:marigolds":2,"quark:blossom_fence":44,"born_in_chaos_v1:rotten_fish":1,"minecraft:smithing_table":1,"minecraft:andesite":32,"croptopia:cantaloupe":1,"minecraft:bone_meal":41,"minecraft:cobweb":2,"vinery:apple_log":9,"minecraft:oak_fence":3,"minecraft:granite_stairs":5,"autumnity:turkey_egg":1,"ecologics:walnut_log":8,"mores:tin_axe":535,"simplefarming:cassava_seeds":1,"minecraft:spruce_planks":35,"woodworks:oak_chest":4,"vanillaplustools:stone_hammer":121,"minecraft:cooked_salmon":1,"argentinas_delight:mateyerbaseca":1,"minecraft:stone_hoe":131,"woodworks:spruce_chest":2,"minecraft:torch":60,"minecraft:anvil":1,"minecraft:dirt":194,"quark:yellow_blossom_sapling":11,"croptopia:blueberry":1,"croptopia:chile_pepper":1,"minecraft:spruce_stairs":81,"minecraft:stone_stairs":2,"minecraft:spruce_fence":10,"mores:silver_apple":1,"minecraft:granite":20,"croptopia:oat_seed":2,"minecraft:wooden_axe":56,"minecraft:brick_stairs":6,"croptopia:yam_seed":13,"minecraft:barrel":13,"ecologics:walnut":5,"tombstone:gift":5,"farm_and_charm:tomato":43,"mores:silver_axe":253,"quark:blossom_log":10,"minecraft:wheat_seeds":78,"minecraft:cooked_mutton":1,"minecraft:water_bucket":10,"minecraft:cobblestone_stairs":2,"minecraft:baked_potato":4,"ecologics:walnut_sapling":5,"minecraft:glow_ink_sac":1,"minecraft:spruce_fence_gate":3,"minecraft:crafting_table":7,"vanillaplustools:stone_shovel":273,"minecraft:spruce_log":102,"croptopia:kale":2,"minecraft:smoker":1,"simplefarming:baked_yam":11,"simplefarming:cassava":1,"minecraft:oak_log":2,"croptopia:yam":6,"minecraft:apple":8,"mores:tin_shovel":83,"mores:cobalt_pickaxe":23,"tombstone:magic_scroll":1,"minecraft:spruce_trapdoor":23,"farm_and_charm:tomato_seeds":3,"minecraft:spruce_sapling":93,"minecraft:stone_axe":115,"minecraft:pink_petals":3,"minecraft:fishing_rod":5,"minecraft:cobblestone":81,"minecraft:cobbled_deepslate_slab":27,"projectvibrantjourneys:reeds":5,"mores:tin_chestplate":1,"minecraft:bucket":10,"fastfooddelight:chicken_wrap":1}},"DataVersion":3465}