{"stats":{"minecraft:broken":{"minecraft:stone_pickaxe":1,"minecraft:stone_axe":1,"vanillaplustools:stone_shovel":1,"minecraft:wooden_axe":1},"minecraft:mined":{"untamedwilds:flora_junegrass":4,"croptopia:kale_crop":2,"croptopia:mustard_crop":1,"projectvibrantjourneys:rocks":4,"minecraft:grass_block":480,"vinery:apple_log":9,"untamedwilds:flora_yarrow":1,"projectvibrantjourneys:reeds":28,"minecraft:iron_ore":1,"minecraft:fire":2,"minecraft:oak_sign":3,"ecologics:walnut_log":10,"minecraft:stone":69,"projectvibrantjourneys:cattail":8,"born_in_chaos_v1:marigolds":1,"croptopia:sweetpotato_crop":1,"minecraft:crafting_table":3,"projectvibrantjourneys:twigs":12,"croptopia:oat_crop":1,"autumnity:orange_maple_leaves":4,"ecologics:walnut_leaves":1,"quark:blossom_log":52,"projectvibrantjourneys:mossy_rocks":1,"minecraft:tall_grass":21,"minecraft:cobblestone":21,"born_in_chaos_v1:chipped_black_argillite_brick":1,"minecraft:lily_pad":1,"projectvibrantjourneys:fallen_leaves":12,"mores:tin_ore":16,"minecraft:pink_petals":2,"minecraft:seagrass":1,"projectvibrantjourneys:bones":1,"croptopia:chile_pepper_crop":1,"minecraft:grass":267,"minecraft:coal_ore":12,"minecraft:oak_log":51,"projectvibrantjourneys:short_grass":176,"minecraft:dirt":1002,"mores:silver_ore":17,"quark:hollow_oak_log":1,"farm_and_charm:wild_tomatoes":5},"minecraft:custom":{"minecraft:mob_kills":49,"minecraft:interact_with_crafting_table":54,"minecraft:damage_dealt_resisted":158,"minecraft:leave_game":1,"minecraft:time_since_death":16791,"minecraft:climb_one_cm":516,"minecraft:sprint_one_cm":132752,"minecraft:walk_one_cm":515080,"minecraft:drop":87,"minecraft:play_time":131596,"minecraft:deaths":4,"minecraft:sneak_time":2163,"minecraft:walk_under_water_one_cm":1284,"minecraft:jump":1762,"minecraft:walk_on_water_one_cm":5916,"minecraft:total_world_time":131596,"minecraft:interact_with_furnace":19,"minecraft:time_since_rest":16428,"minecraft:damage_taken":1739,"minecraft:damage_dealt":8860,"minecraft:swim_one_cm":7692,"minecraft:player_kills":1,"minecraft:fly_one_cm":323763,"minecraft:open_chest":35,"minecraft:crouch_one_cm":8596,"tombstone:undead_killed":21,"minecraft:fall_one_cm":33771},"minecraft:dropped":{"minecraft:enchanted_book":2,"minecraft:wheat_seeds":10,"tombstone:tablet_of_home":1,"quark:blossom_planks":40,"simplefarming:radish_seeds":1,"croptopia:orange":1,"ecologics:walnut_sapling":1,"minecraft:apple":1,"croptopia:chile_pepper_seed":1,"projectvibrantjourneys:orange_bark_mushroom":1,"simplefarming:peanut_seeds":1,"minecraft:stick":1,"quark:blossom_fence":13,"simplefarming:zucchini_seeds":1,"simplefarming:broccoli_seeds":1,"simplefarming:pea_seeds":2,"minecraft:dirt":694,"croptopia:kale_seed":3,"born_in_chaos_v1:river_mint":1,"tombstone:grave_dust":1,"croptopia:mustard_seed":1,"projectvibrantjourneys:reeds":23,"minecraft:bone":8,"simplefarming:onion_seeds":1,"minecraft:kelp":3,"born_in_chaos_v1:rotten_fish":1,"minecraft:rotten_flesh":17,"simplefarming:cassava_seeds":1,"minecraft:oak_sign":1,"simplefarming:kenaf_seeds":1,"croptopia:blueberry_seed":4,"ecologics:walnut":3,"minecraft:spider_eye":3,"minecraft:spruce_log":1,"minecraft:arrow":2,"projectvibrantjourneys:cattail":12,"minecraft:wooden_pickaxe":2,"simplefarming:barley_seeds":2,"untamedwilds:flora_junegrass":2,"spartanweaponry:stone_katana":1},"minecraft:picked_up":{"simplefarming:pea_seeds":4,"minecraft:crafting_table":2,"born_in_chaos_v1:river_mint":1,"croptopia:peach":3,"tombstone:tablet_of_home":1,"croptopia:kale":2,"quark:hollow_oak_log":1,"croptopia:sweetpotato_seed":1,"minecraft:wooden_pickaxe":1,"minecraft:string":3,"simplefarming:zucchini_seeds":2,"croptopia:cantaloupe":1,"projectvibrantjourneys:reeds":28,"croptopia:bellpepper_seed":2,"minecraft:beetroot":1,"minecraft:oak_sign":3,"ecologics:walnut_sapling":6,"croptopia:blueberry":1,"croptopia:mustard_seed":2,"quark:yellow_blossom_sapling":11,"simplefarming:barley_seeds":4,"minecraft:raw_iron":6,"minecraft:stick":32,"ecologics:walnut_log":10,"simplefarming:yam_seeds":1,"quark:blossom_log":51,"simplefarming:onion_seeds":2,"simplefarming:eggplant_seeds":1,"mores:raw_tin":61,"coinsje:gold_coin":1,"minecraft:arrow":2,"croptopia:cantaloupe_seed":2,"minecraft:rotten_flesh":17,"simplefarming:ginger_seeds":1,"projectvibrantjourneys:cattail":12,"vinery:apple_log":9,"minecraft:cobblestone":87,"minecraft:pink_petals":3,"born_in_chaos_v1:corpse_maggot":16,"ecologics:walnut":8,"minecraft:glow_ink_sac":1,"minecraft:salmon":1,"minecraft:potato":1,"minecraft:oak_log":52,"minecraft:lily_pad":1,"minecraft:gunpowder":4,"simplefarming:broccoli_seeds":1,"croptopia:blueberry_seed":4,"minecraft:dirt":1137,"simplefarming:grape_seeds":1,"untamedwilds:flora_junegrass":4,"untamedwilds:spawn_tortoise":1,"born_in_chaos_v1:marigolds":1,"minecraft:bone":8,"minecraft:apple":9,"minecraft:kelp":3,"minecraft:wheat_seeds":68,"simplefarming:kenaf_seeds":2,"simplefarming:honeydew_seeds":1,"croptopia:bellpepper":1,"croptopia:kale_seed":3,"simplefarming:peanut_seeds":1,"croptopia:chile_pepper_seed":2,"simplefarming:radish_seeds":2,"croptopia:oat":1,"minecraft:spruce_log":1,"minecraft:spider_eye":3,"croptopia:chile_pepper":1,"minecraft:bundle":1,"farm_and_charm:tomato":18,"croptopia:oat_seed":2,"minecraft:slime_ball":2,"croptopia:orange":21,"born_in_chaos_v1:rotten_fish":1,"projectvibrantjourneys:orange_bark_mushroom":1,"minecraft:oak_sapling":2,"mores:raw_silver":17,"simplefarming:cassava_seeds":2,"minecraft:coal":48},"minecraft:used":{"vinery:apple_log":9,"minecraft:beetroot":1,"ecologics:walnut_log":8,"mores:tin_axe":9,"simplefarming:cassava_seeds":1,"minecraft:oak_sign":5,"woodworks:oak_chest":2,"untamedwilds:spawn_tortoise":1,"minecraft:cooked_salmon":1,"minecraft:stone_hoe":68,"minecraft:dirt":74,"quark:yellow_blossom_sapling":11,"croptopia:blueberry":1,"croptopia:chile_pepper":1,"simplefarming:yam_seeds":1,"croptopia:oat_seed":2,"born_in_chaos_v1:corpse_maggot":16,"minecraft:wooden_axe":56,"spartanweaponry:stone_katana":103,"simplefarming:honeydew_seeds":1,"croptopia:peach":3,"minecraft:furnace":1,"minecraft:oak_sapling":2,"ecologics:walnut":5,"tombstone:gift":3,"minecraft:potato":1,"minecraft:wheat_seeds":58,"simplefarming:grape_seeds":1,"quark:blossom_log":10,"spartanweaponry:tin_katana":21,"projectvibrantjourneys:rocks":1,"minecraft:stone_pickaxe":134,"untamedwilds:flora_junegrass":2,"minecraft:wooden_pickaxe":23,"ecologics:walnut_sapling":5,"minecraft:glow_ink_sac":1,"mores:tin_boots":1,"minecraft:crafting_table":5,"mores:tin_leggings":1,"vanillaplustools:stone_shovel":252,"quark:blossom_fence_gate":4,"croptopia:kale":2,"croptopia:orange":20,"minecraft:oak_log":2,"quark:hollow_oak_log":1,"minecraft:apple":8,"born_in_chaos_v1:marigolds":1,"quark:blossom_fence":44,"minecraft:stone_axe":115,"minecraft:pink_petals":3,"mores:tin_chestplate":1,"minecraft:cobblestone":13,"projectvibrantjourneys:reeds":5,"alexsmobs:animal_dictionary":3,"croptopia:cantaloupe":1},"minecraft:killed":{"born_in_chaos_v1:zombie_lumberjack":1,"minecraft:spider":5,"born_in_chaos_v1:maggot":13,"minecraft:skeleton":5,"born_in_chaos_v1:barrel_zombie":2,"born_in_chaos_v1:swarmer":1,"minecraft:creeper":5,"born_in_chaos_v1:decrepit_skeleton":4,"born_in_chaos_v1:zombie_fisherman":3,"born_in_chaos_v1:decaying_zombie":1,"minecraft:zombie":4,"born_in_chaos_v1:corpse_fly":5},"minecraft:crafted":{"minecraft:oak_planks":52,"minecraft:stone_shovel":18,"minecraft:oak_sign":3,"ecologics:walnut_planks":8,"minecraft:furnace":1,"quark:blossom_fence":57,"mores:tin_ingot":61,"minecraft:stone_pickaxe":2,"mores:tin_axe":1,"vanillaplustools:stone_shovel":2,"minecraft:stone_hoe":1,"spartanweaponry:tin_katana":1,"mores:silver_ingot":17,"quark:blossom_fence_gate":4,"quark:blossom_planks":144,"mores:tin_chestplate":1,"minecraft:crafting_table":3,"minecraft:wooden_pickaxe":1,"spartanweaponry:handle":2,"minecraft:cooked_salmon":1,"minecraft:stone_axe":1,"mores:tin_leggings":1,"minecraft:air":0,"woodworks:oak_chest":2,"mores:tin_boots":1,"minecraft:stick":80,"minecraft:iron_ingot":6,"minecraft:wooden_axe":1,"spartanweaponry:stone_katana":1,"minecraft:torch":24}},"DataVersion":3465}