{"stats":{"minecraft:broken":{"minecraft:stone_pickaxe":1,"minecraft:stone_axe":1,"mores:tin_axe":2,"minecraft:wooden_axe":1,"vanillaplustools:stone_shovel":1},"minecraft:dropped":{"simplefarming:sweet_potato_seeds":1,"simplefarming:radish_seeds":1,"ecologics:walnut_sapling":1,"croptopia:chile_pepper_seed":1,"projectvibrantjourneys:orange_bark_mushroom":10,"simplefarming:pea_seeds":2,"quark:blossom_fence":13,"minecraft:dirt":694,"croptopia:mustard_seed":1,"projectvibrantjourneys:reeds":23,"projectvibrantjourneys:bark_mushroom":3,"minecraft:bone":12,"minecraft:rotten_flesh":24,"simplefarming:cassava_seeds":1,"simplefarming:ginger_seeds":1,"croptopia:blueberry_seed":4,"projectvibrantjourneys:light_brown_bark_mushroom":1,"born_in_chaos_v1:corpse_maggot":3,"iter_rpg:seashell":2,"minecraft:arrow":4,"simplefarming:barley_seeds":3,"projectvibrantjourneys:cattail":12,"born_in_chaos_v1:marigolds":1,"spartanweaponry:stone_katana":1,"minecraft:enchanted_book":2,"minecraft:iron_ingot":6,"minecraft:wheat_seeds":37,"tombstone:tablet_of_home":1,"quark:blossom_planks":40,"simplefarming:turnip_seeds":1,"croptopia:orange":1,"minecraft:apple":1,"simplefarming:peanut_seeds":1,"minecraft:stick":1,"simplefarming:zucchini_seeds":1,"simplefarming:broccoli_seeds":1,"croptopia:kale_seed":3,"born_in_chaos_v1:river_mint":8,"tombstone:grave_dust":1,"simplefarming:onion_seeds":1,"minecraft:kelp":8,"alexsmobs:maggot":2,"born_in_chaos_v1:rotten_fish":1,"minecraft:oak_sign":1,"simplefarming:kenaf_seeds":1,"ecologics:walnut":3,"autumnity:maple_planks":2,"minecraft:bundle":1,"minecraft:fire_coral":1,"minecraft:spider_eye":4,"minecraft:spruce_log":1,"minecraft:wooden_pickaxe":2,"untamedwilds:flora_junegrass":2},"minecraft:custom":{"minecraft:interact_with_crafting_table":77,"minecraft:leave_game":1,"minecraft:time_since_death":13731,"minecraft:sprint_one_cm":237099,"minecraft:drop":136,"minecraft:play_time":191596,"minecraft:deaths":7,"minecraft:jump":2981,"minecraft:walk_on_water_one_cm":12191,"minecraft:interact_with_furnace":63,"minecraft:damage_dealt":14123,"minecraft:player_kills":1,"minecraft:crouch_one_cm":9598,"tombstone:undead_killed":34,"minecraft:mob_kills":78,"minecraft:damage_dealt_resisted":158,"minecraft:climb_one_cm":516,"minecraft:walk_one_cm":743066,"minecraft:sneak_time":2594,"minecraft:walk_under_water_one_cm":7412,"minecraft:total_world_time":191596,"minecraft:time_since_rest":13578,"minecraft:damage_taken":2975,"minecraft:swim_one_cm":17282,"minecraft:fly_one_cm":609922,"minecraft:open_chest":74,"minecraft:fall_one_cm":62672},"minecraft:mined":{"croptopia:mustard_crop":1,"minecraft:granite":67,"minecraft:grass_block":480,"vinery:apple_log":12,"projectvibrantjourneys:reeds":28,"minecraft:iron_ore":1,"minecraft:fire":2,"quark:blossom_fence_gate":4,"simplefarming:honeydew":1,"minecraft:oak_sign":3,"ecologics:walnut_log":13,"projectvibrantjourneys:cattail":8,"minecraft:clay":16,"minecraft:torch":2,"croptopia:oat_crop":1,"projectvibrantjourneys:twigs":14,"minecraft:poppy":1,"quark:blossom_log":68,"minecraft:cobblestone":21,"projectvibrantjourneys:fallen_leaves":13,"minecraft:pink_petals":2,"minecraft:seagrass":1,"quark:blossom_fence":44,"minecraft:wheat":9,"projectvibrantjourneys:bones":2,"born_in_chaos_v1:river_mint":7,"croptopia:chile_pepper_crop":1,"minecraft:grass":368,"minecraft:oak_log":61,"projectvibrantjourneys:short_grass":207,"minecraft:dirt":1002,"mores:silver_ore":17,"quark:hollow_oak_log":1,"minecraft:oak_leaves":18,"untamedwilds:flora_junegrass":4,"croptopia:kale_crop":2,"projectvibrantjourneys:rocks":8,"untamedwilds:flora_yarrow":1,"minecraft:spruce_sapling":1,"projectvibrantjourneys:orange_bark_mushroom":1,"minecraft:stripped_oak_log":4,"minecraft:stone":413,"born_in_chaos_v1:marigolds":3,"croptopia:sweetpotato_crop":1,"minecraft:crafting_table":4,"autumnity:maple_planks":2,"autumnity:orange_maple_leaves":4,"ecologics:walnut_leaves":1,"projectvibrantjourneys:mossy_rocks":1,"minecraft:tall_grass":21,"born_in_chaos_v1:chipped_black_argillite_brick":1,"minecraft:lily_pad":1,"minecraft:diorite":16,"mores:tin_ore":28,"ecologics:stripped_walnut_log":4,"minecraft:spruce_log":100,"simplefarming:grape_trunk_top":1,"minecraft:coal_ore":23,"farm_and_charm:wild_tomatoes":5},"minecraft:picked_up":{"minecraft:wheat":26,"simplefarming:turnip_seeds":1,"croptopia:kale":2,"tombstone:tablet_of_home":1,"quark:hollow_oak_log":1,"minecraft:string":7,"simplefarming:zucchini_seeds":3,"croptopia:cantaloupe":1,"minecraft:oak_sign":3,"simplefarming:honeydew":5,"minecraft:beetroot":1,"croptopia:mustard_seed":2,"croptopia:blueberry":1,"quark:blossom_fence_gate":4,"minecraft:stick":56,"autumnity:maple_planks":2,"ecologics:walnut_log":13,"minecraft:torch":2,"quark:blossom_log":67,"minecraft:diorite":16,"mores:raw_tin":109,"minecraft:rotten_flesh":24,"projectvibrantjourneys:cattail":12,"minecraft:cod":1,"vinery:apple_log":12,"minecraft:cobblestone":428,"minecraft:pink_petals":3,"ecologics:walnut":8,"minecraft:potato":10,"quark:blossom_fence":44,"croptopia:blueberry_seed":4,"minecraft:dirt":1137,"untamedwilds:flora_junegrass":4,"born_in_chaos_v1:marigolds":3,"minecraft:bone":14,"minecraft:wheat_seeds":163,"simplefarming:kenaf_seeds":2,"croptopia:bellpepper":1,"croptopia:kale_seed":3,"croptopia:chile_pepper_seed":2,"simplefarming:peanut_seeds":1,"iter_rpg:seashell":2,"simplefarming:radish_seeds":2,"croptopia:oat":1,"croptopia:chile_pepper":1,"minecraft:bundle":3,"farm_and_charm:tomato":18,"minecraft:granite":67,"alexsmobs:maggot":2,"minecraft:oak_sapling":5,"born_in_chaos_v1:rotten_fish":2,"mores:raw_silver":17,"simplefarming:cassava_seeds":3,"minecraft:oak_leaves":18,"minecraft:crafting_table":3,"simplefarming:pea_seeds":4,"croptopia:peach":3,"born_in_chaos_v1:river_mint":8,"minecraft:clay_ball":64,"simplefarming:yam":9,"croptopia:sweetpotato_seed":1,"minecraft:wooden_pickaxe":1,"minecraft:fire_coral":1,"projectvibrantjourneys:reeds":28,"croptopia:bellpepper_seed":2,"ecologics:walnut_sapling":6,"minecraft:poppy":1,"quark:yellow_blossom_sapling":11,"minecraft:sugar_cane":3,"simplefarming:barley_seeds":5,"minecraft:raw_iron":6,"ecologics:stripped_walnut_log":4,"projectvibrantjourneys:bark_mushroom":3,"simplefarming:yam_seeds":11,"simplefarming:onion_seeds":2,"simplefarming:eggplant_seeds":1,"coinsje:gold_coin":1,"simplefarming:cassava":1,"minecraft:arrow":4,"croptopia:cantaloupe_seed":2,"simplefarming:ginger_seeds":2,"minecraft:white_wool":13,"minecraft:stripped_oak_log":4,"born_in_chaos_v1:corpse_maggot":20,"minecraft:glow_ink_sac":1,"minecraft:salmon":1,"minecraft:leather":3,"minecraft:oak_log":62,"minecraft:lily_pad":1,"minecraft:gunpowder":4,"simplefarming:broccoli_seeds":1,"simplefarming:grape_seeds":3,"untamedwilds:spawn_tortoise":1,"minecraft:apple":10,"minecraft:kelp":8,"untamedwilds:material_fat":3,"simplefarming:honeydew_seeds":1,"projectvibrantjourneys:light_brown_bark_mushroom":1,"minecraft:spruce_sapling":31,"minecraft:spruce_log":100,"minecraft:spider_eye":4,"croptopia:oat_seed":2,"minecraft:slime_ball":3,"simplefarming:sweet_potato_seeds":1,"croptopia:orange":31,"projectvibrantjourneys:orange_bark_mushroom":10,"minecraft:coal":83},"minecraft:used":{"minecraft:beetroot":1,"minecraft:oak_sign":5,"untamedwilds:spawn_tortoise":1,"simplefarming:honeydew":1,"simplefarming:yam_seeds":11,"born_in_chaos_v1:corpse_maggot":17,"spartanweaponry:stone_katana":103,"vinery:straw_hat":1,"simplefarming:honeydew_seeds":1,"spartanweaponry:tin_battle_hammer":7,"croptopia:peach":3,"minecraft:oak_sapling":4,"minecraft:furnace":3,"minecraft:cooked_cod":1,"minecraft:potato":10,"simplefarming:grape_seeds":2,"projectvibrantjourneys:rocks":1,"spartanweaponry:tin_katana":98,"minecraft:diorite":16,"minecraft:stone_pickaxe":135,"untamedwilds:flora_junegrass":2,"minecraft:wooden_pickaxe":23,"minecraft:sugar_cane":3,"minecraft:oak_leaves":2,"mores:tin_boots":1,"mores:tin_leggings":1,"quark:blossom_fence_gate":4,"minecraft:shears":19,"croptopia:orange":20,"quark:hollow_oak_log":1,"born_in_chaos_v1:marigolds":2,"quark:blossom_fence":44,"born_in_chaos_v1:rotten_fish":1,"croptopia:cantaloupe":1,"minecraft:bone_meal":6,"vinery:apple_log":9,"ecologics:walnut_log":8,"mores:tin_axe":218,"simplefarming:cassava_seeds":1,"woodworks:oak_chest":4,"vanillaplustools:stone_hammer":60,"minecraft:cooked_salmon":1,"minecraft:stone_hoe":106,"minecraft:torch":13,"minecraft:dirt":74,"quark:yellow_blossom_sapling":11,"croptopia:blueberry":1,"croptopia:chile_pepper":1,"mores:silver_apple":1,"minecraft:granite":9,"croptopia:oat_seed":2,"minecraft:wooden_axe":56,"croptopia:yam_seed":9,"ecologics:walnut":5,"tombstone:gift":3,"farm_and_charm:tomato":15,"quark:blossom_log":10,"minecraft:wheat_seeds":73,"ecologics:walnut_sapling":5,"minecraft:glow_ink_sac":1,"minecraft:crafting_table":6,"vanillaplustools:stone_shovel":252,"croptopia:kale":2,"minecraft:spruce_log":1,"simplefarming:cassava":1,"minecraft:oak_log":2,"minecraft:apple":8,"mores:tin_shovel":16,"farm_and_charm:tomato_seeds":3,"minecraft:spruce_sapling":31,"minecraft:stone_axe":115,"minecraft:pink_petals":3,"minecraft:cobblestone":26,"projectvibrantjourneys:reeds":5,"mores:tin_chestplate":1,"alexsmobs:animal_dictionary":3},"minecraft:killed":{"born_in_chaos_v1:zombie_lumberjack":1,"minecraft:spider":10,"minecraft:skeleton":7,"minecraft:zombie_villager":1,"minecraft:creeper":6,"born_in_chaos_v1:zombie_fisherman":3,"minecraft:zombie":11,"born_in_chaos_v1:corpse_fly":5,"untamedwilds:bison":1,"alexsmobs:fly":1,"born_in_chaos_v1:maggot":16,"born_in_chaos_v1:corpse_fish":1,"born_in_chaos_v1:barrel_zombie":5,"born_in_chaos_v1:swarmer":1,"born_in_chaos_v1:decrepit_skeleton":4,"born_in_chaos_v1:bloody_gadfly":2,"born_in_chaos_v1:decaying_zombie":1,"iter_rpg:scallop":2},"minecraft:crafted":{"minecraft:brick":28,"minecraft:oak_planks":80,"minecraft:oak_sign":3,"ecologics:walnut_planks":8,"minecraft:stone":160,"mores:tin_ingot":109,"vanillaplustools:stone_shovel":2,"minecraft:bricks":7,"minecraft:stone_hoe":1,"mores:tin_shovel":1,"mores:silver_ingot":17,"quark:blossom_planks":144,"mores:tin_chestplate":1,"minecraft:crafting_table":3,"minecraft:spruce_planks":256,"minecraft:wooden_pickaxe":1,"croptopia:yam_seed":9,"minecraft:red_wool":1,"minecraft:stick":104,"minecraft:iron_ingot":6,"spartanweaponry:stone_katana":1,"minecraft:shears":1,"farm_and_charm:tomato_seeds":3,"mores:silver_apple":1,"minecraft:stone_shovel":18,"vanillaplustools:stone_hammer":1,"minecraft:furnace":3,"minecraft:bone_meal":6,"quark:blossom_fence":57,"minecraft:stone_pickaxe":10,"mores:tin_axe":2,"minecraft:lead":2,"spartanweaponry:tin_katana":1,"minecraft:red_dye":1,"minecraft:cooked_cod":1,"quark:blossom_fence_gate":4,"spartanweaponry:handle":6,"minecraft:cooked_salmon":1,"minecraft:stone_axe":1,"mores:tin_leggings":1,"minecraft:air":0,"woodworks:oak_chest":4,"spartanweaponry:tin_battle_hammer":1,"vinery:straw_hat":1,"mores:tin_boots":1,"minecraft:wooden_axe":1,"minecraft:torch":60}},"DataVersion":3465}