{"stats":{"minecraft:used":{"minecraft:pink_petals":3,"alexsmobs:animal_dictionary":3},"minecraft:dropped":{"minecraft:wheat_seeds":4,"minecraft:stick":1},"minecraft:custom":{"minecraft:time_since_rest":17180,"minecraft:sprint_one_cm":2233,"minecraft:play_time":17180,"minecraft:walk_one_cm":17254,"minecraft:drop":3,"minecraft:jump":69,"minecraft:leave_game":1,"minecraft:time_since_death":17180,"minecraft:total_world_time":17180,"minecraft:fall_one_cm":2090,"minecraft:fly_one_cm":4959},"minecraft:picked_up":{"minecraft:pink_petals":3,"minecraft:stick":1,"croptopia:kale":1,"minecraft:wheat_seeds":4,"croptopia:kale_seed":2},"minecraft:mined":{"minecraft:pink_petals":2,"projectvibrantjourneys:twigs":1,"minecraft:grass":3,"autumnity:orange_maple_leaves":4,"projectvibrantjourneys:short_grass":9,"croptopia:kale_crop":1,"minecraft:tall_grass":5}},"DataVersion":3465}