{"stats":{"minecraft:broken":{"vanillaplustools:stone_shovel":1,"minecraft:wooden_axe":1},"minecraft:custom":{"minecraft:mob_kills":9,"minecraft:interact_with_crafting_table":22,"minecraft:leave_game":1,"minecraft:time_since_death":46684,"minecraft:climb_one_cm":516,"minecraft:time_since_rest":46441,"minecraft:sprint_one_cm":40664,"minecraft:damage_taken":795,"minecraft:walk_one_cm":300804,"minecraft:drop":42,"minecraft:damage_dealt":2144,"minecraft:swim_one_cm":5116,"minecraft:fly_one_cm":110715,"minecraft:player_kills":1,"minecraft:open_chest":7,"minecraft:crouch_one_cm":2115,"minecraft:play_time":83596,"tombstone:undead_killed":6,"minecraft:deaths":2,"minecraft:sneak_time":752,"minecraft:walk_under_water_one_cm":953,"minecraft:jump":794,"minecraft:walk_on_water_one_cm":2831,"minecraft:total_world_time":83596,"minecraft:fall_one_cm":13777},"minecraft:dropped":{"simplefarming:onion_seeds":1,"minecraft:wheat_seeds":7,"minecraft:rotten_flesh":6,"simplefarming:radish_seeds":1,"croptopia:orange":1,"ecologics:walnut_sapling":1,"simplefarming:cassava_seeds":1,"croptopia:chile_pepper_seed":1,"projectvibrantjourneys:orange_bark_mushroom":1,"simplefarming:kenaf_seeds":1,"simplefarming:peanut_seeds":1,"simplefarming:pea_seeds":2,"minecraft:stick":1,"simplefarming:zucchini_seeds":1,"simplefarming:broccoli_seeds":1,"minecraft:dirt":321,"croptopia:kale_seed":3,"ecologics:walnut":3,"minecraft:spider_eye":2,"simplefarming:barley_seeds":2,"minecraft:wooden_pickaxe":2,"croptopia:mustard_seed":1,"minecraft:bone":5},"minecraft:mined":{"projectvibrantjourneys:cattail":1,"untamedwilds:flora_junegrass":2,"born_in_chaos_v1:marigolds":1,"croptopia:kale_crop":2,"croptopia:mustard_crop":1,"croptopia:sweetpotato_crop":1,"projectvibrantjourneys:rocks":4,"minecraft:crafting_table":2,"croptopia:oat_crop":1,"projectvibrantjourneys:twigs":12,"minecraft:grass_block":391,"autumnity:orange_maple_leaves":4,"projectvibrantjourneys:mossy_rocks":1,"quark:blossom_log":25,"minecraft:tall_grass":21,"minecraft:cobblestone":14,"projectvibrantjourneys:fallen_leaves":11,"vinery:apple_log":8,"minecraft:pink_petals":2,"untamedwilds:flora_yarrow":1,"projectvibrantjourneys:reeds":5,"projectvibrantjourneys:bones":1,"croptopia:chile_pepper_crop":1,"minecraft:oak_sign":2,"minecraft:grass":263,"minecraft:oak_log":25,"projectvibrantjourneys:short_grass":167,"minecraft:dirt":794,"ecologics:walnut_log":9,"minecraft:stone":45},"minecraft:picked_up":{"minecraft:crafting_table":1,"born_in_chaos_v1:corpse_maggot":2,"minecraft:pink_petals":3,"simplefarming:pea_seeds":4,"ecologics:walnut":8,"croptopia:peach":3,"croptopia:kale":2,"croptopia:sweetpotato_seed":1,"minecraft:wooden_pickaxe":1,"minecraft:oak_log":25,"simplefarming:broccoli_seeds":1,"simplefarming:grape_seeds":1,"minecraft:string":1,"minecraft:dirt":772,"simplefarming:zucchini_seeds":2,"untamedwilds:flora_junegrass":2,"projectvibrantjourneys:reeds":5,"untamedwilds:spawn_tortoise":1,"born_in_chaos_v1:marigolds":1,"minecraft:bone":5,"minecraft:oak_sign":2,"minecraft:apple":9,"ecologics:walnut_sapling":6,"simplefarming:kenaf_seeds":2,"minecraft:wheat_seeds":62,"simplefarming:honeydew_seeds":1,"croptopia:mustard_seed":2,"quark:yellow_blossom_sapling":4,"croptopia:kale_seed":3,"simplefarming:barley_seeds":4,"croptopia:chile_pepper_seed":2,"minecraft:stick":29,"simplefarming:peanut_seeds":1,"simplefarming:radish_seeds":2,"ecologics:walnut_log":9,"simplefarming:yam_seeds":1,"quark:blossom_log":25,"simplefarming:onion_seeds":2,"croptopia:oat":1,"minecraft:spider_eye":2,"simplefarming:eggplant_seeds":1,"croptopia:chile_pepper":1,"coinsje:gold_coin":1,"croptopia:oat_seed":2,"minecraft:rotten_flesh":6,"croptopia:orange":21,"simplefarming:ginger_seeds":1,"projectvibrantjourneys:orange_bark_mushroom":1,"minecraft:oak_sapling":1,"simplefarming:cassava_seeds":2,"vinery:apple_log":8,"minecraft:cobblestone":58},"minecraft:used":{"vinery:apple_log":1,"projectvibrantjourneys:rocks":1,"minecraft:stone_pickaxe":56,"untamedwilds:flora_junegrass":2,"minecraft:oak_sign":5,"woodworks:oak_chest":2,"minecraft:wooden_pickaxe":23,"untamedwilds:spawn_tortoise":1,"ecologics:walnut_sapling":5,"minecraft:dirt":18,"quark:yellow_blossom_sapling":4,"minecraft:crafting_table":3,"croptopia:chile_pepper":1,"vanillaplustools:stone_shovel":203,"croptopia:kale":2,"croptopia:orange":20,"minecraft:oak_log":2,"born_in_chaos_v1:corpse_maggot":2,"minecraft:wooden_axe":56,"minecraft:apple":5,"born_in_chaos_v1:marigolds":1,"minecraft:stone_axe":52,"minecraft:pink_petals":3,"croptopia:peach":3,"projectvibrantjourneys:reeds":5,"minecraft:oak_sapling":1,"ecologics:walnut":5,"alexsmobs:animal_dictionary":3},"minecraft:killed":{"minecraft:spider":2,"born_in_chaos_v1:decrepit_skeleton":2,"born_in_chaos_v1:decaying_zombie":1,"minecraft:zombie":3,"born_in_chaos_v1:corpse_fly":1},"minecraft:crafted":{"minecraft:oak_planks":52,"minecraft:stone_shovel":18,"minecraft:oak_sign":3,"minecraft:crafting_table":2,"minecraft:wooden_pickaxe":1,"spartanweaponry:handle":1,"minecraft:stone_axe":1,"woodworks:oak_chest":2,"minecraft:stick":20,"minecraft:stone_pickaxe":1,"minecraft:wooden_axe":1,"vanillaplustools:stone_shovel":2,"spartanweaponry:stone_katana":1}},"DataVersion":3465}