{"stats":{"minecraft:broken":{"minecraft:wooden_axe":1},"minecraft:dropped":{"croptopia:kale_seed":2,"minecraft:wheat_seeds":6,"ecologics:walnut":3,"ecologics:walnut_sapling":1,"simplefarming:peanut_seeds":1,"minecraft:stick":1,"simplefarming:broccoli_seeds":1,"minecraft:dirt":1},"minecraft:custom":{"minecraft:time_since_rest":4441,"minecraft:sprint_one_cm":15730,"minecraft:damage_taken":555,"minecraft:walk_one_cm":99716,"minecraft:mob_kills":1,"minecraft:drop":12,"minecraft:damage_dealt":295,"minecraft:swim_one_cm":1767,"minecraft:interact_with_crafting_table":1,"minecraft:fly_one_cm":63741,"minecraft:player_kills":1,"minecraft:open_chest":4,"minecraft:crouch_one_cm":2056,"minecraft:play_time":41596,"tombstone:undead_killed":1,"minecraft:deaths":2,"minecraft:sneak_time":722,"minecraft:walk_under_water_one_cm":817,"minecraft:jump":393,"minecraft:leave_game":1,"minecraft:time_since_death":4684,"minecraft:walk_on_water_one_cm":2249,"minecraft:total_world_time":41596,"minecraft:climb_one_cm":516,"minecraft:fall_one_cm":10224},"minecraft:mined":{"minecraft:pink_petals":2,"born_in_chaos_v1:marigolds":1,"croptopia:kale_crop":1,"minecraft:crafting_table":1,"minecraft:grass_block":4,"minecraft:grass":9,"projectvibrantjourneys:twigs":2,"autumnity:orange_maple_leaves":4,"minecraft:oak_log":11,"projectvibrantjourneys:short_grass":11,"quark:blossom_log":25,"minecraft:tall_grass":5,"ecologics:walnut_log":4,"vinery:apple_log":8},"minecraft:picked_up":{"simplefarming:peanut_seeds":1,"minecraft:pink_petals":3,"minecraft:stick":10,"ecologics:walnut":3,"ecologics:walnut_log":4,"croptopia:peach":3,"croptopia:kale":1,"quark:blossom_log":25,"minecraft:oak_log":11,"simplefarming:broccoli_seeds":1,"minecraft:dirt":4,"born_in_chaos_v1:marigolds":1,"untamedwilds:spawn_tortoise":1,"ecologics:walnut_sapling":1,"minecraft:apple":1,"minecraft:wheat_seeds":6,"croptopia:orange":10,"quark:yellow_blossom_sapling":4,"minecraft:oak_sapling":1,"croptopia:kale_seed":2,"vinery:apple_log":8},"minecraft:used":{"vinery:apple_log":1,"minecraft:oak_log":1,"projectvibrantjourneys:rocks":1,"minecraft:wooden_axe":56,"untamedwilds:spawn_tortoise":1,"born_in_chaos_v1:marigolds":1,"minecraft:pink_petals":3,"minecraft:dirt":3,"croptopia:peach":3,"quark:yellow_blossom_sapling":4,"minecraft:crafting_table":1,"minecraft:oak_sapling":1,"alexsmobs:animal_dictionary":3,"croptopia:kale":1,"croptopia:orange":8},"minecraft:killed":{"minecraft:zombie":1},"minecraft:crafted":{"minecraft:oak_planks":8,"minecraft:crafting_table":1,"minecraft:wooden_axe":1}},"DataVersion":3465}