{"stats":{"minecraft:dropped":{"minecraft:wheat_seeds":4,"minecraft:stick":1},"minecraft:mined":{"minecraft:pink_petals":2,"minecraft:grass":3,"projectvibrantjourneys:twigs":1,"autumnity:orange_maple_leaves":4,"projectvibrantjourneys:short_grass":9,"croptopia:kale_crop":1,"minecraft:tall_grass":5},"minecraft:custom":{"minecraft:crouch_one_cm":663,"minecraft:time_since_rest":23596,"minecraft:sprint_one_cm":3086,"minecraft:play_time":23596,"minecraft:damage_taken":10,"minecraft:walk_one_cm":25155,"minecraft:sneak_time":463,"minecraft:drop":3,"minecraft:jump":85,"minecraft:damage_dealt":20,"minecraft:leave_game":1,"minecraft:time_since_death":23596,"minecraft:total_world_time":23596,"minecraft:fall_one_cm":2508,"minecraft:fly_one_cm":8216,"minecraft:open_chest":3},"minecraft:picked_up":{"minecraft:pink_petals":3,"minecraft:stick":1,"croptopia:kale":1,"minecraft:wheat_seeds":4,"croptopia:kale_seed":2,"untamedwilds:spawn_tortoise":1},"minecraft:used":{"minecraft:pink_petals":3,"alexsmobs:animal_dictionary":3,"untamedwilds:spawn_tortoise":1,"projectvibrantjourneys:rocks":1}},"DataVersion":3465}