{"stats":{"minecraft:broken":{"mores:tin_leggings":2,"vinery:straw_hat":1,"spartanweaponry:tin_katana":1,"mores:tin_shovel":1,"mores:tin_helmet":1,"minecraft:stone_pickaxe":1,"minecraft:stone_axe":1,"mores:tin_axe":5,"mores:tin_boots":2,"minecraft:wooden_axe":1,"mores:silver_axe":1,"spartanweaponry:silver_katana":1,"mores:tin_chestplate":2,"minecraft:stone_hoe":1,"vanillaplustools:stone_shovel":2},"minecraft:custom":{"minecraft:interact_with_crafting_table":153,"minecraft:open_barrel":21,"minecraft:leave_game":5,"minecraft:time_since_death":75321,"minecraft:sprint_one_cm":725798,"minecraft:drop":297,"minecraft:talked_to_villager":2,"minecraft:play_time":556813,"minecraft:deaths":16,"minecraft:jump":7560,"minecraft:walk_on_water_one_cm":44146,"minecraft:interact_with_furnace":133,"minecraft:sleep_in_bed":1,"minecraft:damage_dealt":29871,"minecraft:player_kills":1,"minecraft:crouch_one_cm":59089,"tombstone:undead_killed":78,"tombstone:villager_killed":1,"minecraft:interact_with_smoker":58,"minecraft:interact_with_smithing_table":7,"minecraft:mob_kills":171,"minecraft:damage_dealt_resisted":2429,"minecraft:climb_one_cm":516,"minecraft:walk_one_cm":1834918,"minecraft:sneak_time":17427,"minecraft:walk_under_water_one_cm":46365,"minecraft:interact_with_blast_furnace":2,"minecraft:total_world_time":556813,"minecraft:time_since_rest":75125,"minecraft:damage_absorbed":80,"minecraft:damage_taken":8443,"minecraft:swim_one_cm":33189,"minecraft:fly_one_cm":1497129,"minecraft:open_chest":306,"minecraft:fish_caught":3,"minecraft:fall_one_cm":193768},"minecraft:picked_up":{"minecraft:seagrass":7,"minecraft:wheat":254,"croptopia:clam":1,"croptopia:apricot_sapling":1,"minecraft:anvil":1,"simplefarming:turnip_seeds":1,"croptopia:kale":2,"tombstone:tablet_of_home":1,"minecraft:lead":7,"minecraft:smithing_table":1,"quark:hollow_oak_log":1,"vanillaplustools:diamond_shovel":1,"minecraft:enchanted_book":1,"minecraft:string":22,"simplefarming:zucchini_seeds":5,"croptopia:cantaloupe":1,"mores:tourmaline_gem":9,"minecraft:oak_sign":4,"simplefarming:honeydew":5,"minecraft:beetroot":1,"minecraft:cobbled_deepslate":313,"croptopia:blueberry":1,"croptopia:mustard_seed":2,"croptopia:cinnamon_sapling":1,"croptopia:mango_sapling":1,"simplefarming:cherry_sapling":1,"quark:blossom_fence_gate":4,"minecraft:furnace":2,"simplefarming:plum_sapling":1,"minecraft:stick":123,"croptopia:plum_sapling":1,"croptopia:lemon_sapling":1,"croptopia:peach_sapling":1,"autumnity:maple_planks":2,"ecologics:walnut_log":13,"minecraft:torch":20,"travelersbackpack:iron_tier_upgrade":1,"minecraft:spruce_stairs":23,"travelersbackpack:diamond_tier_upgrade":1,"quark:blossom_log":67,"tombstone:grave_dust":2,"mores:topaz_gem":10,"minecraft:diorite":16,"travelersbackpack:crafting_upgrade":1,"croptopia:avocado_sapling":1,"simplefarming:scarecrow":1,"mores:raw_tin":121,"croptopia:cherry_sapling":1,"minecraft:rotten_flesh":43,"minecraft:tropical_fish":1,"simplefarming:pepper_seeds":1,"minecraft:cow_spawn_egg":2,"autumnity:turkey_egg":1,"projectvibrantjourneys:cattail":12,"croptopia:pecan_sapling":1,"minecraft:cobblestone":978,"minecraft:cod":3,"vinery:apple_log":12,"simplefarming:olive_sapling":1,"minecraft:rabbit_spawn_egg":2,"minecraft:nautilus_shell":1,"minecraft:birch_log":1,"minecraft:pink_petals":3,"ecologics:walnut":8,"croptopia:apple_sapling":1,"croptopia:almond_sapling":1,"farmersdelight:rice":1,"minecraft:water_bucket":1,"minecraft:andesite":201,"vanillaplustools:diamond_hammer":1,"minecraft:potato":320,"minecraft:flint":1,"minecraft:tuff":10,"quark:blossom_fence":44,"minecraft:horn_coral":1,"travelersbackpack:gold_tier_upgrade":1,"croptopia:blueberry_seed":4,"minecraft:lapis_lazuli":24,"minecraft:dirt":1736,"born_in_chaos_v1:marigolds":3,"minecraft:bone":17,"minecraft:wheat_seeds":787,"simplefarming:kenaf_seeds":3,"simplefarming:lettuce_seeds":1,"minecraft:cobbled_deepslate_slab":10,"croptopia:bellpepper":1,"minecraft:llama_spawn_egg":2,"croptopia:kale_seed":3,"croptopia:yam":7,"croptopia:chile_pepper_seed":2,"simplefarming:peanut_seeds":1,"simplefarming:corn_seeds":7,"iter_rpg:seashell":7,"minecraft:sheep_spawn_egg":2,"simplefarming:radish_seeds":2,"minecraft:pig_spawn_egg":2,"iter_rpg:spider_silk":2,"minecraft:poisonous_potato":2,"vinery:dark_cherry_sapling":3,"minecraft:sand":1,"autumnity:turkey_spawn_egg":2,"minecraft:stripped_spruce_log":100,"croptopia:lime_sapling":1,"mores:raw_cobalt":15,"croptopia:oat":8,"croptopia:nutmeg_sapling":1,"minecraft:barrel":3,"simplefarming:orange_sapling":1,"croptopia:chile_pepper":1,"minecraft:bundle":3,"farm_and_charm:tomato":52,"minecraft:deepslate":128,"simplefarming:corn":5,"minecraft:granite":69,"minecraft:horse_spawn_egg":2,"born_in_chaos_v1:rotten_fish":3,"minecraft:oak_sapling":5,"mores:raw_silver":23,"simplefarming:cassava_seeds":6,"minecraft:bricks":8,"minecraft:oak_leaves":18,"croptopia:grapefruit_sapling":1,"minecraft:crafting_table":4,"croptopia:walnut_sapling":1,"simplefarming:pea_seeds":4,"travelersbackpack:hay":1,"croptopia:nectarine_sapling":1,"croptopia:peach":3,"born_in_chaos_v1:river_mint":11,"minecraft:clay_ball":216,"simplefarming:yam":184,"treasure2:diamond_lock":4,"croptopia:sweetpotato_seed":1,"iter_rpg:pearl":2,"minecraft:wooden_pickaxe":1,"croptopia:orange_sapling":1,"minecraft:chain":2,"minecraft:fire_coral":1,"croptopia:persimmon_sapling":1,"projectvibrantjourneys:reeds":28,"croptopia:bellpepper_seed":2,"ecologics:walnut_sapling":6,"croptopia:fig_sapling":1,"minecraft:poppy":1,"minecraft:spruce_slab":9,"quark:yellow_blossom_sapling":11,"minecraft:sugar_cane":12,"minecraft:birch_sapling":1,"simplefarming:barley_seeds":6,"minecraft:spruce_trapdoor":4,"minecraft:raw_iron":22,"naturalist:duck":1,"simplefarming:cantaloupe_seeds":1,"ecologics:stripped_walnut_log":4,"projectvibrantjourneys:bark_mushroom":5,"travelersbackpack:netherite_tier_upgrade":1,"simplefarming:yam_seeds":173,"minecraft:spruce_fence":2,"simplefarming:onion_seeds":2,"minecraft:carrot":1,"minecraft:prismarine_crystals":3,"croptopia:yam_seed":24,"simplefarming:eggplant_seeds":1,"minecraft:chicken_spawn_egg":2,"simplefarming:cassava":4,"minecraft:arrow":11,"croptopia:cantaloupe_seed":2,"croptopia:banana_sapling":1,"simplefarming:ginger_seeds":2,"minecraft:brick_stairs":2,"minecraft:mutton":1,"minecraft:white_wool":13,"minecraft:stripped_oak_log":4,"simplefarming:apricot_sapling":1,"born_in_chaos_v1:corpse_maggot":29,"minecraft:glow_ink_sac":1,"minecraft:salmon":2,"minecraft:leather":6,"simplefarming:mango_sapling":1,"croptopia:pear_sapling":1,"minecraft:granite_stairs":1,"simplefarming:rye_seeds":1,"simplefarming:banana_sapling":1,"minecraft:oak_log":62,"minecraft:lily_pad":1,"minecraft:cobbled_deepslate_stairs":129,"minecraft:gunpowder":4,"simplefarming:broccoli_seeds":1,"croptopia:kumquat_sapling":1,"simplefarming:grape_seeds":7,"minecraft:apple":10,"travelersbackpack:cow":1,"minecraft:kelp":8,"croptopia:cashew_sapling":1,"simplefarming:honeydew_seeds":4,"minecraft:cobweb":2,"simplefarming:pear_sapling":1,"croptopia:date_sapling":1,"minecraft:book":2,"projectvibrantjourneys:light_brown_bark_mushroom":2,"simplefarming:apple_sapling":1,"fastfooddelight:chicken_wrap":1,"minecraft:gravel":14,"croptopia:dragonfruit_sapling":1,"naturalist:duck_spawn_egg":2,"minecraft:spruce_sapling":145,"minecraft:spruce_log":491,"croptopia:starfruit_sapling":1,"argentinas_delight:mateyerbaseca":1,"minecraft:spider_eye":9,"minecraft:brick_slab":1,"quark:cobblestone_bricks":1,"croptopia:oat_seed":8,"treasure2:diamond_key":1,"minecraft:slime_ball":3,"simplefarming:sweet_potato_seeds":1,"minecraft:donkey_spawn_egg":2,"croptopia:orange":31,"minecraft:scute":1,"vanillaplustools:stone_hammer":1,"croptopia:coconut_sapling":1,"tombstone:magic_scroll":3,"projectvibrantjourneys:orange_bark_mushroom":12,"minecraft:coal":127,"minecraft:goat_spawn_egg":2},"minecraft:used":{"minecraft:beetroot":1,"minecraft:spruce_slab":143,"minecraft:oak_sign":6,"mores:tin_pickaxe":11,"minecraft:stone":113,"simplefarming:honeydew":5,"minecraft:brick_slab":5,"simplefarming:yam_seeds":21,"minecraft:stripped_spruce_log":78,"born_in_chaos_v1:corpse_maggot":18,"minecraft:bricks":29,"spartanweaponry:stone_katana":103,"minecraft:lantern":4,"vinery:straw_hat":1,"simplefarming:honeydew_seeds":2,"spartanweaponry:tin_battle_hammer":141,"croptopia:peach":3,"minecraft:oak_sapling":5,"minecraft:furnace":4,"minecraft:cooked_cod":2,"minecraft:potato":42,"simplefarming:grape_seeds":5,"projectvibrantjourneys:rocks":1,"spartanweaponry:tin_katana":177,"minecraft:diorite":16,"treasure2:diamond_key":5,"minecraft:brick_wall":2,"minecraft:stone_pickaxe":171,"minecraft:wooden_pickaxe":23,"minecraft:sugar_cane":4,"minecraft:oak_leaves":2,"mores:tin_boots":1,"vanillaplustools:diamond_hammer":142,"mores:tin_leggings":1,"quark:blossom_fence_gate":4,"minecraft:shears":19,"minecraft:cobbled_deepslate_stairs":56,"croptopia:orange":30,"mores:topaz_chestplate":1,"quark:hollow_oak_log":1,"simplefarming:corn_seeds":3,"tombstone:grave_key":16,"born_in_chaos_v1:marigolds":2,"quark:blossom_fence":44,"born_in_chaos_v1:rotten_fish":1,"minecraft:grindstone":1,"minecraft:smithing_table":1,"minecraft:andesite":32,"minecraft:chain":1,"minecraft:oak_fence":3,"minecraft:cobweb":2,"croptopia:cantaloupe":1,"vinery:apple_log":9,"minecraft:bone_meal":41,"vanillaplustools:diamond_shovel":245,"autumnity:turkey_egg":1,"minecraft:granite_stairs":5,"ecologics:walnut_log":8,"mores:tin_axe":535,"simplefarming:cassava_seeds":1,"woodworks:oak_chest":4,"minecraft:spruce_planks":35,"vanillaplustools:stone_hammer":121,"minecraft:cooked_salmon":1,"minecraft:stone_hoe":131,"woodworks:spruce_chest":2,"argentinas_delight:mateyerbaseca":1,"minecraft:torch":63,"minecraft:anvil":1,"minecraft:dirt":338,"quark:yellow_blossom_sapling":11,"croptopia:blueberry":1,"croptopia:chile_pepper":1,"minecraft:spruce_stairs":96,"minecraft:cobblestone_wall":4,"minecraft:stone_stairs":2,"minecraft:granite":20,"minecraft:spruce_fence":40,"mores:silver_apple":1,"croptopia:oat_seed":2,"minecraft:wooden_axe":56,"minecraft:brick_stairs":6,"minecraft:spruce_button":4,"spartanweaponry:silver_katana":49,"croptopia:yam_seed":13,"minecraft:barrel":13,"ecologics:walnut":5,"tombstone:gift":5,"farm_and_charm:tomato":43,"minecraft:cobbled_deepslate":17,"quark:blossom_log":10,"mores:silver_axe":253,"minecraft:cobbled_deepslate_wall":3,"minecraft:wheat_seeds":78,"minecraft:cooked_mutton":1,"minecraft:water_bucket":10,"mores:tourmaline_boots":1,"minecraft:cobblestone_stairs":2,"quark:cobblestone_bricks":13,"minecraft:baked_potato":4,"minecraft:spruce_sign":3,"ecologics:walnut_sapling":5,"minecraft:glow_ink_sac":1,"minecraft:spruce_fence_gate":10,"minecraft:crafting_table":7,"vanillaplustools:stone_shovel":273,"minecraft:spruce_log":102,"minecraft:smoker":1,"croptopia:kale":2,"simplefarming:baked_yam":42,"simplefarming:cassava":1,"minecraft:oak_log":2,"croptopia:yam":6,"minecraft:apple":8,"mores:tin_shovel":102,"mores:cobalt_pickaxe":93,"tombstone:magic_scroll":1,"minecraft:spruce_trapdoor":61,"farm_and_charm:tomato_seeds":3,"minecraft:spruce_sapling":93,"minecraft:stone_axe":115,"minecraft:pink_petals":3,"minecraft:fishing_rod":5,"minecraft:cobblestone":105,"minecraft:cobbled_deepslate_slab":33,"projectvibrantjourneys:reeds":5,"mores:tin_chestplate":1,"minecraft:bucket":10,"fastfooddelight:chicken_wrap":1},"minecraft:dropped":{"treasure2:diamond_key":1,"minecraft:baked_potato":24,"simplefarming:sweet_potato_seeds":1,"simplefarming:radish_seeds":1,"ecologics:walnut_sapling":1,"minecraft:scute":1,"iter_rpg:pearl":2,"croptopia:chile_pepper_seed":1,"simplefarming:yam_seeds":1,"projectvibrantjourneys:orange_bark_mushroom":12,"minecraft:cod":1,"minecraft:flint":1,"simplefarming:pea_seeds":2,"quark:blossom_fence":13,"minecraft:dirt":1300,"simplefarming:rye_seeds":1,"minecraft:seagrass":7,"minecraft:horn_coral":1,"minecraft:sand":1,"croptopia:mustard_seed":1,"minecraft:birch_log":1,"simplefarming:lettuce_seeds":1,"projectvibrantjourneys:bark_mushroom":5,"projectvibrantjourneys:reeds":23,"minecraft:bone":12,"minecraft:gravel":14,"treasure2:diamond_lock":1,"simplefarming:cantaloupe_seeds":1,"minecraft:cobbled_deepslate":8,"minecraft:birch_sapling":1,"croptopia:oat_seed":1,"minecraft:rotten_flesh":43,"simplefarming:cassava_seeds":1,"simplefarming:pepper_seeds":1,"simplefarming:baked_yam":40,"simplefarming:ginger_seeds":1,"croptopia:blueberry_seed":4,"mores:tin_pickaxe":1,"projectvibrantjourneys:light_brown_bark_mushroom":2,"simplefarming:honeydew_seeds":1,"born_in_chaos_v1:corpse_maggot":11,"vanillaplustools:stone_hammer":2,"iter_rpg:seashell":7,"minecraft:arrow":11,"simplefarming:barley_seeds":4,"projectvibrantjourneys:cattail":12,"born_in_chaos_v1:marigolds":1,"spartanweaponry:stone_katana":1,"minecraft:enchanted_book":4,"minecraft:water_bucket":1,"minecraft:iron_ingot":6,"minecraft:oak_slab":9,"minecraft:wheat_seeds":247,"tombstone:tablet_of_home":1,"quark:blossom_planks":40,"minecraft:poisonous_potato":2,"minecraft:cobblestone":432,"simplefarming:turnip_seeds":1,"croptopia:orange":1,"minecraft:prismarine_crystals":3,"minecraft:book":2,"croptopia:clam":1,"minecraft:apple":1,"minecraft:tropical_fish":1,"minecraft:spruce_stairs":4,"simplefarming:peanut_seeds":1,"minecraft:stick":1,"simplefarming:corn_seeds":2,"simplefarming:zucchini_seeds":3,"simplefarming:broccoli_seeds":1,"croptopia:kale_seed":3,"born_in_chaos_v1:river_mint":11,"quark:cobblestone_bricks":8,"minecraft:torch":7,"tombstone:grave_dust":3,"minecraft:string":5,"croptopia:yam_seed":22,"minecraft:polished_deepslate":8,"croptopia:yam":1,"simplefarming:onion_seeds":1,"minecraft:kelp":8,"minecraft:oak_trapdoor":16,"minecraft:deepslate":128,"minecraft:tuff":10,"born_in_chaos_v1:rotten_fish":2,"minecraft:stone_slab":5,"simplefarming:corn":2,"minecraft:cobbled_deepslate_slab":3,"minecraft:oak_sign":1,"simplefarming:kenaf_seeds":2,"simplefarming:fish_and_chips":1,"ecologics:walnut":3,"autumnity:maple_planks":2,"minecraft:bundle":1,"minecraft:andesite":170,"minecraft:fire_coral":1,"minecraft:spider_eye":9,"minecraft:spruce_log":65,"minecraft:stone_pickaxe":1,"minecraft:wooden_pickaxe":2,"minecraft:nautilus_shell":1,"farm_and_charm:tomato":1,"naturalist:duck":1},"minecraft:mined":{"minecraft:cobbled_deepslate_stairs":1,"croptopia:mustard_crop":1,"minecraft:spruce_trapdoor":4,"minecraft:granite":69,"minecraft:grass_block":1229,"vinery:apple_log":12,"mores:deepslate_tourmaline_ore":9,"projectvibrantjourneys:reeds":28,"minecraft:iron_ore":12,"minecraft:barrel":3,"minecraft:fire":2,"minecraft:cobbled_deepslate":17,"quark:blossom_fence_gate":4,"minecraft:anvil":1,"simplefarming:honeydew":1,"minecraft:oak_sign":4,"minecraft:dirt_path":6,"simplefarming:honeydew_stem":2,"ecologics:walnut_log":13,"minecraft:granite_stairs":1,"simplefarming:corn_top":1,"projectvibrantjourneys:cattail":8,"minecraft:spruce_slab":8,"minecraft:clay":54,"minecraft:torch":12,"quark:cobblestone_bricks":1,"croptopia:oat_crop":1,"projectvibrantjourneys:twigs":14,"minecraft:poppy":1,"quark:blossom_log":68,"projectvibrantjourneys:natural_cobweb":1,"minecraft:cobblestone":31,"minecraft:bricks":9,"projectvibrantjourneys:fallen_leaves":17,"minecraft:wall_torch":3,"minecraft:pink_petals":2,"minecraft:seagrass":1,"quark:blossom_fence":44,"minecraft:wheat":14,"projectvibrantjourneys:bones":2,"born_in_chaos_v1:river_mint":11,"croptopia:chile_pepper_crop":1,"minecraft:grass":458,"minecraft:oak_log":61,"projectvibrantjourneys:short_grass":242,"simplefarming:corn":1,"minecraft:dirt":1787,"minecraft:sand":1,"mores:silver_ore":23,"quark:hollow_oak_log":1,"mores:deepslate_topaz_ore":10,"minecraft:oak_leaves":18,"minecraft:deepslate":303,"minecraft:tuff":11,"croptopia:kale_crop":2,"projectvibrantjourneys:rocks":8,"born_in_chaos_v1:infected_diamond_ore":1,"minecraft:cobbled_deepslate_slab":16,"minecraft:spruce_fence":2,"born_in_chaos_v1:black_argillite":1,"minecraft:brick_stairs":2,"argentinas_delight:mateyerbaseca":1,"minecraft:spruce_leaves":2,"minecraft:spruce_sapling":10,"minecraft:furnace":2,"projectvibrantjourneys:orange_bark_mushroom":1,"minecraft:andesite":79,"minecraft:stripped_spruce_log":100,"mores:deepslate_cobalt_ore":4,"minecraft:deepslate_iron_ore":5,"minecraft:stripped_oak_log":4,"minecraft:stone":1438,"minecraft:podzol":1,"minecraft:smithing_table":1,"mores:cobalt_ore":11,"born_in_chaos_v1:marigolds":3,"croptopia:sweetpotato_crop":1,"minecraft:crafting_table":4,"autumnity:maple_planks":2,"autumnity:orange_maple_leaves":4,"ecologics:walnut_leaves":2,"minecraft:sculk_sensor":1,"projectvibrantjourneys:mossy_rocks":2,"minecraft:tall_grass":23,"born_in_chaos_v1:chipped_black_argillite_brick":1,"minecraft:lapis_ore":4,"minecraft:lily_pad":1,"minecraft:diorite":16,"mores:tin_ore":29,"ecologics:stripped_walnut_log":4,"minecraft:spruce_stairs":19,"minecraft:brick_slab":1,"mores:deepslate_tin_ore":3,"minecraft:spruce_log":435,"croptopia:yam_crop":13,"simplefarming:grape_trunk_top":3,"minecraft:coal_ore":35,"minecraft:gravel":12,"minecraft:cobweb":2,"farm_and_charm:wild_tomatoes":5},"minecraft:crafted":{"minecraft:brick":216,"minecraft:grindstone":1,"minecraft:oak_planks":241,"minecraft:barrel":10,"minecraft:oak_sign":3,"ecologics:walnut_planks":8,"minecraft:brick_wall":6,"minecraft:stone":163,"minecraft:cobblestone_stairs":4,"minecraft:cooked_mutton":1,"mores:tin_ingot":109,"vanillaplustools:stone_shovel":2,"minecraft:bricks":54,"minecraft:stone_hoe":1,"mores:tin_shovel":1,"minecraft:oak_fence":3,"minecraft:granite_stairs":4,"minecraft:smoker":1,"mores:silver_ingot":23,"minecraft:oak_slab":90,"quark:blossom_planks":144,"mores:tin_chestplate":2,"minecraft:crafting_table":3,"mores:tourmaline_boots":1,"minecraft:spruce_planks":1020,"mores:cobalt_pickaxe":1,"minecraft:wooden_pickaxe":1,"minecraft:baked_potato":100,"mores:tin_helmet":1,"croptopia:yam_seed":11,"minecraft:red_wool":1,"minecraft:cobbled_deepslate_wall":12,"simplefarming:baked_yam":173,"minecraft:spruce_trapdoor":156,"minecraft:stone_slab":6,"minecraft:stick":196,"minecraft:iron_ingot":22,"spartanweaponry:stone_katana":1,"minecraft:composter":9,"minecraft:spruce_fence_gate":23,"minecraft:shears":1,"farm_and_charm:tomato_seeds":3,"mores:tourmaline_helmet":1,"travelersbackpack:hay":4,"minecraft:cobbled_deepslate_slab":36,"mores:silver_apple":1,"minecraft:stone_shovel":18,"mores:tin_pickaxe":1,"minecraft:fishing_rod":1,"vanillaplustools:stone_hammer":1,"minecraft:iron_nugget":36,"minecraft:spruce_button":4,"minecraft:brick_stairs":4,"minecraft:furnace":3,"minecraft:bone_meal":18,"minecraft:spruce_fence":78,"woodworks:spruce_chest":2,"mores:topaz_chestplate":1,"minecraft:oak_trapdoor":16,"minecraft:stone_stairs":4,"minecraft:lantern":4,"minecraft:spruce_stairs":144,"minecraft:polished_deepslate":8,"quark:blossom_fence":57,"minecraft:spruce_slab":156,"quark:cobblestone_bricks":20,"minecraft:stone_pickaxe":11,"minecraft:cobblestone_wall":36,"minecraft:cobbled_deepslate_stairs":36,"mores:tin_axe":5,"minecraft:brick_slab":6,"minecraft:lead":2,"spartanweaponry:tin_katana":1,"minecraft:red_dye":1,"minecraft:cooked_cod":2,"quark:blossom_fence_gate":4,"minecraft:spruce_sign":3,"mores:cobalt_ingot":15,"spartanweaponry:handle":6,"minecraft:cooked_salmon":2,"minecraft:stone_axe":1,"mores:tin_leggings":2,"mores:silver_axe":1,"minecraft:air":0,"woodworks:oak_chest":4,"spartanweaponry:tin_battle_hammer":1,"spartanweaponry:silver_katana":1,"simplefarming:fish_and_chips":1,"vinery:straw_hat":1,"mores:tin_boots":2,"minecraft:wooden_axe":1,"minecraft:torch":60},"minecraft:killed":{"born_in_chaos_v1:zombie_lumberjack":2,"minecraft:spider":13,"minecraft:skeleton":12,"minecraft:zombie_villager":1,"iter_rpg:spiderling":14,"minecraft:creeper":6,"minecraft:trader_llama":2,"born_in_chaos_v1:zombie_fisherman":3,"minecraft:zombie":35,"born_in_chaos_v1:dread_hound":1,"born_in_chaos_v1:corpse_fly":6,"iter_rpg:bloated":2,"born_in_chaos_v1:door_knight":2,"naturalist:duck":1,"born_in_chaos_v1:maggot":24,"born_in_chaos_v1:corpse_fish":2,"born_in_chaos_v1:barrel_zombie":11,"born_in_chaos_v1:spiritof_chaos":1,"born_in_chaos_v1:baby_skeleton":1,"born_in_chaos_v1:swarmer":1,"minecraft:wandering_trader":1,"born_in_chaos_v1:decrepit_skeleton":6,"born_in_chaos_v1:bloody_gadfly":4,"born_in_chaos_v1:decaying_zombie":2,"iter_rpg:giant_spider":3,"iter_rpg:scallop":8,"minecraft:enderman":1}},"DataVersion":3465}