{"stats":{"minecraft:picked_up":{"minecraft:seagrass":2,"minecraft:wheat":192,"croptopia:clam":1,"simplefarming:turnip_seeds":1,"croptopia:kale":2,"tombstone:tablet_of_home":1,"minecraft:lead":4,"quark:hollow_oak_log":1,"minecraft:enchanted_book":1,"minecraft:string":17,"simplefarming:zucchini_seeds":3,"croptopia:cantaloupe":1,"minecraft:oak_sign":4,"simplefarming:honeydew":5,"minecraft:beetroot":1,"minecraft:cobbled_deepslate":72,"croptopia:mustard_seed":2,"croptopia:blueberry":1,"minecraft:furnace":2,"quark:blossom_fence_gate":4,"minecraft:stick":123,"autumnity:maple_planks":2,"ecologics:walnut_log":13,"minecraft:torch":5,"quark:blossom_log":67,"tombstone:grave_dust":2,"minecraft:diorite":16,"mores:raw_tin":121,"minecraft:rotten_flesh":39,"autumnity:turkey_egg":1,"projectvibrantjourneys:cattail":12,"vinery:apple_log":12,"minecraft:cod":2,"minecraft:cobblestone":691,"minecraft:pink_petals":3,"ecologics:walnut":8,"minecraft:water_bucket":1,"minecraft:andesite":165,"minecraft:potato":201,"minecraft:flint":1,"quark:blossom_fence":44,"minecraft:lapis_lazuli":24,"croptopia:blueberry_seed":4,"minecraft:dirt":1325,"born_in_chaos_v1:marigolds":3,"minecraft:bone":17,"minecraft:wheat_seeds":623,"simplefarming:kenaf_seeds":3,"simplefarming:lettuce_seeds":1,"croptopia:bellpepper":1,"croptopia:kale_seed":3,"croptopia:yam":7,"croptopia:chile_pepper_seed":2,"simplefarming:peanut_seeds":1,"simplefarming:corn_seeds":4,"iter_rpg:seashell":4,"simplefarming:radish_seeds":2,"iter_rpg:spider_silk":2,"minecraft:poisonous_potato":2,"minecraft:sand":1,"minecraft:stripped_spruce_log":100,"mores:raw_cobalt":6,"croptopia:oat":6,"minecraft:barrel":3,"croptopia:chile_pepper":1,"minecraft:bundle":3,"farm_and_charm:tomato":45,"simplefarming:corn":2,"minecraft:granite":67,"minecraft:bricks":5,"minecraft:oak_sapling":5,"born_in_chaos_v1:rotten_fish":3,"mores:raw_silver":23,"simplefarming:cassava_seeds":6,"minecraft:oak_leaves":18,"simplefarming:pea_seeds":4,"minecraft:crafting_table":4,"minecraft:clay_ball":216,"born_in_chaos_v1:river_mint":11,"croptopia:peach":3,"simplefarming:yam":125,"treasure2:diamond_lock":4,"croptopia:sweetpotato_seed":1,"iter_rpg:pearl":1,"minecraft:wooden_pickaxe":1,"minecraft:chain":2,"minecraft:fire_coral":1,"projectvibrantjourneys:reeds":28,"croptopia:bellpepper_seed":2,"ecologics:walnut_sapling":6,"minecraft:poppy":1,"quark:yellow_blossom_sapling":11,"minecraft:sugar_cane":12,"simplefarming:barley_seeds":6,"minecraft:spruce_trapdoor":3,"minecraft:raw_iron":13,"naturalist:duck":1,"simplefarming:cantaloupe_seeds":1,"ecologics:stripped_walnut_log":4,"projectvibrantjourneys:bark_mushroom":5,"simplefarming:yam_seeds":118,"simplefarming:onion_seeds":2,"minecraft:prismarine_crystals":3,"croptopia:yam_seed":24,"simplefarming:eggplant_seeds":1,"simplefarming:cassava":4,"minecraft:arrow":11,"croptopia:cantaloupe_seed":2,"simplefarming:ginger_seeds":2,"minecraft:brick_stairs":2,"minecraft:mutton":1,"minecraft:white_wool":13,"minecraft:stripped_oak_log":4,"born_in_chaos_v1:corpse_maggot":29,"minecraft:glow_ink_sac":1,"minecraft:salmon":2,"minecraft:leather":3,"minecraft:granite_stairs":1,"simplefarming:rye_seeds":1,"minecraft:oak_log":62,"minecraft:lily_pad":1,"minecraft:gunpowder":4,"simplefarming:broccoli_seeds":1,"simplefarming:grape_seeds":7,"minecraft:apple":10,"minecraft:kelp":8,"simplefarming:honeydew_seeds":4,"minecraft:cobweb":2,"projectvibrantjourneys:light_brown_bark_mushroom":2,"fastfooddelight:chicken_wrap":1,"minecraft:gravel":10,"minecraft:spruce_sapling":145,"minecraft:spruce_log":427,"argentinas_delight:mateyerbaseca":1,"minecraft:spider_eye":7,"minecraft:brick_slab":1,"croptopia:oat_seed":5,"treasure2:diamond_key":1,"minecraft:slime_ball":3,"simplefarming:sweet_potato_seeds":1,"croptopia:orange":31,"projectvibrantjourneys:orange_bark_mushroom":12,"tombstone:magic_scroll":2,"minecraft:coal":127},"minecraft:mined":{"croptopia:mustard_crop":1,"minecraft:spruce_trapdoor":3,"minecraft:granite":67,"minecraft:grass_block":602,"vinery:apple_log":12,"projectvibrantjourneys:reeds":28,"minecraft:barrel":3,"minecraft:iron_ore":8,"minecraft:fire":2,"quark:blossom_fence_gate":4,"simplefarming:honeydew":1,"minecraft:oak_sign":4,"simplefarming:honeydew_stem":2,"ecologics:walnut_log":13,"minecraft:granite_stairs":1,"projectvibrantjourneys:cattail":8,"minecraft:clay":54,"minecraft:torch":3,"croptopia:oat_crop":1,"projectvibrantjourneys:twigs":14,"minecraft:poppy":1,"quark:blossom_log":68,"projectvibrantjourneys:natural_cobweb":1,"minecraft:cobblestone":22,"projectvibrantjourneys:fallen_leaves":16,"minecraft:bricks":5,"minecraft:wall_torch":2,"minecraft:pink_petals":2,"minecraft:seagrass":1,"quark:blossom_fence":44,"minecraft:wheat":14,"projectvibrantjourneys:bones":2,"born_in_chaos_v1:river_mint":11,"croptopia:chile_pepper_crop":1,"minecraft:grass":448,"minecraft:oak_log":61,"projectvibrantjourneys:short_grass":236,"simplefarming:corn":1,"minecraft:sand":1,"minecraft:dirt":1022,"mores:silver_ore":23,"quark:hollow_oak_log":1,"minecraft:oak_leaves":18,"minecraft:deepslate":73,"croptopia:kale_crop":2,"projectvibrantjourneys:rocks":8,"born_in_chaos_v1:black_argillite":1,"minecraft:brick_stairs":2,"argentinas_delight:mateyerbaseca":1,"minecraft:spruce_leaves":2,"minecraft:spruce_sapling":10,"minecraft:furnace":2,"projectvibrantjourneys:orange_bark_mushroom":1,"minecraft:andesite":79,"minecraft:stripped_spruce_log":100,"minecraft:stripped_oak_log":4,"minecraft:stone":685,"minecraft:podzol":1,"mores:cobalt_ore":6,"born_in_chaos_v1:marigolds":3,"croptopia:sweetpotato_crop":1,"autumnity:maple_planks":2,"minecraft:crafting_table":4,"autumnity:orange_maple_leaves":4,"ecologics:walnut_leaves":2,"projectvibrantjourneys:mossy_rocks":2,"minecraft:tall_grass":21,"born_in_chaos_v1:chipped_black_argillite_brick":1,"minecraft:lapis_ore":4,"minecraft:lily_pad":1,"minecraft:diorite":16,"mores:tin_ore":29,"ecologics:stripped_walnut_log":4,"minecraft:brick_slab":1,"mores:deepslate_tin_ore":3,"minecraft:spruce_log":435,"croptopia:yam_crop":13,"simplefarming:grape_trunk_top":3,"minecraft:coal_ore":35,"minecraft:gravel":12,"minecraft:cobweb":2,"farm_and_charm:wild_tomatoes":5},"minecraft:broken":{"mores:tin_leggings":1,"vinery:straw_hat":1,"spartanweaponry:tin_katana":1,"minecraft:stone_pickaxe":1,"minecraft:stone_axe":1,"mores:tin_axe":5,"mores:tin_boots":1,"minecraft:wooden_axe":1,"mores:silver_axe":1,"mores:tin_chestplate":1,"minecraft:stone_hoe":1,"vanillaplustools:stone_shovel":2},"minecraft:dropped":{"treasure2:diamond_key":1,"minecraft:baked_potato":24,"simplefarming:sweet_potato_seeds":1,"simplefarming:radish_seeds":1,"ecologics:walnut_sapling":1,"iter_rpg:pearl":1,"croptopia:chile_pepper_seed":1,"simplefarming:yam_seeds":1,"projectvibrantjourneys:orange_bark_mushroom":12,"quark:blossom_fence":13,"simplefarming:pea_seeds":2,"minecraft:dirt":956,"simplefarming:rye_seeds":1,"minecraft:seagrass":2,"minecraft:sand":1,"croptopia:mustard_seed":1,"simplefarming:lettuce_seeds":1,"projectvibrantjourneys:reeds":23,"projectvibrantjourneys:bark_mushroom":5,"minecraft:bone":12,"minecraft:gravel":10,"treasure2:diamond_lock":1,"simplefarming:cantaloupe_seeds":1,"croptopia:oat_seed":1,"minecraft:rotten_flesh":39,"simplefarming:cassava_seeds":1,"simplefarming:baked_yam":4,"simplefarming:ginger_seeds":1,"croptopia:blueberry_seed":4,"projectvibrantjourneys:light_brown_bark_mushroom":2,"simplefarming:honeydew_seeds":1,"born_in_chaos_v1:corpse_maggot":11,"iter_rpg:seashell":4,"minecraft:arrow":11,"simplefarming:barley_seeds":4,"projectvibrantjourneys:cattail":12,"born_in_chaos_v1:marigolds":1,"spartanweaponry:stone_katana":1,"minecraft:water_bucket":1,"minecraft:enchanted_book":4,"minecraft:iron_ingot":6,"minecraft:oak_slab":9,"minecraft:wheat_seeds":117,"tombstone:tablet_of_home":1,"quark:blossom_planks":40,"minecraft:poisonous_potato":2,"minecraft:cobblestone":128,"simplefarming:turnip_seeds":1,"croptopia:orange":1,"minecraft:prismarine_crystals":3,"croptopia:clam":1,"minecraft:apple":1,"simplefarming:peanut_seeds":1,"minecraft:stick":1,"simplefarming:zucchini_seeds":1,"simplefarming:broccoli_seeds":1,"croptopia:kale_seed":3,"born_in_chaos_v1:river_mint":11,"tombstone:grave_dust":3,"croptopia:yam_seed":22,"croptopia:yam":1,"simplefarming:onion_seeds":1,"minecraft:kelp":8,"minecraft:oak_trapdoor":16,"born_in_chaos_v1:rotten_fish":2,"simplefarming:corn":2,"minecraft:oak_sign":1,"simplefarming:kenaf_seeds":2,"simplefarming:fish_and_chips":1,"ecologics:walnut":3,"autumnity:maple_planks":2,"minecraft:bundle":1,"minecraft:andesite":98,"minecraft:fire_coral":1,"minecraft:spider_eye":7,"minecraft:spruce_log":1,"minecraft:wooden_pickaxe":2,"farm_and_charm:tomato":1,"naturalist:duck":1},"minecraft:crafted":{"minecraft:brick":216,"minecraft:oak_planks":241,"minecraft:barrel":10,"minecraft:oak_sign":3,"ecologics:walnut_planks":8,"minecraft:cobblestone_stairs":4,"minecraft:stone":160,"minecraft:cooked_mutton":1,"mores:tin_ingot":109,"vanillaplustools:stone_shovel":2,"minecraft:bricks":54,"minecraft:stone_hoe":1,"mores:tin_shovel":1,"minecraft:oak_fence":3,"minecraft:granite_stairs":4,"minecraft:smoker":1,"mores:silver_ingot":17,"minecraft:oak_slab":90,"quark:blossom_planks":144,"mores:tin_chestplate":2,"minecraft:crafting_table":3,"minecraft:spruce_planks":948,"minecraft:wooden_pickaxe":1,"minecraft:baked_potato":48,"mores:tin_helmet":1,"croptopia:yam_seed":11,"minecraft:red_wool":1,"simplefarming:baked_yam":58,"minecraft:spruce_trapdoor":156,"minecraft:stick":196,"minecraft:iron_ingot":6,"spartanweaponry:stone_katana":1,"minecraft:composter":9,"minecraft:spruce_fence_gate":23,"minecraft:shears":1,"farm_and_charm:tomato_seeds":3,"mores:silver_apple":1,"mores:tin_pickaxe":1,"minecraft:stone_shovel":18,"minecraft:fishing_rod":1,"vanillaplustools:stone_hammer":1,"minecraft:brick_stairs":4,"minecraft:furnace":3,"minecraft:bone_meal":18,"minecraft:spruce_fence":78,"woodworks:spruce_chest":2,"minecraft:oak_trapdoor":16,"minecraft:stone_stairs":4,"minecraft:spruce_stairs":140,"quark:blossom_fence":57,"minecraft:spruce_slab":12,"minecraft:stone_pickaxe":11,"mores:tin_axe":5,"minecraft:brick_slab":6,"minecraft:lead":2,"spartanweaponry:tin_katana":1,"minecraft:red_dye":1,"minecraft:cooked_cod":2,"quark:blossom_fence_gate":4,"spartanweaponry:handle":6,"minecraft:cooked_salmon":2,"minecraft:stone_axe":1,"mores:tin_leggings":2,"mores:silver_axe":1,"minecraft:air":0,"woodworks:oak_chest":4,"spartanweaponry:tin_battle_hammer":1,"simplefarming:fish_and_chips":1,"vinery:straw_hat":1,"mores:tin_boots":2,"minecraft:wooden_axe":1,"minecraft:torch":60},"minecraft:custom":{"minecraft:open_barrel":4,"minecraft:interact_with_crafting_table":127,"minecraft:leave_game":2,"minecraft:time_since_death":53049,"minecraft:sprint_one_cm":523037,"minecraft:drop":224,"minecraft:play_time":379582,"minecraft:deaths":10,"minecraft:jump":5512,"minecraft:walk_on_water_one_cm":43315,"minecraft:interact_with_furnace":100,"minecraft:sleep_in_bed":1,"minecraft:damage_dealt":23279,"minecraft:player_kills":1,"minecraft:crouch_one_cm":20533,"tombstone:undead_killed":62,"minecraft:interact_with_smoker":43,"minecraft:mob_kills":131,"minecraft:damage_dealt_resisted":2167,"minecraft:climb_one_cm":516,"minecraft:walk_one_cm":1349815,"minecraft:sneak_time":7198,"minecraft:walk_under_water_one_cm":45206,"minecraft:total_world_time":379582,"minecraft:time_since_rest":52809,"minecraft:damage_taken":5091,"minecraft:damage_absorbed":80,"minecraft:swim_one_cm":33189,"minecraft:fly_one_cm":1119940,"minecraft:open_chest":218,"minecraft:fish_caught":3,"minecraft:fall_one_cm":132310},"minecraft:killed":{"born_in_chaos_v1:zombie_lumberjack":1,"minecraft:spider":11,"minecraft:skeleton":12,"minecraft:zombie_villager":1,"iter_rpg:spiderling":7,"minecraft:creeper":6,"born_in_chaos_v1:zombie_fisherman":3,"minecraft:zombie":27,"born_in_chaos_v1:corpse_fly":6,"iter_rpg:bloated":1,"born_in_chaos_v1:door_knight":2,"naturalist:duck":1,"born_in_chaos_v1:maggot":20,"born_in_chaos_v1:corpse_fish":2,"born_in_chaos_v1:barrel_zombie":8,"born_in_chaos_v1:swarmer":1,"born_in_chaos_v1:decrepit_skeleton":5,"born_in_chaos_v1:bloody_gadfly":4,"born_in_chaos_v1:decaying_zombie":1,"iter_rpg:giant_spider":2,"iter_rpg:scallop":6},"minecraft:used":{"minecraft:beetroot":1,"minecraft:oak_sign":6,"mores:tin_pickaxe":11,"minecraft:stone":113,"simplefarming:honeydew":5,"minecraft:brick_slab":3,"simplefarming:yam_seeds":21,"minecraft:stripped_spruce_log":72,"born_in_chaos_v1:corpse_maggot":18,"minecraft:bricks":14,"spartanweaponry:stone_katana":103,"vinery:straw_hat":1,"spartanweaponry:tin_battle_hammer":99,"simplefarming:honeydew_seeds":2,"croptopia:peach":3,"minecraft:furnace":4,"minecraft:oak_sapling":5,"minecraft:cooked_cod":2,"minecraft:potato":40,"projectvibrantjourneys:rocks":1,"simplefarming:grape_seeds":5,"spartanweaponry:tin_katana":177,"treasure2:diamond_key":5,"minecraft:diorite":16,"minecraft:stone_pickaxe":171,"minecraft:wooden_pickaxe":23,"minecraft:sugar_cane":4,"minecraft:oak_leaves":2,"mores:tin_boots":1,"mores:tin_leggings":1,"quark:blossom_fence_gate":4,"minecraft:shears":19,"croptopia:orange":30,"quark:hollow_oak_log":1,"simplefarming:corn_seeds":2,"tombstone:grave_key":4,"born_in_chaos_v1:marigolds":2,"quark:blossom_fence":44,"born_in_chaos_v1:rotten_fish":1,"minecraft:andesite":32,"croptopia:cantaloupe":1,"minecraft:bone_meal":41,"minecraft:cobweb":2,"vinery:apple_log":9,"minecraft:oak_fence":3,"minecraft:granite_stairs":3,"autumnity:turkey_egg":1,"ecologics:walnut_log":8,"mores:tin_axe":535,"simplefarming:cassava_seeds":1,"woodworks:oak_chest":4,"vanillaplustools:stone_hammer":119,"minecraft:cooked_salmon":1,"argentinas_delight:mateyerbaseca":1,"minecraft:stone_hoe":131,"woodworks:spruce_chest":2,"minecraft:torch":52,"minecraft:dirt":187,"quark:yellow_blossom_sapling":11,"croptopia:blueberry":1,"croptopia:chile_pepper":1,"minecraft:stone_stairs":2,"minecraft:spruce_fence":10,"mores:silver_apple":1,"minecraft:granite":14,"croptopia:oat_seed":2,"minecraft:wooden_axe":56,"minecraft:brick_stairs":4,"croptopia:yam_seed":13,"minecraft:barrel":13,"ecologics:walnut":5,"tombstone:gift":5,"farm_and_charm:tomato":37,"mores:silver_axe":253,"quark:blossom_log":10,"minecraft:wheat_seeds":78,"minecraft:cooked_mutton":1,"minecraft:water_bucket":10,"minecraft:cobblestone_stairs":2,"minecraft:baked_potato":2,"ecologics:walnut_sapling":5,"minecraft:glow_ink_sac":1,"minecraft:spruce_fence_gate":3,"minecraft:crafting_table":7,"vanillaplustools:stone_shovel":273,"minecraft:spruce_log":102,"croptopia:kale":2,"minecraft:smoker":1,"simplefarming:baked_yam":10,"simplefarming:cassava":1,"minecraft:oak_log":2,"croptopia:yam":6,"minecraft:apple":8,"mores:tin_shovel":58,"tombstone:magic_scroll":1,"minecraft:spruce_trapdoor":7,"farm_and_charm:tomato_seeds":3,"minecraft:spruce_sapling":93,"minecraft:stone_axe":115,"minecraft:pink_petals":3,"minecraft:fishing_rod":5,"minecraft:cobblestone":77,"projectvibrantjourneys:reeds":5,"mores:tin_chestplate":1,"minecraft:bucket":10,"fastfooddelight:chicken_wrap":1}},"DataVersion":3465}