{"stats":{"minecraft:picked_up":{"minecraft:seagrass":2,"minecraft:wheat":131,"croptopia:clam":1,"simplefarming:turnip_seeds":1,"croptopia:kale":2,"tombstone:tablet_of_home":1,"quark:hollow_oak_log":1,"minecraft:enchanted_book":1,"minecraft:string":17,"simplefarming:zucchini_seeds":3,"croptopia:cantaloupe":1,"minecraft:oak_sign":4,"simplefarming:honeydew":5,"minecraft:beetroot":1,"croptopia:mustard_seed":2,"croptopia:blueberry":1,"minecraft:furnace":2,"quark:blossom_fence_gate":4,"minecraft:stick":88,"autumnity:maple_planks":2,"ecologics:walnut_log":13,"minecraft:torch":2,"quark:blossom_log":67,"minecraft:diorite":16,"mores:raw_tin":109,"minecraft:rotten_flesh":29,"projectvibrantjourneys:cattail":12,"vinery:apple_log":12,"minecraft:cod":2,"minecraft:cobblestone":428,"minecraft:pink_petals":3,"ecologics:walnut":8,"minecraft:andesite":48,"minecraft:potato":60,"quark:blossom_fence":44,"croptopia:blueberry_seed":4,"minecraft:dirt":1191,"born_in_chaos_v1:marigolds":3,"minecraft:bone":17,"minecraft:wheat_seeds":451,"simplefarming:kenaf_seeds":2,"croptopia:bellpepper":1,"croptopia:kale_seed":3,"croptopia:yam":7,"croptopia:chile_pepper_seed":2,"simplefarming:peanut_seeds":1,"simplefarming:corn_seeds":4,"iter_rpg:seashell":2,"simplefarming:radish_seeds":2,"iter_rpg:spider_silk":2,"minecraft:poisonous_potato":2,"minecraft:stripped_spruce_log":98,"croptopia:oat":4,"croptopia:chile_pepper":1,"minecraft:bundle":3,"farm_and_charm:tomato":32,"simplefarming:corn":2,"minecraft:granite":67,"minecraft:oak_sapling":5,"born_in_chaos_v1:rotten_fish":3,"mores:raw_silver":17,"simplefarming:cassava_seeds":3,"minecraft:oak_leaves":18,"simplefarming:pea_seeds":4,"minecraft:crafting_table":4,"minecraft:clay_ball":64,"born_in_chaos_v1:river_mint":11,"croptopia:peach":3,"simplefarming:yam":29,"treasure2:diamond_lock":4,"croptopia:sweetpotato_seed":1,"minecraft:wooden_pickaxe":1,"minecraft:fire_coral":1,"projectvibrantjourneys:reeds":28,"croptopia:bellpepper_seed":2,"ecologics:walnut_sapling":6,"minecraft:poppy":1,"quark:yellow_blossom_sapling":11,"minecraft:sugar_cane":6,"simplefarming:barley_seeds":5,"minecraft:raw_iron":6,"ecologics:stripped_walnut_log":4,"projectvibrantjourneys:bark_mushroom":4,"simplefarming:yam_seeds":36,"simplefarming:onion_seeds":2,"minecraft:prismarine_crystals":3,"croptopia:yam_seed":24,"simplefarming:eggplant_seeds":1,"simplefarming:cassava":1,"minecraft:arrow":11,"croptopia:cantaloupe_seed":2,"simplefarming:ginger_seeds":2,"minecraft:mutton":1,"minecraft:white_wool":13,"minecraft:stripped_oak_log":4,"born_in_chaos_v1:corpse_maggot":20,"minecraft:glow_ink_sac":1,"minecraft:salmon":2,"minecraft:leather":3,"minecraft:oak_log":62,"minecraft:lily_pad":1,"minecraft:gunpowder":4,"simplefarming:broccoli_seeds":1,"simplefarming:grape_seeds":5,"minecraft:apple":10,"minecraft:kelp":8,"simplefarming:honeydew_seeds":2,"minecraft:cobweb":2,"projectvibrantjourneys:light_brown_bark_mushroom":2,"fastfooddelight:chicken_wrap":1,"minecraft:spruce_sapling":59,"minecraft:spruce_log":198,"argentinas_delight:mateyerbaseca":1,"minecraft:spider_eye":7,"croptopia:oat_seed":3,"treasure2:diamond_key":1,"minecraft:slime_ball":3,"simplefarming:sweet_potato_seeds":1,"croptopia:orange":31,"projectvibrantjourneys:orange_bark_mushroom":11,"tombstone:magic_scroll":2,"minecraft:coal":83},"minecraft:mined":{"croptopia:mustard_crop":1,"minecraft:granite":67,"minecraft:grass_block":485,"vinery:apple_log":12,"projectvibrantjourneys:reeds":28,"minecraft:iron_ore":1,"minecraft:fire":2,"quark:blossom_fence_gate":4,"simplefarming:honeydew":1,"minecraft:oak_sign":4,"ecologics:walnut_log":13,"projectvibrantjourneys:cattail":8,"minecraft:clay":16,"minecraft:torch":2,"croptopia:oat_crop":1,"projectvibrantjourneys:twigs":14,"minecraft:poppy":1,"quark:blossom_log":68,"projectvibrantjourneys:natural_cobweb":1,"minecraft:cobblestone":21,"projectvibrantjourneys:fallen_leaves":14,"minecraft:pink_petals":2,"minecraft:seagrass":1,"quark:blossom_fence":44,"minecraft:wheat":14,"projectvibrantjourneys:bones":2,"born_in_chaos_v1:river_mint":11,"croptopia:chile_pepper_crop":1,"minecraft:grass":373,"minecraft:oak_log":61,"projectvibrantjourneys:short_grass":208,"simplefarming:corn":1,"minecraft:dirt":1005,"mores:silver_ore":17,"quark:hollow_oak_log":1,"minecraft:oak_leaves":18,"croptopia:kale_crop":2,"projectvibrantjourneys:rocks":8,"argentinas_delight:mateyerbaseca":1,"minecraft:spruce_leaves":1,"minecraft:spruce_sapling":2,"minecraft:furnace":2,"projectvibrantjourneys:orange_bark_mushroom":1,"minecraft:stripped_spruce_log":98,"minecraft:stripped_oak_log":4,"minecraft:stone":413,"born_in_chaos_v1:marigolds":3,"croptopia:sweetpotato_crop":1,"autumnity:maple_planks":2,"minecraft:crafting_table":4,"autumnity:orange_maple_leaves":4,"ecologics:walnut_leaves":1,"projectvibrantjourneys:mossy_rocks":2,"minecraft:tall_grass":21,"born_in_chaos_v1:chipped_black_argillite_brick":1,"minecraft:lily_pad":1,"minecraft:diorite":16,"mores:tin_ore":28,"ecologics:stripped_walnut_log":4,"minecraft:spruce_log":200,"croptopia:yam_crop":13,"simplefarming:grape_trunk_top":2,"minecraft:coal_ore":23,"minecraft:cobweb":2,"farm_and_charm:wild_tomatoes":5},"minecraft:broken":{"vinery:straw_hat":1,"spartanweaponry:tin_katana":1,"minecraft:stone_pickaxe":1,"minecraft:stone_axe":1,"mores:tin_axe":4,"mores:tin_boots":1,"minecraft:wooden_axe":1,"minecraft:stone_hoe":1,"vanillaplustools:stone_shovel":1},"minecraft:dropped":{"treasure2:diamond_key":1,"minecraft:baked_potato":1,"simplefarming:sweet_potato_seeds":1,"simplefarming:radish_seeds":1,"ecologics:walnut_sapling":1,"croptopia:chile_pepper_seed":1,"projectvibrantjourneys:orange_bark_mushroom":11,"quark:blossom_fence":13,"simplefarming:pea_seeds":2,"minecraft:dirt":720,"minecraft:seagrass":2,"croptopia:mustard_seed":1,"projectvibrantjourneys:reeds":23,"projectvibrantjourneys:bark_mushroom":4,"minecraft:bone":12,"treasure2:diamond_lock":1,"croptopia:oat_seed":1,"minecraft:rotten_flesh":29,"simplefarming:cassava_seeds":1,"simplefarming:ginger_seeds":1,"croptopia:blueberry_seed":4,"projectvibrantjourneys:light_brown_bark_mushroom":2,"simplefarming:honeydew_seeds":1,"born_in_chaos_v1:corpse_maggot":3,"iter_rpg:seashell":2,"minecraft:arrow":11,"simplefarming:barley_seeds":3,"projectvibrantjourneys:cattail":12,"born_in_chaos_v1:marigolds":1,"spartanweaponry:stone_katana":1,"minecraft:enchanted_book":4,"minecraft:iron_ingot":6,"minecraft:wheat_seeds":101,"tombstone:tablet_of_home":1,"quark:blossom_planks":40,"minecraft:poisonous_potato":2,"simplefarming:turnip_seeds":1,"croptopia:orange":1,"minecraft:prismarine_crystals":3,"croptopia:clam":1,"minecraft:apple":1,"simplefarming:peanut_seeds":1,"minecraft:stick":1,"simplefarming:zucchini_seeds":1,"simplefarming:broccoli_seeds":1,"croptopia:kale_seed":3,"born_in_chaos_v1:river_mint":11,"tombstone:grave_dust":1,"croptopia:yam_seed":22,"croptopia:yam":1,"simplefarming:onion_seeds":1,"minecraft:kelp":8,"born_in_chaos_v1:rotten_fish":2,"minecraft:oak_sign":1,"simplefarming:kenaf_seeds":1,"simplefarming:fish_and_chips":1,"ecologics:walnut":3,"autumnity:maple_planks":2,"minecraft:bundle":1,"minecraft:fire_coral":1,"minecraft:spider_eye":7,"minecraft:spruce_log":1,"minecraft:wooden_pickaxe":2,"farm_and_charm:tomato":1},"minecraft:crafted":{"minecraft:brick":64,"minecraft:oak_planks":80,"minecraft:oak_sign":3,"ecologics:walnut_planks":8,"minecraft:stone":160,"minecraft:cooked_mutton":1,"mores:tin_ingot":109,"vanillaplustools:stone_shovel":2,"minecraft:bricks":16,"minecraft:stone_hoe":1,"mores:tin_shovel":1,"minecraft:smoker":1,"mores:silver_ingot":17,"quark:blossom_planks":144,"mores:tin_chestplate":1,"minecraft:crafting_table":3,"minecraft:spruce_planks":392,"minecraft:wooden_pickaxe":1,"minecraft:baked_potato":3,"croptopia:yam_seed":11,"minecraft:red_wool":1,"minecraft:spruce_trapdoor":60,"minecraft:stick":104,"minecraft:iron_ingot":6,"spartanweaponry:stone_katana":1,"minecraft:shears":1,"farm_and_charm:tomato_seeds":3,"mores:silver_apple":1,"minecraft:stone_shovel":18,"minecraft:fishing_rod":1,"vanillaplustools:stone_hammer":1,"minecraft:furnace":3,"minecraft:bone_meal":18,"minecraft:spruce_stairs":140,"quark:blossom_fence":57,"minecraft:stone_pickaxe":10,"mores:tin_axe":5,"minecraft:lead":2,"spartanweaponry:tin_katana":1,"minecraft:red_dye":1,"minecraft:cooked_cod":2,"quark:blossom_fence_gate":4,"spartanweaponry:handle":6,"minecraft:cooked_salmon":2,"minecraft:stone_axe":1,"mores:tin_leggings":1,"minecraft:air":0,"woodworks:oak_chest":4,"spartanweaponry:tin_battle_hammer":1,"simplefarming:fish_and_chips":1,"vinery:straw_hat":1,"mores:tin_boots":1,"minecraft:wooden_axe":1,"minecraft:torch":60},"minecraft:custom":{"minecraft:interact_with_crafting_table":97,"minecraft:leave_game":2,"minecraft:time_since_death":27204,"minecraft:sprint_one_cm":312149,"minecraft:drop":177,"minecraft:play_time":253582,"minecraft:deaths":9,"minecraft:jump":3848,"minecraft:walk_on_water_one_cm":14124,"minecraft:interact_with_furnace":78,"minecraft:sleep_in_bed":1,"minecraft:damage_dealt":20196,"minecraft:player_kills":1,"minecraft:crouch_one_cm":14134,"tombstone:undead_killed":53,"minecraft:interact_with_smoker":14,"minecraft:mob_kills":113,"minecraft:damage_dealt_resisted":2167,"minecraft:climb_one_cm":516,"minecraft:walk_one_cm":979613,"minecraft:sneak_time":4038,"minecraft:walk_under_water_one_cm":9266,"minecraft:total_world_time":253582,"minecraft:time_since_rest":27039,"minecraft:damage_taken":4345,"minecraft:damage_absorbed":80,"minecraft:swim_one_cm":17282,"minecraft:fly_one_cm":777821,"minecraft:open_chest":124,"minecraft:fish_caught":3,"minecraft:fall_one_cm":83815},"minecraft:killed":{"born_in_chaos_v1:zombie_lumberjack":1,"minecraft:spider":11,"minecraft:skeleton":12,"minecraft:zombie_villager":1,"iter_rpg:spiderling":7,"minecraft:creeper":6,"born_in_chaos_v1:zombie_fisherman":3,"minecraft:zombie":19,"born_in_chaos_v1:corpse_fly":6,"iter_rpg:bloated":1,"born_in_chaos_v1:door_knight":2,"born_in_chaos_v1:maggot":16,"born_in_chaos_v1:corpse_fish":2,"born_in_chaos_v1:barrel_zombie":7,"born_in_chaos_v1:swarmer":1,"born_in_chaos_v1:decrepit_skeleton":5,"born_in_chaos_v1:bloody_gadfly":2,"born_in_chaos_v1:decaying_zombie":1,"iter_rpg:giant_spider":2,"iter_rpg:scallop":4},"minecraft:used":{"minecraft:beetroot":1,"minecraft:oak_sign":6,"simplefarming:honeydew":5,"simplefarming:yam_seeds":20,"born_in_chaos_v1:corpse_maggot":17,"spartanweaponry:stone_katana":103,"vinery:straw_hat":1,"spartanweaponry:tin_battle_hammer":53,"simplefarming:honeydew_seeds":1,"croptopia:peach":3,"minecraft:furnace":4,"minecraft:oak_sapling":5,"minecraft:cooked_cod":2,"minecraft:potato":35,"projectvibrantjourneys:rocks":1,"simplefarming:grape_seeds":4,"spartanweaponry:tin_katana":177,"treasure2:diamond_key":5,"minecraft:diorite":16,"minecraft:stone_pickaxe":135,"minecraft:wooden_pickaxe":23,"minecraft:sugar_cane":4,"minecraft:oak_leaves":2,"mores:tin_boots":1,"mores:tin_leggings":1,"quark:blossom_fence_gate":4,"minecraft:shears":19,"croptopia:orange":30,"quark:hollow_oak_log":1,"simplefarming:corn_seeds":2,"tombstone:grave_key":3,"born_in_chaos_v1:marigolds":2,"quark:blossom_fence":44,"born_in_chaos_v1:rotten_fish":1,"croptopia:cantaloupe":1,"minecraft:bone_meal":15,"minecraft:cobweb":2,"vinery:apple_log":9,"ecologics:walnut_log":8,"mores:tin_axe":530,"simplefarming:cassava_seeds":1,"woodworks:oak_chest":4,"vanillaplustools:stone_hammer":61,"minecraft:cooked_salmon":1,"argentinas_delight:mateyerbaseca":1,"minecraft:stone_hoe":131,"minecraft:torch":26,"minecraft:dirt":137,"quark:yellow_blossom_sapling":11,"croptopia:blueberry":1,"croptopia:chile_pepper":1,"mores:silver_apple":1,"minecraft:granite":9,"croptopia:oat_seed":2,"minecraft:wooden_axe":56,"croptopia:yam_seed":13,"ecologics:walnut":5,"tombstone:gift":5,"farm_and_charm:tomato":22,"quark:blossom_log":10,"minecraft:wheat_seeds":78,"minecraft:cooked_mutton":1,"minecraft:baked_potato":2,"ecologics:walnut_sapling":5,"minecraft:glow_ink_sac":1,"minecraft:crafting_table":7,"vanillaplustools:stone_shovel":252,"minecraft:spruce_log":99,"croptopia:kale":2,"minecraft:smoker":1,"simplefarming:cassava":1,"minecraft:oak_log":2,"croptopia:yam":6,"minecraft:apple":8,"mores:tin_shovel":16,"tombstone:magic_scroll":1,"farm_and_charm:tomato_seeds":3,"minecraft:spruce_sapling":59,"minecraft:stone_axe":115,"minecraft:pink_petals":3,"minecraft:fishing_rod":5,"minecraft:cobblestone":26,"projectvibrantjourneys:reeds":5,"mores:tin_chestplate":1,"fastfooddelight:chicken_wrap":1}},"DataVersion":3465}