{"stats":{"minecraft:crafted":{"minecraft:oak_sign":3,"ecologics:walnut_planks":24,"minecraft:chain":2,"minecraft:brick_wall":6,"minecraft:cooked_mutton":1,"mores:tin_ingot":109,"vanillaplustools:stone_shovel":2,"minecraft:cobbled_deepslate_wall":12,"minecraft:hay_block":44,"simplefarming:baked_yam":173,"minecraft:stone_slab":6,"minecraft:composter":9,"minecraft:spruce_fence_gate":23,"mores:tourmaline_helmet":1,"travelersbackpack:hay":4,"mores:silver_apple":1,"minecraft:stone_shovel":18,"vanillaplustools:stone_hammer":1,"minecraft:iron_nugget":108,"minecraft:brick_stairs":4,"spartanweaponry:iron_katana":1,"minecraft:bone_meal":18,"minecraft:spruce_fence":78,"woodworks:spruce_chest":2,"minecraft:stone_stairs":4,"minecraft:lantern":11,"minecraft:spruce_stairs":204,"quark:blossom_fence":57,"minecraft:ladder":16,"minecraft:spruce_slab":282,"quark:cobblestone_bricks":20,"minecraft:stone_pickaxe":11,"minecraft:cobbled_deepslate_stairs":36,"minecraft:brick_slab":6,"minecraft:lead":2,"minecraft:wheat":63,"mores:cobalt_axe":1,"mores:tin_leggings":2,"mores:silver_axe":1,"spartanweaponry:tin_battle_hammer":1,"mores:tin_boots":2,"minecraft:wooden_axe":1,"minecraft:iron_shovel":1,"minecraft:iron_leggings":1,"minecraft:brick":216,"minecraft:grindstone":1,"minecraft:oak_planks":337,"minecraft:barrel":23,"minecraft:cobblestone_stairs":4,"minecraft:stone":163,"minecraft:hopper":9,"minecraft:bricks":54,"minecraft:stone_hoe":1,"mores:tin_shovel":1,"minecraft:oak_fence":3,"woodworks:spruce_boards":32,"minecraft:granite_stairs":4,"minecraft:smoker":1,"mores:silver_ingot":23,"minecraft:oak_slab":90,"quark:blossom_planks":144,"mores:tin_chestplate":2,"minecraft:crafting_table":3,"mores:tourmaline_boots":1,"minecraft:spruce_planks":1320,"minecraft:baked_potato":100,"minecraft:wooden_pickaxe":1,"mores:cobalt_pickaxe":1,"mores:tin_helmet":1,"croptopia:yam_seed":11,"minecraft:red_wool":1,"minecraft:spruce_trapdoor":168,"minecraft:stick":260,"minecraft:iron_ingot":32,"spartanweaponry:stone_katana":1,"minecraft:shears":1,"farm_and_charm:tomato_seeds":3,"minecraft:coarse_dirt":148,"minecraft:cobbled_deepslate_slab":36,"minecraft:raw_iron":9,"mores:tin_pickaxe":1,"minecraft:fishing_rod":1,"minecraft:spruce_button":6,"minecraft:furnace":3,"mores:topaz_chestplate":1,"minecraft:oak_trapdoor":16,"minecraft:polished_deepslate":8,"minecraft:iron_hoe":1,"minecraft:cobblestone_wall":36,"mores:tin_axe":5,"spartanweaponry:tin_katana":1,"minecraft:red_dye":1,"minecraft:cooked_cod":2,"quark:blossom_fence_gate":4,"minecraft:spruce_sign":6,"mores:cobalt_ingot":15,"mores:ruby_pickaxe":1,"spartanweaponry:handle":6,"minecraft:cooked_salmon":2,"minecraft:stone_axe":1,"minecraft:air":0,"woodworks:oak_chest":15,"simplefarming:fish_and_chips":1,"spartanweaponry:silver_katana":1,"vinery:straw_hat":1,"minecraft:torch":92},"minecraft:dropped":{"minecraft:glow_ink_sac":2,"projectvibrantjourneys:orange_bark_mushroom":12,"quark:blossom_fence":13,"minecraft:dirt":1302,"born_in_chaos_v1:phantom_powder":1,"simplefarming:rye_seeds":1,"minecraft:horn_coral":1,"minecraft:sand":1,"simplefarming:lettuce_seeds":1,"projectvibrantjourneys:reeds":23,"minecraft:bone":16,"simplefarming:cantaloupe_seeds":1,"minecraft:cobbled_deepslate":8,"minecraft:birch_sapling":1,"croptopia:oat_seed":1,"minecraft:rotten_flesh":65,"simplefarming:cassava_seeds":1,"simplefarming:ginger_seeds":1,"simplefarming:honeydew_seeds":1,"iter_rpg:seashell":8,"projectvibrantjourneys:cattail":12,"woodworks:spruce_boards":32,"born_in_chaos_v1:marigolds":1,"minecraft:enchanted_book":4,"minecraft:iron_ingot":6,"simplefarming:soybean":3,"minecraft:wheat_seeds":675,"minecraft:cobbled_deepslate_wall":1,"croptopia:orange":1,"minecraft:cobblestone":432,"minecraft:prismarine_crystals":3,"minecraft:book":2,"minecraft:apple":1,"minecraft:granite":43,"simplefarming:peanut_seeds":1,"simplefarming:corn_seeds":2,"born_in_chaos_v1:gnawed_bones":1,"simplefarming:soybean_seeds":4,"quark:cobblestone_bricks":8,"minecraft:string":7,"croptopia:yam_seed":22,"croptopia:yam":1,"minecraft:deepslate":128,"born_in_chaos_v1:rotten_fish":2,"minecraft:stone_slab":5,"minecraft:cobbled_deepslate_slab":3,"simplefarming:corn":2,"minecraft:oak_sign":1,"minecraft:sea_pickle":1,"ecologics:walnut":3,"minecraft:spruce_trapdoor":2,"minecraft:bundle":1,"born_in_chaos_v1:bloody_gadfly_eye":1,"minecraft:spider_eye":9,"farm_and_charm:tomato":1,"naturalist:duck":1,"treasure2:diamond_key":1,"minecraft:baked_potato":24,"simplefarming:sweet_potato_seeds":1,"simplefarming:radish_seeds":1,"minecraft:scute":1,"ecologics:walnut_sapling":1,"iter_rpg:pearl":2,"croptopia:chile_pepper_seed":1,"simplefarming:yam_seeds":1,"minecraft:cod":1,"minecraft:flint":1,"simplefarming:pea_seeds":2,"born_in_chaos_v1:monster_skin":1,"minecraft:seagrass":8,"croptopia:mustard_seed":1,"minecraft:birch_log":1,"projectvibrantjourneys:bark_mushroom":5,"minecraft:gravel":14,"treasure2:diamond_lock":1,"simplefarming:pepper_seeds":1,"simplefarming:baked_yam":40,"croptopia:blueberry_seed":4,"mores:tin_pickaxe":1,"minecraft:rabbit_hide":7,"projectvibrantjourneys:light_brown_bark_mushroom":2,"minecraft:gunpowder":1,"croptopia:blueberry":1,"born_in_chaos_v1:corpse_maggot":20,"vanillaplustools:stone_hammer":2,"minecraft:arrow":13,"simplefarming:barley_seeds":4,"minecraft:oak_leaves":9,"spartanweaponry:stone_katana":1,"minecraft:water_bucket":1,"minecraft:oak_slab":9,"tombstone:tablet_of_home":1,"quark:blossom_planks":40,"minecraft:poisonous_potato":2,"minecraft:prismarine_shard":2,"simplefarming:turnip_seeds":1,"croptopia:clam":1,"minecraft:tropical_fish":1,"minecraft:spruce_stairs":4,"minecraft:stick":12,"simplefarming:zucchini_seeds":3,"simplefarming:broccoli_seeds":1,"croptopia:kale_seed":3,"born_in_chaos_v1:river_mint":11,"minecraft:torch":7,"tombstone:grave_dust":4,"croptopia:glowing_calamari":1,"minecraft:polished_deepslate":8,"simplefarming:onion_seeds":1,"minecraft:kelp":8,"minecraft:oak_trapdoor":16,"minecraft:coarse_dirt":14,"minecraft:tuff":24,"simplefarming:kenaf_seeds":2,"simplefarming:fish_and_chips":1,"autumnity:maple_planks":2,"minecraft:andesite":170,"minecraft:fire_coral":1,"minecraft:spruce_log":65,"minecraft:wooden_pickaxe":2,"minecraft:stone_pickaxe":1,"minecraft:nautilus_shell":1},"minecraft:mined":{"croptopia:mustard_crop":1,"minecraft:granite":69,"mores:deepslate_tourmaline_ore":18,"projectvibrantjourneys:reeds":28,"minecraft:cobbled_deepslate":62,"minecraft:fire":2,"minecraft:barrel":4,"minecraft:deepslate_lapis_ore":1,"simplefarming:honeydew":1,"minecraft:oak_sign":5,"minecraft:dirt_path":18,"simplefarming:honeydew_stem":2,"simplefarming:corn_top":1,"mores:deepslate_anthracite_ore":1,"minecraft:torch":12,"croptopia:oat_crop":1,"projectvibrantjourneys:twigs":14,"quark:blossom_log":68,"projectvibrantjourneys:fallen_leaves":17,"minecraft:bricks":9,"quark:blossom_fence":44,"minecraft:wheat":19,"minecraft:grass":458,"projectvibrantjourneys:short_grass":242,"simplefarming:corn":1,"mores:silver_ore":23,"minecraft:deepslate":373,"projectvibrantjourneys:rocks":8,"minecraft:cobbled_deepslate_slab":16,"minecraft:spruce_fence":5,"born_in_chaos_v1:black_argillite":1,"argentinas_delight:mateyerbaseca":1,"woodworks:spruce_boards":1,"projectvibrantjourneys:orange_bark_mushroom":1,"minecraft:andesite":79,"mores:deepslate_cobalt_ore":4,"minecraft:smithing_table":1,"croptopia:sweetpotato_crop":1,"ecologics:walnut_leaves":2,"projectvibrantjourneys:mossy_rocks":2,"minecraft:tall_grass":23,"minecraft:deepslate_gold_ore":3,"minecraft:diorite":16,"mores:tin_ore":29,"ecologics:stripped_walnut_log":4,"minecraft:coarse_dirt":2,"mores:deepslate_tin_ore":3,"minecraft:spruce_log":435,"simplefarming:grape_trunk_top":4,"minecraft:gravel":170,"minecraft:cobweb":2,"minecraft:spruce_fence_gate":2,"farm_and_charm:wild_tomatoes":5,"minecraft:cobbled_deepslate_stairs":1,"minecraft:spruce_trapdoor":12,"minecraft:grass_block":1478,"vinery:apple_log":12,"minecraft:raw_iron_block":2,"minecraft:iron_ore":13,"quark:blossom_fence_gate":4,"minecraft:anvil":1,"ecologics:walnut_log":13,"minecraft:granite_stairs":1,"minecraft:spruce_slab":23,"projectvibrantjourneys:cattail":8,"brewery:wooden_brewingstation":2,"minecraft:clay":54,"quark:cobblestone_bricks":1,"minecraft:poppy":1,"projectvibrantjourneys:natural_cobweb":1,"minecraft:cobblestone":38,"minecraft:wall_torch":3,"minecraft:pink_petals":2,"minecraft:seagrass":1,"projectvibrantjourneys:bones":2,"born_in_chaos_v1:river_mint":11,"croptopia:chile_pepper_crop":1,"minecraft:oak_log":84,"minecraft:sand":1,"minecraft:dirt":1846,"quark:hollow_oak_log":1,"mores:deepslate_topaz_ore":12,"minecraft:oak_leaves":18,"minecraft:tuff":25,"minecraft:deepslate_diamond_ore":1,"croptopia:kale_crop":2,"born_in_chaos_v1:infected_diamond_ore":1,"minecraft:glow_lichen":1,"minecraft:brick_stairs":2,"minecraft:spruce_leaves":2,"minecraft:hay_block":4,"minecraft:spruce_sapling":10,"minecraft:furnace":2,"minecraft:stripped_spruce_log":100,"minecraft:deepslate_iron_ore":84,"minecraft:lantern":2,"crittersandcompanions:silk_cocoon":1,"minecraft:stripped_oak_log":4,"minecraft:stone":1438,"minecraft:podzol":1,"mores:cobalt_ore":11,"born_in_chaos_v1:marigolds":3,"autumnity:maple_planks":2,"minecraft:crafting_table":6,"autumnity:orange_maple_leaves":4,"minecraft:sculk_sensor":1,"born_in_chaos_v1:chipped_black_argillite_brick":1,"minecraft:lapis_ore":4,"minecraft:lily_pad":1,"minecraft:spruce_stairs":22,"minecraft:brick_slab":1,"mores:deepslate_ruby_ore":7,"croptopia:yam_crop":13,"minecraft:coal_ore":35},"minecraft:killed_by":{"minecraft:zombie":1},"minecraft:picked_up":{"minecraft:seagrass":8,"croptopia:grape_seed":1,"minecraft:anvil":1,"minecraft:prismarine_shard":2,"croptopia:apricot_sapling":1,"minecraft:smithing_table":1,"minecraft:lead":7,"minecraft:enchanted_book":1,"simplefarming:zucchini_seeds":5,"minecraft:string":24,"simplefarming:honeydew":5,"minecraft:beetroot":1,"minecraft:cobbled_deepslate":425,"croptopia:mustard_seed":2,"croptopia:blueberry":2,"simplefarming:cherry_sapling":1,"autumnity:maple_planks":2,"quark:blossom_log":67,"mores:topaz_gem":12,"mores:raw_tin":121,"minecraft:orange_bed":1,"croptopia:cherry_sapling":1,"simplefarming:pepper_seeds":1,"minecraft:tropical_fish":1,"minecraft:cow_spawn_egg":2,"minecraft:iron_block":1,"projectvibrantjourneys:cattail":12,"croptopia:pecan_sapling":1,"minecraft:rabbit_spawn_egg":2,"minecraft:birch_log":1,"croptopia:apple_sapling":1,"farmersdelight:rice":1,"minecraft:water_bucket":1,"vanillaplustools:diamond_hammer":1,"minecraft:flint":13,"travelersbackpack:gold_tier_upgrade":1,"minecraft:lantern":4,"born_in_chaos_v1:marigolds":3,"simplefarming:kenaf_seeds":3,"simplefarming:lettuce_seeds":1,"croptopia:bellpepper":1,"minecraft:llama_spawn_egg":2,"simplefarming:peanut_seeds":1,"minecraft:sheep_spawn_egg":2,"simplefarming:radish_seeds":2,"autumnity:turkey_spawn_egg":2,"minecraft:stripped_spruce_log":100,"croptopia:oat":8,"minecraft:barrel":4,"croptopia:chile_pepper":1,"minecraft:bundle":3,"minecraft:deepslate":131,"minecraft:granite":69,"minecraft:horse_spawn_egg":2,"born_in_chaos_v1:rotten_fish":3,"mores:raw_silver":23,"simplefarming:cassava_seeds":6,"minecraft:bricks":8,"croptopia:grapefruit_sapling":1,"minecraft:coarse_dirt":2,"minecraft:crafting_table":6,"travelersbackpack:hay":1,"minecraft:clay_ball":216,"treasure2:diamond_lock":4,"iter_rpg:pearl":2,"minecraft:fire_coral":1,"croptopia:persimmon_sapling":1,"croptopia:fig_sapling":1,"born_in_chaos_v1:gnawed_bones":1,"minecraft:poppy":1,"minecraft:spruce_slab":24,"quark:yellow_blossom_sapling":11,"minecraft:birch_sapling":1,"naturalist:duck":1,"minecraft:stone":7,"ecologics:stripped_walnut_log":4,"simplefarming:yam_seeds":173,"minecraft:spruce_fence":5,"woodworks:spruce_boards":1,"simplefarming:onion_seeds":2,"minecraft:carrot":2,"minecraft:prismarine_crystals":3,"simplefarming:eggplant_seeds":1,"minecraft:chicken_spawn_egg":2,"minecraft:hay_block":4,"minecraft:gold_ingot":2,"minecraft:mutton":1,"minecraft:white_wool":13,"minecraft:stripped_oak_log":4,"simplefarming:soybean_seeds":8,"croptopia:glowing_calamari":1,"simplefarming:soybean":3,"simplefarming:mango_sapling":1,"simplefarming:banana_sapling":1,"simplefarming:rye_seeds":1,"minecraft:oak_log":85,"minecraft:lily_pad":1,"simplefarming:broccoli_seeds":1,"croptopia:kumquat_sapling":1,"simplefarming:grape_seeds":9,"minecraft:apple":12,"minecraft:kelp":8,"minecraft:cobweb":2,"croptopia:date_sapling":1,"fastfooddelight:chicken_wrap":1,"minecraft:gravel":158,"mores:ruby_gem":7,"croptopia:dragonfruit_sapling":1,"naturalist:duck_spawn_egg":2,"minecraft:spruce_sapling":145,"minecraft:spruce_log":491,"croptopia:starfruit_sapling":1,"argentinas_delight:mateyerbaseca":1,"quark:cobblestone_bricks":1,"minecraft:slime_ball":3,"treasure2:diamond_key":1,"simplefarming:sweet_potato_seeds":1,"minecraft:donkey_spawn_egg":2,"mores:anthracite":1,"croptopia:orange":31,"minecraft:scute":1,"projectvibrantjourneys:orange_bark_mushroom":12,"minecraft:goat_spawn_egg":2,"minecraft:wheat":517,"croptopia:clam":1,"simplefarming:turnip_seeds":1,"croptopia:kale":2,"tombstone:tablet_of_home":1,"quark:hollow_oak_log":1,"vanillaplustools:diamond_shovel":1,"born_in_chaos_v1:bloody_gadfly_eye":1,"croptopia:cantaloupe":1,"mores:tourmaline_gem":18,"minecraft:oak_sign":5,"minecraft:sea_pickle":1,"minecraft:bucket":1,"croptopia:cinnamon_sapling":1,"croptopia:mango_sapling":1,"minecraft:furnace":2,"quark:blossom_fence_gate":4,"simplefarming:plum_sapling":1,"minecraft:stick":136,"croptopia:plum_sapling":1,"croptopia:lemon_sapling":1,"ecologics:walnut_log":13,"croptopia:peach_sapling":1,"born_in_chaos_v1:phantom_powder":1,"minecraft:torch":20,"minecraft:spruce_stairs":26,"travelersbackpack:iron_tier_upgrade":1,"travelersbackpack:diamond_tier_upgrade":1,"tombstone:grave_dust":3,"minecraft:diorite":16,"travelersbackpack:crafting_upgrade":1,"croptopia:avocado_sapling":1,"simplefarming:scarecrow":1,"minecraft:rotten_flesh":65,"autumnity:turkey_egg":1,"simplefarming:olive_sapling":1,"minecraft:cod":3,"vinery:apple_log":12,"minecraft:cobblestone":978,"minecraft:nautilus_shell":1,"minecraft:pink_petals":3,"ecologics:walnut":8,"croptopia:almond_sapling":1,"minecraft:andesite":201,"minecraft:potato":320,"minecraft:tuff":24,"quark:blossom_fence":44,"minecraft:horn_coral":1,"minecraft:lapis_lazuli":78,"croptopia:blueberry_seed":5,"minecraft:dirt":2049,"born_in_chaos_v1:monster_skin":1,"minecraft:bone":21,"minecraft:wheat_seeds":1216,"minecraft:raw_gold":9,"minecraft:cobbled_deepslate_slab":10,"croptopia:kale_seed":3,"croptopia:yam":7,"croptopia:chile_pepper_seed":2,"simplefarming:corn_seeds":7,"iter_rpg:seashell":8,"iter_rpg:spider_silk":2,"minecraft:pig_spawn_egg":2,"minecraft:poisonous_potato":2,"vinery:dark_cherry_sapling":3,"minecraft:sand":1,"croptopia:lime_sapling":1,"mores:raw_cobalt":15,"croptopia:nutmeg_sapling":1,"simplefarming:orange_sapling":1,"minecraft:spruce_fence_gate":2,"farm_and_charm:tomato":52,"minecraft:diamond":1,"simplefarming:corn":5,"minecraft:oak_sapling":10,"minecraft:oak_leaves":18,"croptopia:walnut_sapling":1,"simplefarming:pea_seeds":4,"croptopia:nectarine_sapling":1,"born_in_chaos_v1:river_mint":11,"croptopia:peach":3,"simplefarming:yam":184,"croptopia:sweetpotato_seed":1,"minecraft:wooden_pickaxe":1,"croptopia:orange_sapling":1,"minecraft:chain":2,"projectvibrantjourneys:reeds":28,"croptopia:bellpepper_seed":2,"ecologics:walnut_sapling":6,"minecraft:sugar_cane":12,"simplefarming:barley_seeds":6,"minecraft:spruce_trapdoor":12,"minecraft:raw_iron":140,"simplefarming:cantaloupe_seeds":1,"projectvibrantjourneys:bark_mushroom":5,"travelersbackpack:netherite_tier_upgrade":1,"croptopia:yam_seed":24,"croptopia:grape":1,"simplefarming:cassava":4,"croptopia:cantaloupe_seed":2,"minecraft:arrow":13,"croptopia:banana_sapling":1,"simplefarming:ginger_seeds":2,"minecraft:brick_stairs":2,"simplefarming:apricot_sapling":1,"born_in_chaos_v1:corpse_maggot":38,"minecraft:glow_ink_sac":3,"minecraft:leather":6,"minecraft:salmon":2,"croptopia:pear_sapling":1,"minecraft:granite_stairs":1,"brewery:wooden_brewingstation":2,"minecraft:cobbled_deepslate_stairs":129,"minecraft:gunpowder":7,"travelersbackpack:cow":1,"croptopia:cashew_sapling":1,"simplefarming:honeydew_seeds":4,"minecraft:rabbit_hide":7,"minecraft:iron_ingot":48,"simplefarming:pear_sapling":1,"minecraft:book":2,"projectvibrantjourneys:light_brown_bark_mushroom":2,"simplefarming:apple_sapling":1,"minecraft:raw_iron_block":1,"minecraft:spider_eye":9,"minecraft:brick_slab":1,"croptopia:oat_seed":8,"vanillaplustools:stone_hammer":1,"croptopia:coconut_sapling":1,"tombstone:magic_scroll":3,"minecraft:coal":163},"minecraft:custom":{"minecraft:interact_with_crafting_table":174,"minecraft:open_barrel":23,"minecraft:leave_game":5,"minecraft:time_since_death":56122,"minecraft:play_time":744589,"minecraft:deaths":21,"minecraft:jump":9504,"minecraft:interact_with_furnace":138,"minecraft:sleep_in_bed":3,"minecraft:damage_dealt":41234,"tombstone:undead_killed":115,"minecraft:interact_with_smoker":65,"minecraft:horse_one_cm":885,"minecraft:interact_with_smithing_table":7,"minecraft:inspect_hopper":3,"minecraft:sneak_time":23315,"minecraft:interact_with_blast_furnace":2,"minecraft:total_world_time":744589,"minecraft:time_since_rest":55901,"minecraft:swim_one_cm":34039,"minecraft:fly_one_cm":1743094,"minecraft:open_chest":375,"minecraft:fish_caught":3,"minecraft:fall_one_cm":221582,"minecraft:animals_bred":3,"minecraft:sprint_one_cm":876649,"minecraft:drop":365,"minecraft:talked_to_villager":2,"minecraft:walk_on_water_one_cm":61279,"minecraft:player_kills":1,"minecraft:crouch_one_cm":74729,"tombstone:villager_killed":1,"minecraft:mob_kills":237,"minecraft:damage_dealt_resisted":3465,"minecraft:climb_one_cm":3659,"minecraft:walk_one_cm":2303826,"minecraft:walk_under_water_one_cm":54815,"minecraft:damage_taken":11883,"minecraft:damage_absorbed":80},"minecraft:used":{"minecraft:beetroot":1,"mores:cobalt_axe":35,"minecraft:spruce_slab":183,"minecraft:ladder":4,"minecraft:stone":120,"minecraft:brick_slab":5,"minecraft:stripped_spruce_log":94,"spartanweaponry:iron_longsword":19,"mores:ruby_pickaxe":75,"vinery:straw_hat":1,"spartanweaponry:tin_battle_hammer":141,"simplefarming:honeydew_seeds":2,"croptopia:peach":3,"minecraft:furnace":4,"minecraft:oak_sapling":10,"minecraft:cooked_cod":2,"minecraft:potato":42,"simplefarming:grape_seeds":7,"projectvibrantjourneys:rocks":1,"minecraft:diorite":16,"minecraft:cow_spawn_egg":2,"minecraft:brick_wall":2,"minecraft:wooden_pickaxe":23,"minecraft:composter":3,"minecraft:oak_leaves":9,"mores:tin_leggings":1,"croptopia:orange":30,"minecraft:smithing_table":1,"vinery:apple_log":9,"vanillaplustools:diamond_shovel":326,"brewery:wooden_brewingstation":2,"autumnity:turkey_egg":1,"ecologics:walnut_log":8,"mores:tin_axe":535,"simplefarming:cassava_seeds":1,"vanillaplustools:stone_hammer":121,"minecraft:cooked_salmon":1,"argentinas_delight:mateyerbaseca":1,"woodworks:spruce_chest":2,"minecraft:orange_bed":1,"minecraft:torch":63,"quark:yellow_blossom_sapling":11,"minecraft:anvil":1,"croptopia:chile_pepper":1,"minecraft:stone_stairs":2,"croptopia:oat_seed":2,"minecraft:spruce_button":6,"minecraft:brick_stairs":6,"minecraft:chicken_spawn_egg":2,"croptopia:yam_seed":13,"minecraft:barrel":27,"ecologics:walnut":5,"tombstone:gift":5,"minecraft:cobbled_deepslate":129,"farm_and_charm:tomato":43,"mores:silver_axe":253,"croptopia:grape":1,"quark:blossom_log":10,"minecraft:wheat_seeds":149,"minecraft:water_bucket":19,"mores:tourmaline_boots":1,"quark:cobblestone_bricks":13,"minecraft:sheep_spawn_egg":2,"minecraft:glow_ink_sac":1,"minecraft:spruce_fence_gate":22,"minecraft:horse_spawn_egg":2,"minecraft:crafting_table":9,"vanillaplustools:stone_shovel":273,"croptopia:kale":2,"minecraft:spruce_log":102,"minecraft:oak_log":2,"croptopia:yam":6,"minecraft:pig_spawn_egg":2,"tombstone:magic_scroll":1,"minecraft:spruce_trapdoor":160,"farm_and_charm:tomato_seeds":3,"minecraft:spruce_sapling":93,"minecraft:cobblestone":105,"mores:tin_chestplate":1,"woodworks:spruce_boards":1,"fastfooddelight:chicken_wrap":1,"minecraft:goat_spawn_egg":2,"minecraft:iron_shovel":88,"minecraft:oak_sign":7,"mores:tin_pickaxe":11,"minecraft:donkey_spawn_egg":2,"simplefarming:honeydew":5,"simplefarming:yam_seeds":21,"born_in_chaos_v1:corpse_maggot":18,"minecraft:bricks":29,"spartanweaponry:stone_katana":103,"minecraft:lantern":14,"minecraft:hay_block":30,"spartanweaponry:tin_katana":177,"treasure2:diamond_key":5,"minecraft:stone_pickaxe":171,"minecraft:sugar_cane":4,"mores:tin_boots":1,"vanillaplustools:diamond_hammer":153,"quark:blossom_fence_gate":4,"minecraft:shears":19,"minecraft:cobbled_deepslate_stairs":56,"mores:topaz_chestplate":1,"quark:hollow_oak_log":1,"simplefarming:corn_seeds":3,"tombstone:grave_key":17,"minecraft:deepslate":3,"born_in_chaos_v1:marigolds":2,"minecraft:gravel":2,"quark:blossom_fence":44,"born_in_chaos_v1:rotten_fish":1,"minecraft:grindstone":1,"autumnity:turkey_spawn_egg":2,"minecraft:andesite":32,"minecraft:chain":4,"minecraft:coarse_dirt":150,"croptopia:cantaloupe":1,"minecraft:bone_meal":41,"minecraft:cobweb":2,"minecraft:oak_fence":3,"minecraft:granite_stairs":5,"simplefarming:soybean_seeds":4,"woodworks:oak_chest":6,"minecraft:spruce_planks":35,"minecraft:stone_hoe":131,"naturalist:duck_spawn_egg":2,"minecraft:dirt":533,"croptopia:blueberry":1,"minecraft:hopper":9,"minecraft:spruce_stairs":161,"minecraft:cobblestone_wall":4,"mores:silver_apple":1,"minecraft:spruce_fence":83,"minecraft:granite":20,"minecraft:iron_hoe":2,"minecraft:wooden_axe":56,"spartanweaponry:silver_katana":49,"croptopia:grape_seed":1,"minecraft:cobbled_deepslate_wall":11,"minecraft:cooked_mutton":1,"minecraft:cobblestone_stairs":2,"minecraft:baked_potato":4,"minecraft:spruce_sign":6,"ecologics:walnut_sapling":5,"spartanweaponry:iron_katana":208,"minecraft:smoker":1,"simplefarming:baked_yam":86,"simplefarming:cassava":1,"minecraft:apple":8,"mores:tin_shovel":102,"mores:cobalt_pickaxe":254,"minecraft:stone_axe":115,"minecraft:pink_petals":3,"minecraft:fishing_rod":5,"projectvibrantjourneys:reeds":5,"minecraft:cobbled_deepslate_slab":37,"minecraft:bucket":20},"minecraft:broken":{"spartanweaponry:tin_katana":1,"mores:tin_shovel":1,"mores:tin_helmet":1,"mores:tin_axe":5,"mores:tin_boots":2,"minecraft:stone_hoe":1,"mores:cobalt_pickaxe":1,"vanillaplustools:stone_shovel":2,"mores:tin_leggings":2,"vinery:straw_hat":1,"minecraft:stone_pickaxe":1,"spartanweaponry:iron_longsword":1,"minecraft:stone_axe":1,"minecraft:wooden_axe":1,"mores:silver_axe":1,"spartanweaponry:silver_katana":1,"mores:tin_chestplate":2},"minecraft:killed":{"born_in_chaos_v1:zombie_lumberjack":3,"minecraft:skeleton":17,"minecraft:zombie":61,"born_in_chaos_v1:corpse_fly":6,"born_in_chaos_v1:door_knight":3,"quark:toretoise":1,"naturalist:duck":1,"born_in_chaos_v1:barrel_zombie":12,"born_in_chaos_v1:spiritof_chaos":1,"minecraft:wandering_trader":1,"born_in_chaos_v1:decrepit_skeleton":8,"born_in_chaos_v1:bloody_gadfly":6,"iter_rpg:giant_spider":3,"minecraft:enderman":1,"minecraft:spider":14,"minecraft:zombie_villager":1,"iter_rpg:spiderling":15,"minecraft:creeper":8,"minecraft:trader_llama":2,"born_in_chaos_v1:zombie_fisherman":3,"born_in_chaos_v1:dread_hound":4,"iter_rpg:bloated":3,"born_in_chaos_v1:maggot":38,"born_in_chaos_v1:corpse_fish":2,"born_in_chaos_v1:baby_skeleton":1,"born_in_chaos_v1:swarmer":1,"born_in_chaos_v1:phantom_creeper_copy":1,"born_in_chaos_v1:decaying_zombie":2,"iter_rpg:scallop":11}},"DataVersion":3465}