{"stats":{"minecraft:broken":{"vanillaplustools:stone_shovel":1,"minecraft:wooden_axe":1},"minecraft:dropped":{"minecraft:wheat_seeds":7,"simplefarming:radish_seeds":1,"croptopia:orange":1,"ecologics:walnut_sapling":1,"minecraft:apple":1,"croptopia:chile_pepper_seed":1,"projectvibrantjourneys:orange_bark_mushroom":1,"simplefarming:peanut_seeds":1,"minecraft:stick":1,"simplefarming:zucchini_seeds":1,"simplefarming:broccoli_seeds":1,"simplefarming:pea_seeds":2,"minecraft:dirt":688,"croptopia:kale_seed":3,"croptopia:mustard_seed":1,"minecraft:bone":7,"simplefarming:onion_seeds":1,"minecraft:rotten_flesh":6,"simplefarming:cassava_seeds":1,"minecraft:oak_sign":1,"simplefarming:kenaf_seeds":1,"croptopia:blueberry_seed":4,"ecologics:walnut":3,"minecraft:spider_eye":2,"minecraft:wooden_pickaxe":2,"simplefarming:barley_seeds":2},"minecraft:mined":{"untamedwilds:flora_junegrass":2,"croptopia:kale_crop":2,"croptopia:mustard_crop":1,"projectvibrantjourneys:rocks":4,"minecraft:grass_block":480,"vinery:apple_log":9,"untamedwilds:flora_yarrow":1,"projectvibrantjourneys:reeds":5,"minecraft:iron_ore":1,"minecraft:oak_sign":3,"ecologics:walnut_log":9,"minecraft:stone":69,"projectvibrantjourneys:cattail":1,"born_in_chaos_v1:marigolds":1,"croptopia:sweetpotato_crop":1,"minecraft:crafting_table":3,"projectvibrantjourneys:twigs":12,"croptopia:oat_crop":1,"autumnity:orange_maple_leaves":4,"ecologics:walnut_leaves":1,"quark:blossom_log":25,"projectvibrantjourneys:mossy_rocks":1,"minecraft:tall_grass":21,"minecraft:cobblestone":14,"projectvibrantjourneys:fallen_leaves":11,"mores:tin_ore":16,"minecraft:pink_petals":2,"projectvibrantjourneys:bones":1,"croptopia:chile_pepper_crop":1,"minecraft:grass":263,"minecraft:coal_ore":12,"minecraft:oak_log":25,"projectvibrantjourneys:short_grass":169,"minecraft:dirt":1000,"mores:silver_ore":17},"minecraft:custom":{"minecraft:mob_kills":12,"minecraft:interact_with_crafting_table":31,"minecraft:leave_game":1,"minecraft:time_since_death":64684,"minecraft:climb_one_cm":516,"minecraft:sprint_one_cm":69975,"minecraft:walk_one_cm":378216,"minecraft:drop":56,"minecraft:play_time":101596,"minecraft:deaths":2,"minecraft:sneak_time":1437,"minecraft:walk_under_water_one_cm":953,"minecraft:jump":1141,"minecraft:walk_on_water_one_cm":3270,"minecraft:total_world_time":101596,"minecraft:time_since_rest":64441,"minecraft:damage_taken":805,"minecraft:damage_dealt":2924,"minecraft:swim_one_cm":5116,"minecraft:player_kills":1,"minecraft:fly_one_cm":180843,"minecraft:open_chest":12,"minecraft:crouch_one_cm":4278,"tombstone:undead_killed":7,"minecraft:fall_one_cm":19389},"minecraft:picked_up":{"simplefarming:pea_seeds":4,"minecraft:crafting_table":2,"croptopia:peach":3,"croptopia:kale":2,"croptopia:sweetpotato_seed":1,"minecraft:wooden_pickaxe":1,"minecraft:string":1,"simplefarming:zucchini_seeds":2,"croptopia:cantaloupe":1,"projectvibrantjourneys:reeds":5,"croptopia:bellpepper_seed":2,"minecraft:oak_sign":3,"ecologics:walnut_sapling":6,"croptopia:blueberry":1,"croptopia:mustard_seed":2,"quark:yellow_blossom_sapling":4,"simplefarming:barley_seeds":4,"minecraft:raw_iron":6,"minecraft:stick":29,"ecologics:walnut_log":9,"simplefarming:yam_seeds":1,"quark:blossom_log":25,"simplefarming:onion_seeds":2,"simplefarming:eggplant_seeds":1,"mores:raw_tin":61,"coinsje:gold_coin":1,"croptopia:cantaloupe_seed":2,"minecraft:rotten_flesh":6,"simplefarming:ginger_seeds":1,"vinery:apple_log":9,"minecraft:cobblestone":82,"minecraft:pink_petals":3,"born_in_chaos_v1:corpse_maggot":2,"ecologics:walnut":8,"minecraft:oak_log":25,"minecraft:gunpowder":1,"simplefarming:broccoli_seeds":1,"croptopia:blueberry_seed":4,"minecraft:dirt":1081,"simplefarming:grape_seeds":1,"untamedwilds:flora_junegrass":2,"untamedwilds:spawn_tortoise":1,"born_in_chaos_v1:marigolds":1,"minecraft:bone":7,"minecraft:apple":9,"minecraft:wheat_seeds":64,"simplefarming:kenaf_seeds":2,"simplefarming:honeydew_seeds":1,"croptopia:bellpepper":1,"croptopia:kale_seed":3,"simplefarming:peanut_seeds":1,"croptopia:chile_pepper_seed":2,"simplefarming:radish_seeds":2,"croptopia:oat":1,"minecraft:spider_eye":2,"croptopia:chile_pepper":1,"croptopia:oat_seed":2,"croptopia:orange":21,"projectvibrantjourneys:orange_bark_mushroom":1,"minecraft:oak_sapling":1,"mores:raw_silver":17,"simplefarming:cassava_seeds":2,"minecraft:coal":48},"minecraft:used":{"vinery:apple_log":9,"minecraft:oak_sign":5,"woodworks:oak_chest":2,"untamedwilds:spawn_tortoise":1,"minecraft:dirt":24,"quark:yellow_blossom_sapling":4,"croptopia:blueberry":1,"croptopia:chile_pepper":1,"born_in_chaos_v1:corpse_maggot":2,"minecraft:wooden_axe":56,"spartanweaponry:stone_katana":14,"croptopia:peach":3,"minecraft:oak_sapling":1,"ecologics:walnut":5,"projectvibrantjourneys:rocks":1,"minecraft:stone_pickaxe":126,"untamedwilds:flora_junegrass":2,"minecraft:wooden_pickaxe":23,"ecologics:walnut_sapling":5,"minecraft:crafting_table":4,"vanillaplustools:stone_shovel":252,"quark:blossom_fence_gate":2,"croptopia:kale":2,"croptopia:orange":20,"minecraft:oak_log":2,"minecraft:apple":8,"born_in_chaos_v1:marigolds":1,"quark:blossom_fence":16,"minecraft:stone_axe":56,"minecraft:pink_petals":3,"projectvibrantjourneys:reeds":5,"alexsmobs:animal_dictionary":3,"croptopia:cantaloupe":1},"minecraft:killed":{"minecraft:spider":2,"minecraft:creeper":2,"born_in_chaos_v1:decrepit_skeleton":3,"born_in_chaos_v1:decaying_zombie":1,"minecraft:zombie":3,"born_in_chaos_v1:corpse_fly":1},"minecraft:crafted":{"minecraft:oak_planks":52,"minecraft:stone_shovel":18,"minecraft:oak_sign":3,"quark:blossom_fence":21,"minecraft:stone_pickaxe":1,"vanillaplustools:stone_shovel":2,"quark:blossom_fence_gate":2,"quark:blossom_planks":40,"minecraft:crafting_table":2,"minecraft:wooden_pickaxe":1,"spartanweaponry:handle":1,"minecraft:stone_axe":1,"woodworks:oak_chest":2,"minecraft:stick":40,"minecraft:wooden_axe":1,"spartanweaponry:stone_katana":1}},"DataVersion":3465}