{"stats":{"minecraft:dropped":{"minecraft:wheat_seeds":5,"minecraft:stick":1},"minecraft:mined":{"minecraft:pink_petals":2,"minecraft:grass":4,"projectvibrantjourneys:twigs":2,"autumnity:orange_maple_leaves":4,"minecraft:oak_log":3,"projectvibrantjourneys:short_grass":10,"croptopia:kale_crop":1,"minecraft:tall_grass":5},"minecraft:custom":{"minecraft:crouch_one_cm":1208,"minecraft:time_since_rest":29596,"minecraft:sprint_one_cm":6723,"minecraft:play_time":29596,"minecraft:damage_taken":220,"minecraft:walk_one_cm":38918,"minecraft:sneak_time":534,"minecraft:walk_under_water_one_cm":474,"minecraft:drop":4,"minecraft:jump":142,"minecraft:damage_dealt":20,"minecraft:leave_game":1,"minecraft:walk_on_water_one_cm":36,"minecraft:time_since_death":29596,"minecraft:climb_one_cm":516,"minecraft:total_world_time":29596,"minecraft:fall_one_cm":4570,"minecraft:fly_one_cm":16578,"minecraft:open_chest":3},"minecraft:picked_up":{"minecraft:pink_petals":3,"minecraft:stick":4,"croptopia:peach":3,"croptopia:kale":1,"minecraft:wheat_seeds":5,"croptopia:orange":6,"minecraft:oak_log":3,"minecraft:oak_sapling":1,"croptopia:kale_seed":2,"untamedwilds:spawn_tortoise":1},"minecraft:used":{"minecraft:pink_petals":3,"croptopia:peach":3,"minecraft:oak_sapling":1,"alexsmobs:animal_dictionary":3,"untamedwilds:spawn_tortoise":1,"minecraft:oak_log":1,"croptopia:kale":1,"croptopia:orange":6,"projectvibrantjourneys:rocks":1}},"DataVersion":3465}