{"stats":{"minecraft:crafted":{"minecraft:oak_planks":558,"minecraft:cooked_chicken":1,"minecraft:iron_boots":1,"mores:tin_ingot":9,"minecraft:oak_slab":108,"mores:tourmaline_chestplate":1,"minecraft:crafting_table":1,"minecraft:spruce_planks":254,"minecraft:wooden_pickaxe":1,"minecraft:iron_helmet":1,"minecraft:copper_ingot":243,"minecraft:stick":36,"minecraft:iron_ingot":33,"minecraft:stone_sword":1,"butcher:butchers_knife":1,"minecraft:stone_shovel":16,"minecraft:stone_pickaxe":9,"mores:tourmaline_leggings":1,"minecraft:cooked_beef":13,"minecraft:diamond_sword":1,"minecraft:stone_axe":5,"minecraft:bread":31,"minecraft:air":0,"minecraft:oak_stairs":8,"minecraft:white_bed":1,"minecraft:acacia_planks":40,"minecraft:torch":96},"minecraft:dropped":{"minecraft:glass_bottle":2,"minecraft:diamond":5,"minecraft:cobblestone_stairs":2,"simplefarming:pea_seeds":1,"minecraft:dirt":76,"farmersdelight:onion":2,"projectvibrantjourneys:bark_mushroom":2,"projectvibrantjourneys:reeds":1,"minecraft:bone":3,"minecraft:stone_axe":2,"minecraft:cooked_chicken":2,"born_in_chaos_v1:ethereal_spirit":1,"minecraft:rotten_flesh":7,"projectvibrantjourneys:light_brown_bark_mushroom":2,"minecraft:gunpowder":2,"simplefarming:honeydew_seeds":2,"born_in_chaos_v1:corpse_maggot":2,"minecraft:acacia_slab":1,"minecraft:ladder":2,"projectvibrantjourneys:cattail":1,"minecraft:iron_bars":2,"minecraft:arrow":1,"minecraft:stone_brick_stairs":10,"tombstone:scroll_of_reach":1,"minecraft:wheat_seeds":6,"minecraft:tnt":1,"tombstone:tablet_of_home":1,"minecraft:cobblestone":16,"minecraft:observer":2,"minecraft:apple":8,"minecraft:copper_ingot":206,"simplefarming:peanut_seeds":1,"simplefarming:soybean_seeds":1,"spartanweaponry:iron_flanged_mace":1,"tombstone:magic_scroll":1,"tombstone:grave_key":2,"simplefarming:rice_seeds":1,"tombstone:grave_dust":10,"minecraft:string":3,"minecraft:acacia_planks":8,"minecraft:pink_tulip":1,"minecraft:raw_copper":167,"minecraft:bowl":1,"minecraft:stone_shovel":1,"born_in_chaos_v1:rotten_fish":1,"minecraft:slime_block":1,"minecraft:potato":1,"minecraft:shield":1,"minecraft:allium":1,"minecraft:mossy_stone_bricks":1,"minecraft:stone_pressure_plate":1,"minecraft:stone_bricks":8,"minecraft:spider_eye":1,"mores:topaz_sword":1,"croptopia:peach":2,"minecraft:bow":1,"minecraft:wooden_pickaxe":1,"minecraft:raw_gold":2,"simplefarming:eggplant_seeds":1},"minecraft:mined":{"minecraft:spruce_planks":18,"minecraft:white_bed":1,"minecraft:light_blue_carpet":2,"minecraft:acacia_log":9,"minecraft:grass_block":904,"minecraft:spawner":5,"minecraft:tall_seagrass":2,"projectvibrantjourneys:reeds":5,"minecraft:iron_ore":11,"minecraft:sticky_piston":1,"minecraft:fire":17,"projectvibrantjourneys:bark_mushroom":1,"minecraft:brown_bed":2,"minecraft:iron_bars":3,"minecraft:oak_stairs":3,"minecraft:pink_tulip":1,"projectvibrantjourneys:cattail":4,"minecraft:torch":8,"projectvibrantjourneys:twigs":3,"minecraft:poppy":1,"mcwfences:spruce_highley_gate":2,"quark:blossom_log":16,"minecraft:slime_block":1,"projectvibrantjourneys:fallen_leaves":4,"minecraft:oak_planks":86,"minecraft:damaged_anvil":1,"minecraft:iron_door":1,"minecraft:wall_torch":3,"minecraft:wheat":37,"born_in_chaos_v1:river_mint":5,"minecraft:tnt":1,"minecraft:stone_brick_stairs":1,"minecraft:grass":74,"minecraft:oak_log":218,"projectvibrantjourneys:short_grass":54,"minecraft:sand":24,"minecraft:dirt":1062,"minecraft:stonecutter":1,"minecraft:oak_leaves":17,"minecraft:diamond_ore":4,"projectvibrantjourneys:rocks":4,"minecraft:decorated_pot":7,"minecraft:infested_chiseled_stone_bricks":1,"farmersdelight:wild_onions":2,"minecraft:spruce_sapling":8,"minecraft:acacia_trapdoor":1,"minecraft:vine":1,"minecraft:stone":1162,"minecraft:oak_slab":85,"minecraft:light_gray_carpet":1,"minecraft:brown_carpet":1,"minecraft:observer":1,"minecraft:dandelion":5,"minecraft:oak_fence":1,"minecraft:crafting_table":1,"minecraft:sculk_sensor":1,"projectvibrantjourneys:mossy_rocks":1,"minecraft:tall_grass":11,"minecraft:copper_ore":8,"mores:tin_ore":2,"minecraft:spruce_log":10,"minecraft:coal_ore":21,"minecraft:cobweb":4,"minecraft:cracked_stone_bricks":6,"minecraft:acacia_planks":7,"minecraft:stone_bricks":5},"minecraft:killed_by":{"born_in_chaos_v1:corpse_fly":1,"minecraft:silverfish":1,"minecraft:zombie":3,"born_in_chaos_v1:zombie_lumberjack":1},"minecraft:picked_up":{"minecraft:wheat":166,"tombstone:tablet_of_home":1,"minecraft:oak_stairs":3,"minecraft:brown_bed":2,"minecraft:stone_brick_stairs":10,"spartanweaponry:iron_katana":1,"minecraft:string":6,"minecraft:raw_copper":212,"mores:tourmaline_gem":15,"minecraft:sticky_piston":1,"minecraft:experience_bottle":8,"minecraft:oak_sign":1,"minecraft:spruce_planks":18,"minecraft:iron_pickaxe":2,"minecraft:hopper_minecart":1,"born_in_chaos_v1:stimulating_decoction":2,"mores:topaz_sword":1,"spartanweaponry:iron_flanged_mace":1,"minecraft:diamond_ore":6,"neapolitan:strawberry_milkshake":1,"minecraft:tipped_arrow":10,"minecraft:stick":52,"minecraft:oak_fence":2,"minecraft:torch":142,"minecraft:acacia_log":9,"quark:blossom_log":1,"tombstone:grave_dust":11,"born_in_chaos_v1:nightmare_claw":1,"quark:blossom_planks":40,"minecraft:brown_carpet":8,"mores:raw_tin":17,"minecraft:rotten_flesh":38,"farmersdelight:onion":2,"projectvibrantjourneys:cattail":2,"minecraft:iron_bars":3,"minecraft:cobblestone":1072,"minecraft:feather":1,"minecraft:iron_door":1,"minecraft:jungle_log":1,"spartanweaponry:iron_battleaxe":1,"farm_and_charm:barley":4,"minecraft:potato":17,"quark:blossom_fence":13,"minecraft:dirt":1896,"minecraft:bone":16,"minecraft:acacia_planks":27,"minecraft:wheat_seeds":312,"minecraft:stonecutter":1,"minecraft:bow":1,"minecraft:raw_gold":6,"tombstone:scroll_of_reach":1,"minecraft:mossy_stone_bricks":1,"minecraft:powered_rail":1,"minecraft:oak_planks":82,"simplefarming:peanut_seeds":1,"spartanshields:iron_tower_shield":1,"minecraft:sand":19,"croptopia:oat":2,"minecraft:dark_oak_log":3,"minecraft:bundle":1,"farm_and_charm:tomato":8,"minecraft:diamond":40,"minecraft:slime_block":2,"butcher:butchersguidebook":1,"minecraft:bone_meal":1,"minecraft:golden_apple":2,"minecraft:emerald":29,"minecraft:chainmail_helmet":1,"minecraft:bread":64,"minecraft:oak_sapling":50,"born_in_chaos_v1:rotten_fish":5,"minecraft:light_gray_carpet":3,"minecraft:diamond_pickaxe":1,"minecraft:crafting_table":1,"simplefarming:pea_seeds":2,"minecraft:allium":4,"minecraft:ladder":1,"minecraft:chicken":1,"born_in_chaos_v1:river_mint":10,"croptopia:peach":44,"simplefarming:yam":7,"minecraft:brown_mushroom":2,"minecraft:wooden_pickaxe":1,"projectvibrantjourneys:reeds":3,"minecraft:cracked_stone_bricks":17,"croptopia:avocado":5,"minecraft:beef":5,"minecraft:observer":2,"minecraft:poppy":2,"minecraft:sugar_cane":4,"minecraft:egg":2,"minecraft:raw_iron":45,"minecraft:copper_ingot":1,"projectvibrantjourneys:bark_mushroom":2,"simplefarming:yam_seeds":5,"minecraft:stone_pressure_plate":1,"simplefarming:eggplant_seeds":1,"mores:tourmaline_chestplate":1,"minecraft:tnt":1,"minecraft:arrow":7,"minecraft:decorated_pot":3,"simplefarming:strawberries":1,"minecraft:diamond_boots":1,"minecraft:pink_tulip":1,"simplefarming:ginger_seeds":1,"mores:tourmaline_leggings":1,"minecraft:rail":20,"born_in_chaos_v1:corpse_maggot":5,"simplefarming:soybean_seeds":1,"minecraft:leather":1,"minecraft:oak_log":215,"minecraft:gunpowder":2,"minecraft:cobblestone_stairs":2,"minecraft:stone_bricks":15,"minecraft:apple":32,"minecraft:gray_carpet":1,"minecraft:acacia_trapdoor":1,"simplefarming:honeydew_seeds":1,"minecraft:iron_ingot":6,"minecraft:glass_bottle":4,"minecraft:iron_sword":1,"minecraft:acacia_sapling":7,"projectvibrantjourneys:light_brown_bark_mushroom":2,"minecraft:oak_slab":91,"simplefarming:rice_seeds":1,"born_in_chaos_v1:ethereal_spirit":1,"minecraft:dandelion":2,"minecraft:spruce_sapling":8,"minecraft:spruce_log":8,"minecraft:white_bed":1,"minecraft:spider_eye":1,"minecraft:infested_stone_bricks":17,"croptopia:lemon":3,"croptopia:oat_seed":2,"minecraft:slime_ball":1,"minecraft:stone_axe":1,"croptopia:orange":33,"mores:anthracite":3,"minecraft:light_blue_carpet":2,"tombstone:magic_scroll":2,"projectvibrantjourneys:orange_bark_mushroom":1,"argentinas_delight:cuernodetoro":1,"minecraft:damaged_anvil":1,"minecraft:acacia_slab":1,"minecraft:melon_seeds":2,"minecraft:coal":135},"minecraft:custom":{"minecraft:interact_with_crafting_table":49,"minecraft:open_barrel":58,"minecraft:leave_game":12,"minecraft:time_since_death":69588,"minecraft:sprint_one_cm":1292768,"minecraft:damage_blocked_by_shield":1335,"minecraft:drop":143,"minecraft:play_noteblock":1,"minecraft:talked_to_villager":3,"minecraft:play_time":482282,"minecraft:deaths":44,"minecraft:jump":6612,"minecraft:walk_on_water_one_cm":68487,"minecraft:interact_with_furnace":37,"minecraft:sleep_in_bed":6,"tombstone:sneak_grave":21,"minecraft:damage_dealt":16808,"minecraft:crouch_one_cm":33103,"tombstone:undead_killed":48,"minecraft:interact_with_anvil":3,"minecraft:mob_kills":92,"minecraft:damage_dealt_resisted":20,"minecraft:climb_one_cm":10592,"minecraft:walk_one_cm":1746285,"minecraft:sneak_time":9278,"minecraft:walk_under_water_one_cm":21042,"minecraft:interact_with_blast_furnace":31,"minecraft:total_world_time":482282,"spartanshields:shield_bash_hits":4,"tombstone:raider_killed":3,"minecraft:time_since_rest":69349,"minecraft:damage_taken":17128,"minecraft:minecart_one_cm":91,"minecraft:swim_one_cm":32233,"minecraft:fly_one_cm":1444577,"minecraft:open_chest":262,"minecraft:fall_one_cm":189852},"minecraft:used":{"minecraft:chest":2,"minecraft:shield":3,"minecraft:iron_sword":271,"croptopia:oat":1,"born_in_chaos_v1:smoked_flesh":5,"croptopia:peach":33,"minecraft:bow":22,"minecraft:oak_sapling":11,"minecraft:egg":1,"minecraft:damaged_anvil":1,"minecraft:acacia_trapdoor":1,"minecraft:stone_pickaxe":1116,"minecraft:oak_planks":404,"minecraft:wooden_pickaxe":86,"simplefarming:strawberries":1,"minecraft:mushroom_stew":1,"croptopia:orange":31,"minecraft:sticky_piston":1,"minecraft:bread":55,"tombstone:grave_key":27,"minecraft:iron_door":1,"minecraft:diamond_sword":415,"born_in_chaos_v1:rotten_fish":2,"croptopia:bellpepper":1,"neapolitan:chocolate_bar":1,"minecraft:iron_bars":1,"minecraft:stone_sword":57,"minecraft:stone_shovel":1955,"minecraft:spruce_planks":270,"minecraft:cooked_chicken":1,"minecraft:torch":277,"minecraft:dirt":520,"minecraft:iron_axe":48,"minecraft:oak_stairs":6,"tombstone:gift":2,"minecraft:cooked_beef":4,"minecraft:golden_axe":16,"minecraft:brown_bed":1,"mores:topaz_sword":16,"minecraft:stonecutter":1,"spartanshields:iron_tower_shield":19,"farmersdelight:onion":3,"minecraft:oak_slab":186,"minecraft:crafting_table":2,"neapolitan:strawberry_milkshake":1,"minecraft:white_bed":2,"spartanweaponry:iron_katana":5,"minecraft:infested_stone_bricks":7,"spartanweaponry:iron_battleaxe":11,"minecraft:apple":20,"minecraft:iron_pickaxe":114,"minecraft:spruce_sapling":8,"minecraft:stone_axe":564,"minecraft:cobblestone":2,"minecraft:cooked_porkchop":5},"minecraft:broken":{"minecraft:diamond_helmet":1,"minecraft:stone_pickaxe":8,"minecraft:diamond_boots":1,"minecraft:stone_axe":3,"minecraft:iron_sword":1,"minecraft:stone_shovel":13,"minecraft:wooden_pickaxe":1,"spartanweaponry:iron_katana":1,"spartanweaponry:iron_battleaxe":1,"minecraft:golden_axe":1,"minecraft:iron_axe":1},"minecraft:killed":{"minecraft:cave_spider":2,"born_in_chaos_v1:zombie_lumberjack":1,"minecraft:spider":4,"minecraft:skeleton":10,"minecraft:chicken":1,"minecraft:silverfish":10,"minecraft:zombie_villager":12,"iter_rpg:spiderling":2,"minecraft:zombie":23,"born_in_chaos_v1:corpse_fly":2,"iter_rpg:bloated":1,"minecraft:cow":3,"born_in_chaos_v1:zombie_clown_not_despawn":1,"minecraft:vindicator":3,"born_in_chaos_v1:maggot":5,"born_in_chaos_v1:corpse_fish":9,"born_in_chaos_v1:nightmare_stalker":1}},"DataVersion":3465}