{"stats":{"minecraft:dropped":{"minecraft:wheat_seeds":1,"untamedwilds:material_fat":3,"tombstone:tablet_of_home":1,"minecraft:stone_shovel":1,"minecraft:apple":8,"simplefarming:pea_seeds":1,"simplefarming:soybean_seeds":1,"simplefarming:honeydew_seeds":2,"tombstone:grave_key":2,"tombstone:grave_dust":1,"croptopia:peach":2,"minecraft:wooden_pickaxe":1,"projectvibrantjourneys:cattail":1,"projectvibrantjourneys:bark_mushroom":1,"simplefarming:eggplant_seeds":1,"minecraft:pink_tulip":1},"minecraft:custom":{"minecraft:interact_with_furnace":5,"minecraft:mob_kills":15,"minecraft:interact_with_crafting_table":12,"minecraft:leave_game":6,"minecraft:time_since_death":19037,"minecraft:time_since_rest":18778,"minecraft:sprint_one_cm":300316,"minecraft:damage_taken":2216,"minecraft:walk_one_cm":472019,"tombstone:sneak_grave":1,"minecraft:drop":27,"minecraft:damage_dealt":2043,"minecraft:swim_one_cm":10882,"minecraft:fly_one_cm":636963,"minecraft:open_chest":20,"minecraft:crouch_one_cm":18954,"minecraft:play_time":125101,"tombstone:undead_killed":2,"minecraft:deaths":6,"minecraft:sneak_time":5531,"minecraft:walk_under_water_one_cm":8636,"minecraft:jump":2600,"minecraft:walk_on_water_one_cm":24747,"minecraft:total_world_time":125101,"minecraft:fall_one_cm":77429},"minecraft:broken":{"spartanweaponry:iron_katana":1,"minecraft:stone_shovel":9,"minecraft:wooden_pickaxe":1},"minecraft:mined":{"projectvibrantjourneys:cattail":4,"projectvibrantjourneys:rocks":2,"minecraft:crafting_table":1,"projectvibrantjourneys:twigs":3,"minecraft:acacia_log":9,"minecraft:grass_block":683,"projectvibrantjourneys:mossy_rocks":1,"minecraft:tall_grass":7,"projectvibrantjourneys:fallen_leaves":4,"minecraft:wall_torch":1,"minecraft:tall_seagrass":2,"projectvibrantjourneys:reeds":3,"born_in_chaos_v1:river_mint":1,"minecraft:grass":58,"minecraft:oak_log":33,"minecraft:coal_ore":2,"projectvibrantjourneys:short_grass":35,"minecraft:dirt":725,"minecraft:pink_tulip":1,"minecraft:stone":180},"minecraft:picked_up":{"born_in_chaos_v1:corpse_maggot":3,"simplefarming:pea_seeds":2,"minecraft:crafting_table":1,"minecraft:feather":1,"simplefarming:soybean_seeds":1,"minecraft:chicken":1,"born_in_chaos_v1:river_mint":1,"croptopia:peach":35,"minecraft:leather":1,"tombstone:tablet_of_home":1,"minecraft:wooden_pickaxe":1,"farm_and_charm:barley":4,"minecraft:oak_log":34,"minecraft:dirt":1350,"spartanweaponry:iron_katana":1,"projectvibrantjourneys:reeds":2,"untamedwilds:spawn_tortoise":7,"minecraft:bone":1,"minecraft:oak_sign":1,"minecraft:apple":28,"untamedwilds:material_fat":3,"minecraft:wheat_seeds":26,"simplefarming:honeydew_seeds":1,"minecraft:acacia_sapling":7,"minecraft:egg":2,"minecraft:stick":20,"minecraft:torch":1,"minecraft:acacia_log":9,"simplefarming:eggplant_seeds":1,"simplefarming:strawberries":1,"croptopia:orange":33,"minecraft:pink_tulip":1,"projectvibrantjourneys:cattail":2,"born_in_chaos_v1:rotten_fish":4,"projectvibrantjourneys:orange_bark_mushroom":1,"minecraft:oak_sapling":9,"minecraft:coal":2,"minecraft:cobblestone":178},"minecraft:used":{"minecraft:stone_shovel":1455,"minecraft:stone_pickaxe":106,"minecraft:wooden_pickaxe":86,"untamedwilds:spawn_tortoise":7,"croptopia:oat":1,"minecraft:cooked_chicken":1,"simplefarming:strawberries":1,"minecraft:torch":12,"minecraft:dirt":292,"minecraft:crafting_table":2,"spartanweaponry:iron_katana":5,"croptopia:orange":24,"minecraft:apple":20,"minecraft:stone_axe":76,"born_in_chaos_v1:rotten_fish":2,"croptopia:peach":12,"croptopia:bellpepper":1,"tombstone:gift":2,"minecraft:egg":1},"minecraft:killed":{"untamedwilds:wildebeest":1,"iter_rpg:spiderling":1,"born_in_chaos_v1:maggot":1,"minecraft:zombie":2,"minecraft:chicken":1,"born_in_chaos_v1:corpse_fly":2,"born_in_chaos_v1:corpse_fish":7},"minecraft:crafted":{"minecraft:oak_planks":28,"minecraft:stone_shovel":13,"minecraft:crafting_table":1,"minecraft:wooden_pickaxe":1,"minecraft:cooked_chicken":1,"minecraft:stone_axe":1,"minecraft:air":0,"minecraft:stick":36,"minecraft:stone_pickaxe":1,"minecraft:acacia_planks":36,"minecraft:torch":28},"minecraft:killed_by":{"born_in_chaos_v1:corpse_fly":1}},"DataVersion":3465}