{"stats":{"minecraft:broken":{"minecraft:stone_shovel":4},"minecraft:dropped":{"untamedwilds:material_fat":3,"minecraft:apple":8,"simplefarming:pea_seeds":1,"tombstone:grave_key":2,"tombstone:grave_dust":1,"croptopia:peach":2,"projectvibrantjourneys:cattail":1,"projectvibrantjourneys:bark_mushroom":1,"minecraft:pink_tulip":1},"minecraft:custom":{"minecraft:interact_with_furnace":3,"minecraft:mob_kills":6,"minecraft:interact_with_crafting_table":6,"minecraft:leave_game":5,"minecraft:time_since_death":18009,"minecraft:time_since_rest":15610,"minecraft:sprint_one_cm":204604,"minecraft:damage_taken":1496,"minecraft:walk_one_cm":215334,"minecraft:drop":20,"minecraft:damage_dealt":901,"minecraft:swim_one_cm":7482,"minecraft:fly_one_cm":465192,"minecraft:open_chest":7,"minecraft:crouch_one_cm":4040,"minecraft:play_time":67778,"tombstone:undead_killed":1,"minecraft:deaths":4,"minecraft:sneak_time":1669,"minecraft:walk_under_water_one_cm":7405,"minecraft:jump":1696,"minecraft:walk_on_water_one_cm":16454,"minecraft:total_world_time":67778,"minecraft:fall_one_cm":54304},"minecraft:mined":{"projectvibrantjourneys:cattail":1,"projectvibrantjourneys:rocks":1,"minecraft:crafting_table":1,"projectvibrantjourneys:twigs":3,"minecraft:acacia_log":9,"minecraft:grass_block":438,"projectvibrantjourneys:mossy_rocks":1,"minecraft:tall_grass":7,"projectvibrantjourneys:fallen_leaves":3,"minecraft:tall_seagrass":1,"minecraft:grass":55,"minecraft:oak_log":33,"minecraft:coal_ore":2,"projectvibrantjourneys:short_grass":30,"minecraft:dirt":174,"minecraft:pink_tulip":1,"minecraft:stone":15},"minecraft:picked_up":{"simplefarming:pea_seeds":1,"minecraft:crafting_table":1,"minecraft:feather":1,"simplefarming:soybean_seeds":1,"minecraft:chicken":1,"croptopia:peach":14,"minecraft:leather":1,"farm_and_charm:barley":4,"minecraft:oak_log":34,"spartanweaponry:iron_katana":1,"minecraft:dirt":606,"untamedwilds:spawn_tortoise":7,"minecraft:bone":1,"minecraft:apple":20,"untamedwilds:material_fat":3,"minecraft:wheat_seeds":21,"simplefarming:honeydew_seeds":1,"minecraft:acacia_sapling":7,"minecraft:egg":2,"minecraft:stick":20,"minecraft:acacia_log":9,"simplefarming:eggplant_seeds":1,"simplefarming:strawberries":1,"croptopia:orange":20,"minecraft:pink_tulip":1,"projectvibrantjourneys:cattail":1,"projectvibrantjourneys:orange_bark_mushroom":1,"minecraft:oak_sapling":9,"minecraft:coal":2,"minecraft:cobblestone":15},"minecraft:used":{"minecraft:stone_shovel":676,"minecraft:wooden_pickaxe":19,"untamedwilds:spawn_tortoise":6,"minecraft:cooked_chicken":1,"simplefarming:strawberries":1,"minecraft:torch":3,"minecraft:dirt":36,"minecraft:crafting_table":2,"spartanweaponry:iron_katana":4,"croptopia:orange":17,"minecraft:apple":12,"minecraft:stone_axe":56,"croptopia:peach":12,"tombstone:gift":2,"minecraft:egg":1},"minecraft:killed":{"untamedwilds:wildebeest":1,"iter_rpg:spiderling":1,"minecraft:zombie":1,"minecraft:chicken":1,"born_in_chaos_v1:corpse_fish":2},"minecraft:crafted":{"minecraft:oak_planks":28,"minecraft:stone_shovel":6,"minecraft:crafting_table":1,"minecraft:wooden_pickaxe":1,"minecraft:cooked_chicken":1,"minecraft:stone_axe":1,"minecraft:air":0,"minecraft:stick":4,"minecraft:torch":8}},"DataVersion":3465}