{"stats":{"minecraft:killed":{"minecraft:sheep":2,"minecraft:pig":4},"minecraft:mined":{"minecraft:pink_petals":1,"minecraft:furnace":1,"minecraft:crafting_table":1,"minecraft:grass":12,"minecraft:coal_ore":5,"minecraft:oak_log":5,"minecraft:poppy":1,"minecraft:sunflower":2,"minecraft:gravel":2,"minecraft:dirt":2,"minecraft:tall_grass":4,"minecraft:cobblestone":1,"minecraft:stone":17},"minecraft:used":{"minecraft:wooden_pickaxe":29,"minecraft:gravel":2,"minecraft:wooden_sword":25,"minecraft:dirt":2,"minecraft:cobblestone":4,"minecraft:crafting_table":1,"minecraft:furnace":1,"minecraft:cooked_porkchop":2},"minecraft:picked_up":{"minecraft:pink_petals":2,"minecraft:crafting_table":1,"minecraft:gravel":2,"minecraft:porkchop":8,"minecraft:oak_log":5,"minecraft:dirt":2,"minecraft:wheat_seeds":1,"minecraft:poppy":1,"minecraft:mutton":4,"minecraft:coal":4,"minecraft:furnace":1,"minecraft:white_wool":3,"minecraft:cobblestone":18,"minecraft:sunflower":2},"minecraft:crafted":{"minecraft:wooden_sword":1,"minecraft:oak_planks":20,"minecraft:cooked_porkchop":8,"minecraft:crafting_table":1,"minecraft:stick":4,"minecraft:wooden_pickaxe":1,"minecraft:furnace":1,"minecraft:white_bed":1,"minecraft:air":0},"minecraft:custom":{"minecraft:time_since_rest":11674,"minecraft:interact_with_furnace":6,"minecraft:sprint_one_cm":23173,"minecraft:damage_taken":170,"minecraft:walk_one_cm":36396,"minecraft:mob_kills":7,"minecraft:damage_dealt":584,"minecraft:interact_with_crafting_table":5,"minecraft:fly_one_cm":77875,"minecraft:crouch_one_cm":312,"minecraft:play_time":11674,"minecraft:sneak_time":88,"minecraft:walk_under_water_one_cm":284,"minecraft:jump":383,"minecraft:time_since_death":11674,"minecraft:walk_on_water_one_cm":155,"minecraft:total_world_time":11674,"minecraft:fall_one_cm":18056}},"DataVersion":3465}