{"stats":{"minecraft:used":{"minecraft:apple":6,"minecraft:stone_shovel":120,"minecraft:wooden_pickaxe":15,"untamedwilds:spawn_tortoise":1,"minecraft:stone_axe":7,"simplefarming:strawberries":1,"minecraft:dirt":1,"croptopia:peach":1,"minecraft:crafting_table":1,"tombstone:gift":2,"minecraft:egg":1,"croptopia:orange":3},"minecraft:dropped":{"tombstone:grave_key":2,"tombstone:grave_dust":1,"projectvibrantjourneys:bark_mushroom":1},"minecraft:killed":{"iter_rpg:spiderling":1},"minecraft:custom":{"minecraft:time_since_rest":8593,"minecraft:sprint_one_cm":90094,"minecraft:damage_taken":970,"minecraft:walk_one_cm":50297,"minecraft:mob_kills":1,"minecraft:drop":4,"minecraft:damage_dealt":347,"minecraft:swim_one_cm":1661,"minecraft:interact_with_crafting_table":3,"minecraft:fly_one_cm":210811,"minecraft:open_chest":1,"minecraft:crouch_one_cm":2195,"minecraft:play_time":27175,"minecraft:deaths":3,"minecraft:sneak_time":783,"minecraft:walk_under_water_one_cm":1291,"minecraft:jump":728,"minecraft:leave_game":3,"minecraft:walk_on_water_one_cm":9091,"minecraft:time_since_death":9747,"minecraft:total_world_time":27175,"minecraft:fall_one_cm":27549},"minecraft:mined":{"minecraft:crafting_table":1,"minecraft:coal_ore":1,"minecraft:grass":11,"minecraft:grass_block":77,"minecraft:oak_log":7,"projectvibrantjourneys:short_grass":6,"minecraft:dirt":36,"minecraft:stone":14,"projectvibrantjourneys:fallen_leaves":1},"minecraft:picked_up":{"minecraft:stick":9,"minecraft:crafting_table":1,"croptopia:peach":1,"minecraft:oak_log":7,"minecraft:dirt":128,"untamedwilds:spawn_tortoise":2,"minecraft:apple":14,"minecraft:wheat_seeds":2,"simplefarming:strawberries":1,"croptopia:orange":13,"minecraft:coal":1,"minecraft:cobblestone":14,"minecraft:egg":1},"minecraft:crafted":{"minecraft:oak_planks":28,"minecraft:stone_shovel":1,"minecraft:crafting_table":1,"minecraft:stick":4,"minecraft:wooden_pickaxe":1,"minecraft:stone_axe":1}},"DataVersion":3465}