{"stats":{"minecraft:broken":{"minecraft:stone_shovel":3},"minecraft:mined":{"projectvibrantjourneys:rocks":1,"minecraft:crafting_table":1,"projectvibrantjourneys:twigs":2,"minecraft:acacia_log":9,"minecraft:grass_block":319,"projectvibrantjourneys:mossy_rocks":1,"minecraft:tall_grass":4,"projectvibrantjourneys:fallen_leaves":1,"minecraft:tall_seagrass":1,"minecraft:grass":38,"minecraft:coal_ore":2,"minecraft:oak_log":33,"projectvibrantjourneys:short_grass":19,"minecraft:dirt":157,"minecraft:pink_tulip":1,"minecraft:stone":15},"minecraft:dropped":{"untamedwilds:material_fat":3,"minecraft:apple":8,"simplefarming:pea_seeds":1,"tombstone:grave_key":2,"tombstone:grave_dust":1,"projectvibrantjourneys:bark_mushroom":1,"minecraft:pink_tulip":1},"minecraft:custom":{"minecraft:interact_with_furnace":3,"minecraft:mob_kills":4,"minecraft:interact_with_crafting_table":5,"minecraft:leave_game":4,"minecraft:time_since_death":788,"minecraft:time_since_rest":1,"minecraft:sprint_one_cm":161458,"minecraft:damage_taken":1340,"minecraft:walk_one_cm":136062,"minecraft:drop":17,"minecraft:damage_dealt":661,"minecraft:swim_one_cm":1661,"minecraft:fly_one_cm":387266,"minecraft:open_chest":6,"minecraft:crouch_one_cm":3935,"minecraft:play_time":50557,"tombstone:undead_killed":1,"minecraft:deaths":4,"minecraft:sneak_time":1640,"minecraft:walk_under_water_one_cm":4099,"minecraft:jump":1355,"minecraft:walk_on_water_one_cm":9738,"minecraft:total_world_time":50557,"minecraft:fall_one_cm":42935},"minecraft:picked_up":{"minecraft:crafting_table":1,"simplefarming:pea_seeds":1,"minecraft:feather":1,"simplefarming:soybean_seeds":1,"minecraft:chicken":1,"croptopia:peach":14,"minecraft:leather":1,"farm_and_charm:barley":4,"minecraft:oak_log":34,"spartanweaponry:iron_katana":1,"minecraft:dirt":478,"untamedwilds:spawn_tortoise":7,"minecraft:bone":1,"minecraft:apple":20,"untamedwilds:material_fat":3,"minecraft:wheat_seeds":16,"minecraft:acacia_sapling":7,"minecraft:egg":2,"minecraft:stick":19,"minecraft:acacia_log":9,"simplefarming:eggplant_seeds":1,"simplefarming:strawberries":1,"croptopia:orange":20,"minecraft:pink_tulip":1,"projectvibrantjourneys:orange_bark_mushroom":1,"minecraft:oak_sapling":9,"minecraft:coal":2,"minecraft:cobblestone":15},"minecraft:used":{"minecraft:stone_shovel":521,"minecraft:wooden_pickaxe":19,"untamedwilds:spawn_tortoise":6,"simplefarming:strawberries":1,"minecraft:torch":3,"minecraft:dirt":1,"minecraft:crafting_table":1,"croptopia:orange":17,"minecraft:apple":12,"minecraft:stone_axe":56,"croptopia:peach":12,"tombstone:gift":2,"minecraft:egg":1},"minecraft:killed":{"untamedwilds:wildebeest":1,"iter_rpg:spiderling":1,"minecraft:zombie":1,"minecraft:chicken":1},"minecraft:crafted":{"minecraft:oak_planks":28,"minecraft:stone_shovel":4,"minecraft:crafting_table":1,"minecraft:wooden_pickaxe":1,"minecraft:cooked_chicken":1,"minecraft:stone_axe":1,"minecraft:air":0,"minecraft:stick":4,"minecraft:torch":8}},"DataVersion":3465}