{"stats":{"minecraft:crafted":{"minecraft:oak_planks":558,"minecraft:stone_shovel":16,"minecraft:cooked_chicken":1,"minecraft:stone_pickaxe":9,"mores:tourmaline_leggings":1,"minecraft:cooked_beef":1,"minecraft:oak_slab":108,"mores:tourmaline_chestplate":1,"minecraft:crafting_table":1,"minecraft:spruce_planks":254,"minecraft:wooden_pickaxe":1,"minecraft:stone_axe":5,"minecraft:bread":14,"minecraft:air":0,"minecraft:stick":36,"minecraft:iron_ingot":5,"minecraft:oak_stairs":8,"minecraft:stone_sword":1,"butcher:butchers_knife":1,"minecraft:white_bed":1,"minecraft:acacia_planks":36,"minecraft:torch":48},"minecraft:dropped":{"minecraft:wheat_seeds":5,"tombstone:tablet_of_home":1,"minecraft:cobblestone":14,"minecraft:apple":8,"simplefarming:peanut_seeds":1,"simplefarming:pea_seeds":1,"minecraft:dirt":76,"simplefarming:soybean_seeds":1,"tombstone:grave_key":2,"simplefarming:rice_seeds":1,"tombstone:grave_dust":1,"minecraft:string":3,"projectvibrantjourneys:bark_mushroom":2,"projectvibrantjourneys:reeds":1,"minecraft:pink_tulip":1,"minecraft:stone_axe":2,"born_in_chaos_v1:rotten_fish":1,"minecraft:stone_shovel":1,"minecraft:rotten_flesh":1,"projectvibrantjourneys:light_brown_bark_mushroom":2,"minecraft:shield":1,"simplefarming:honeydew_seeds":2,"born_in_chaos_v1:corpse_maggot":1,"mores:topaz_sword":1,"croptopia:peach":2,"projectvibrantjourneys:cattail":1,"minecraft:wooden_pickaxe":1,"simplefarming:eggplant_seeds":1},"minecraft:mined":{"minecraft:spruce_planks":9,"minecraft:white_bed":1,"projectvibrantjourneys:rocks":3,"minecraft:acacia_log":9,"minecraft:grass_block":904,"minecraft:decorated_pot":7,"minecraft:tall_seagrass":2,"projectvibrantjourneys:reeds":5,"minecraft:spruce_sapling":8,"projectvibrantjourneys:bark_mushroom":1,"minecraft:brown_bed":2,"minecraft:oak_stairs":3,"minecraft:pink_tulip":1,"minecraft:stone":1147,"projectvibrantjourneys:cattail":4,"minecraft:oak_slab":82,"minecraft:crafting_table":1,"minecraft:torch":5,"projectvibrantjourneys:twigs":3,"minecraft:sculk_sensor":1,"mcwfences:spruce_highley_gate":2,"projectvibrantjourneys:mossy_rocks":1,"quark:blossom_log":16,"minecraft:tall_grass":7,"minecraft:copper_ore":2,"projectvibrantjourneys:fallen_leaves":4,"minecraft:oak_planks":86,"minecraft:wall_torch":1,"mores:tin_ore":2,"minecraft:wheat":37,"minecraft:spruce_log":10,"born_in_chaos_v1:river_mint":4,"minecraft:grass":66,"minecraft:oak_log":218,"minecraft:coal_ore":4,"projectvibrantjourneys:short_grass":47,"minecraft:sand":24,"minecraft:dirt":1053,"minecraft:cobweb":1,"minecraft:oak_leaves":17},"minecraft:killed_by":{"born_in_chaos_v1:zombie_lumberjack":1,"born_in_chaos_v1:corpse_fly":1,"minecraft:zombie":3},"minecraft:picked_up":{"minecraft:crafting_table":1,"simplefarming:pea_seeds":2,"minecraft:wheat":113,"minecraft:chicken":1,"born_in_chaos_v1:river_mint":8,"croptopia:peach":44,"simplefarming:yam":5,"tombstone:tablet_of_home":1,"minecraft:brown_mushroom":1,"minecraft:wooden_pickaxe":1,"minecraft:oak_stairs":3,"minecraft:brown_bed":2,"minecraft:string":1,"spartanweaponry:iron_katana":1,"minecraft:raw_copper":50,"mores:tourmaline_gem":15,"projectvibrantjourneys:reeds":3,"minecraft:oak_sign":1,"minecraft:spruce_planks":9,"croptopia:avocado":5,"minecraft:beef":2,"minecraft:poppy":1,"born_in_chaos_v1:stimulating_decoction":2,"minecraft:sugar_cane":2,"mores:topaz_sword":1,"minecraft:egg":2,"minecraft:stick":52,"minecraft:raw_iron":19,"projectvibrantjourneys:bark_mushroom":2,"minecraft:torch":9,"simplefarming:yam_seeds":4,"minecraft:acacia_log":9,"quark:blossom_log":1,"tombstone:grave_dust":1,"quark:blossom_planks":40,"simplefarming:eggplant_seeds":1,"minecraft:brown_carpet":6,"mores:raw_tin":8,"minecraft:arrow":1,"minecraft:rotten_flesh":15,"minecraft:decorated_pot":3,"simplefarming:strawberries":1,"simplefarming:ginger_seeds":1,"minecraft:pink_tulip":1,"projectvibrantjourneys:cattail":2,"minecraft:cobblestone":1061,"born_in_chaos_v1:corpse_maggot":4,"minecraft:feather":1,"simplefarming:soybean_seeds":1,"minecraft:jungle_log":1,"spartanweaponry:iron_battleaxe":1,"minecraft:leather":1,"farm_and_charm:barley":4,"minecraft:potato":9,"minecraft:oak_log":215,"quark:blossom_fence":13,"minecraft:dirt":1874,"minecraft:bone":5,"minecraft:apple":32,"minecraft:wheat_seeds":161,"minecraft:raw_gold":2,"simplefarming:honeydew_seeds":1,"minecraft:iron_ingot":5,"minecraft:acacia_sapling":7,"minecraft:oak_planks":82,"projectvibrantjourneys:light_brown_bark_mushroom":2,"minecraft:oak_slab":89,"simplefarming:peanut_seeds":1,"simplefarming:rice_seeds":1,"minecraft:sand":19,"minecraft:spruce_sapling":8,"croptopia:oat":1,"minecraft:spruce_log":8,"minecraft:white_bed":1,"minecraft:dark_oak_log":3,"farm_and_charm:tomato":5,"croptopia:lemon":3,"croptopia:oat_seed":1,"minecraft:slime_ball":1,"minecraft:stone_axe":1,"butcher:butchersguidebook":1,"croptopia:orange":33,"minecraft:bone_meal":1,"minecraft:emerald":1,"minecraft:oak_sapling":50,"projectvibrantjourneys:orange_bark_mushroom":1,"argentinas_delight:cuernodetoro":1,"born_in_chaos_v1:rotten_fish":5,"minecraft:coal":38},"minecraft:custom":{"minecraft:mob_kills":32,"minecraft:interact_with_crafting_table":43,"minecraft:open_barrel":19,"minecraft:leave_game":9,"minecraft:time_since_death":1868,"minecraft:climb_one_cm":12,"minecraft:sprint_one_cm":697058,"minecraft:walk_one_cm":1269455,"minecraft:damage_blocked_by_shield":150,"minecraft:drop":60,"minecraft:talked_to_villager":3,"minecraft:play_time":310315,"minecraft:deaths":15,"minecraft:sneak_time":8473,"minecraft:walk_under_water_one_cm":20891,"minecraft:jump":4838,"minecraft:interact_with_blast_furnace":6,"minecraft:walk_on_water_one_cm":62031,"minecraft:total_world_time":310315,"minecraft:interact_with_furnace":17,"minecraft:sleep_in_bed":4,"minecraft:time_since_rest":1,"minecraft:damage_taken":5405,"tombstone:sneak_grave":2,"minecraft:damage_dealt":5594,"minecraft:minecart_one_cm":91,"minecraft:swim_one_cm":32233,"minecraft:fly_one_cm":1120612,"minecraft:open_chest":112,"minecraft:crouch_one_cm":32076,"tombstone:undead_killed":13,"minecraft:fall_one_cm":139049},"minecraft:used":{"minecraft:stone_sword":57,"minecraft:stone_shovel":1955,"minecraft:spruce_planks":261,"minecraft:shield":3,"croptopia:oat":1,"minecraft:cooked_chicken":1,"minecraft:torch":39,"minecraft:dirt":481,"born_in_chaos_v1:smoked_flesh":5,"minecraft:oak_stairs":6,"croptopia:peach":33,"minecraft:oak_sapling":11,"tombstone:gift":2,"minecraft:egg":1,"minecraft:cooked_beef":2,"minecraft:brown_bed":1,"mores:topaz_sword":16,"minecraft:stone_pickaxe":1116,"minecraft:oak_planks":396,"minecraft:wooden_pickaxe":86,"simplefarming:strawberries":1,"minecraft:oak_slab":186,"minecraft:crafting_table":2,"minecraft:white_bed":2,"spartanweaponry:iron_katana":5,"croptopia:orange":31,"spartanweaponry:iron_battleaxe":11,"minecraft:apple":20,"minecraft:bread":12,"tombstone:grave_key":1,"minecraft:spruce_sapling":8,"minecraft:stone_axe":564,"born_in_chaos_v1:rotten_fish":2,"minecraft:cooked_porkchop":2,"croptopia:bellpepper":1},"minecraft:broken":{"minecraft:wooden_pickaxe":1,"minecraft:stone_pickaxe":8,"spartanweaponry:iron_katana":1,"spartanweaponry:iron_battleaxe":1,"minecraft:stone_axe":3,"minecraft:stone_shovel":13},"minecraft:killed":{"born_in_chaos_v1:zombie_lumberjack":1,"born_in_chaos_v1:zombie_clown_not_despawn":1,"minecraft:spider":1,"born_in_chaos_v1:maggot":2,"minecraft:skeleton":1,"minecraft:chicken":1,"born_in_chaos_v1:corpse_fish":9,"iter_rpg:spiderling":1,"minecraft:zombie":9,"born_in_chaos_v1:corpse_fly":2,"iter_rpg:bloated":1,"minecraft:cow":2}},"DataVersion":3465}