{"stats":{"minecraft:killed_by":{"born_in_chaos_v1:zombie_lumberjack":1,"born_in_chaos_v1:corpse_fly":1,"minecraft:zombie":3},"minecraft:picked_up":{"minecraft:crafting_table":1,"simplefarming:pea_seeds":2,"minecraft:wheat":35,"minecraft:chicken":1,"born_in_chaos_v1:river_mint":8,"croptopia:peach":44,"tombstone:tablet_of_home":1,"minecraft:wooden_pickaxe":1,"minecraft:oak_stairs":3,"minecraft:string":1,"spartanweaponry:iron_katana":1,"minecraft:raw_copper":50,"mores:tourmaline_gem":15,"projectvibrantjourneys:reeds":3,"minecraft:oak_sign":1,"croptopia:avocado":5,"minecraft:beef":1,"born_in_chaos_v1:stimulating_decoction":2,"minecraft:egg":2,"minecraft:stick":33,"minecraft:raw_iron":19,"projectvibrantjourneys:bark_mushroom":2,"minecraft:torch":9,"minecraft:acacia_log":9,"quark:blossom_log":1,"tombstone:grave_dust":1,"quark:blossom_planks":40,"simplefarming:eggplant_seeds":1,"mores:raw_tin":8,"minecraft:rotten_flesh":15,"simplefarming:strawberries":1,"minecraft:pink_tulip":1,"projectvibrantjourneys:cattail":2,"minecraft:cobblestone":1004,"born_in_chaos_v1:corpse_maggot":4,"minecraft:feather":1,"simplefarming:soybean_seeds":1,"minecraft:jungle_log":1,"spartanweaponry:iron_battleaxe":1,"minecraft:leather":1,"farm_and_charm:barley":4,"minecraft:potato":2,"minecraft:oak_log":146,"quark:blossom_fence":13,"minecraft:dirt":1767,"minecraft:bone":3,"minecraft:apple":29,"minecraft:wheat_seeds":32,"simplefarming:honeydew_seeds":1,"minecraft:iron_ingot":5,"minecraft:acacia_sapling":7,"minecraft:oak_planks":67,"projectvibrantjourneys:light_brown_bark_mushroom":2,"minecraft:oak_slab":88,"simplefarming:peanut_seeds":1,"minecraft:sand":19,"minecraft:spruce_log":6,"minecraft:dark_oak_log":3,"croptopia:lemon":3,"minecraft:slime_ball":1,"minecraft:stone_axe":1,"butcher:butchersguidebook":1,"croptopia:orange":33,"minecraft:bone_meal":1,"minecraft:oak_sapling":23,"projectvibrantjourneys:orange_bark_mushroom":1,"born_in_chaos_v1:rotten_fish":5,"minecraft:coal":22},"minecraft:broken":{"minecraft:wooden_pickaxe":1,"minecraft:stone_pickaxe":7,"spartanweaponry:iron_katana":1,"spartanweaponry:iron_battleaxe":1,"minecraft:stone_axe":3,"minecraft:stone_shovel":12},"minecraft:mined":{"projectvibrantjourneys:rocks":2,"minecraft:acacia_log":9,"minecraft:grass_block":861,"minecraft:tall_seagrass":2,"projectvibrantjourneys:reeds":5,"projectvibrantjourneys:bark_mushroom":1,"minecraft:oak_stairs":3,"minecraft:pink_tulip":1,"minecraft:stone":1087,"projectvibrantjourneys:cattail":4,"minecraft:oak_slab":81,"minecraft:crafting_table":1,"minecraft:torch":4,"projectvibrantjourneys:twigs":3,"projectvibrantjourneys:mossy_rocks":1,"minecraft:sculk_sensor":1,"quark:blossom_log":16,"minecraft:tall_grass":7,"minecraft:copper_ore":2,"projectvibrantjourneys:fallen_leaves":4,"minecraft:oak_planks":71,"mores:tin_ore":2,"minecraft:wall_torch":1,"minecraft:wheat":37,"minecraft:spruce_log":6,"born_in_chaos_v1:river_mint":4,"minecraft:grass":61,"minecraft:oak_log":148,"minecraft:coal_ore":3,"projectvibrantjourneys:short_grass":46,"minecraft:sand":24,"minecraft:dirt":997,"minecraft:cobweb":1,"minecraft:oak_leaves":12},"minecraft:dropped":{"minecraft:wheat_seeds":5,"tombstone:tablet_of_home":1,"minecraft:cobblestone":14,"minecraft:apple":8,"simplefarming:peanut_seeds":1,"simplefarming:pea_seeds":1,"minecraft:dirt":76,"simplefarming:soybean_seeds":1,"tombstone:grave_key":2,"tombstone:grave_dust":1,"minecraft:string":3,"projectvibrantjourneys:bark_mushroom":2,"projectvibrantjourneys:reeds":1,"minecraft:pink_tulip":1,"minecraft:stone_axe":1,"born_in_chaos_v1:rotten_fish":1,"minecraft:stone_shovel":1,"minecraft:rotten_flesh":1,"projectvibrantjourneys:light_brown_bark_mushroom":2,"simplefarming:honeydew_seeds":2,"born_in_chaos_v1:corpse_maggot":1,"projectvibrantjourneys:cattail":1,"croptopia:peach":2,"minecraft:wooden_pickaxe":1,"simplefarming:eggplant_seeds":1},"minecraft:crafted":{"minecraft:oak_planks":558,"minecraft:stone_shovel":15,"minecraft:cooked_chicken":1,"minecraft:stone_pickaxe":8,"mores:tourmaline_leggings":1,"minecraft:cooked_beef":1,"minecraft:oak_slab":108,"mores:tourmaline_chestplate":1,"minecraft:crafting_table":1,"minecraft:wooden_pickaxe":1,"minecraft:stone_axe":5,"minecraft:air":0,"minecraft:stick":36,"minecraft:oak_stairs":8,"minecraft:stone_sword":1,"minecraft:acacia_planks":36,"minecraft:torch":28},"minecraft:custom":{"minecraft:mob_kills":30,"minecraft:interact_with_crafting_table":34,"minecraft:open_barrel":17,"minecraft:leave_game":7,"minecraft:time_since_death":26695,"minecraft:sprint_one_cm":557086,"minecraft:walk_one_cm":1072762,"minecraft:drop":56,"minecraft:talked_to_villager":3,"minecraft:play_time":262075,"minecraft:deaths":11,"minecraft:sneak_time":8237,"minecraft:walk_under_water_one_cm":16495,"minecraft:jump":4338,"minecraft:interact_with_blast_furnace":3,"minecraft:walk_on_water_one_cm":55245,"minecraft:total_world_time":262075,"minecraft:interact_with_furnace":11,"minecraft:time_since_rest":26388,"minecraft:damage_taken":4291,"tombstone:sneak_grave":2,"minecraft:damage_dealt":5040,"minecraft:swim_one_cm":29319,"minecraft:fly_one_cm":1028922,"minecraft:open_chest":56,"minecraft:crouch_one_cm":31481,"tombstone:undead_killed":12,"minecraft:fall_one_cm":126905},"minecraft:killed":{"born_in_chaos_v1:zombie_lumberjack":1,"born_in_chaos_v1:zombie_clown_not_despawn":1,"minecraft:spider":1,"born_in_chaos_v1:maggot":2,"minecraft:chicken":1,"born_in_chaos_v1:corpse_fish":9,"iter_rpg:spiderling":1,"minecraft:zombie":9,"born_in_chaos_v1:corpse_fly":2,"iter_rpg:bloated":1,"minecraft:cow":1},"minecraft:used":{"minecraft:stone_sword":30,"minecraft:stone_shovel":1873,"croptopia:oat":1,"minecraft:cooked_chicken":1,"minecraft:torch":37,"minecraft:dirt":460,"born_in_chaos_v1:smoked_flesh":5,"minecraft:oak_stairs":6,"croptopia:peach":33,"minecraft:oak_sapling":11,"tombstone:gift":2,"minecraft:egg":1,"minecraft:cooked_beef":2,"minecraft:stone_pickaxe":1050,"minecraft:oak_planks":396,"minecraft:wooden_pickaxe":86,"simplefarming:strawberries":1,"minecraft:oak_slab":185,"minecraft:crafting_table":2,"spartanweaponry:iron_katana":5,"croptopia:orange":31,"spartanweaponry:iron_battleaxe":11,"minecraft:apple":20,"minecraft:bread":6,"minecraft:stone_axe":444,"born_in_chaos_v1:rotten_fish":2,"minecraft:cooked_porkchop":2,"croptopia:bellpepper":1}},"DataVersion":3465}