{"stats":{"minecraft:dropped":{"untamedwilds:material_fat":3,"minecraft:stone_shovel":1,"minecraft:apple":8,"simplefarming:pea_seeds":1,"simplefarming:soybean_seeds":1,"simplefarming:honeydew_seeds":2,"tombstone:grave_key":2,"tombstone:grave_dust":1,"croptopia:peach":2,"minecraft:wooden_pickaxe":1,"projectvibrantjourneys:cattail":1,"projectvibrantjourneys:bark_mushroom":1,"simplefarming:eggplant_seeds":1,"minecraft:pink_tulip":1},"minecraft:custom":{"minecraft:interact_with_furnace":3,"minecraft:mob_kills":13,"minecraft:interact_with_crafting_table":6,"minecraft:leave_game":6,"minecraft:time_since_death":8801,"minecraft:time_since_rest":8613,"minecraft:sprint_one_cm":248035,"minecraft:damage_taken":1876,"minecraft:walk_one_cm":316650,"minecraft:drop":25,"minecraft:damage_dealt":1792,"minecraft:swim_one_cm":10447,"minecraft:fly_one_cm":554201,"minecraft:open_chest":9,"minecraft:crouch_one_cm":11312,"minecraft:play_time":95101,"tombstone:undead_killed":1,"minecraft:deaths":5,"minecraft:sneak_time":3565,"minecraft:walk_under_water_one_cm":8588,"minecraft:jump":2192,"minecraft:walk_on_water_one_cm":23691,"minecraft:total_world_time":95101,"minecraft:fall_one_cm":66328},"minecraft:broken":{"spartanweaponry:iron_katana":1,"minecraft:stone_shovel":4},"minecraft:mined":{"projectvibrantjourneys:cattail":4,"projectvibrantjourneys:rocks":2,"minecraft:crafting_table":1,"projectvibrantjourneys:twigs":3,"minecraft:acacia_log":9,"minecraft:grass_block":479,"projectvibrantjourneys:mossy_rocks":1,"minecraft:tall_grass":7,"projectvibrantjourneys:fallen_leaves":3,"minecraft:tall_seagrass":2,"projectvibrantjourneys:reeds":3,"minecraft:grass":57,"minecraft:oak_log":33,"minecraft:coal_ore":2,"projectvibrantjourneys:short_grass":33,"minecraft:dirt":238,"minecraft:pink_tulip":1,"minecraft:stone":25},"minecraft:picked_up":{"born_in_chaos_v1:corpse_maggot":2,"simplefarming:pea_seeds":1,"minecraft:crafting_table":1,"minecraft:feather":1,"simplefarming:soybean_seeds":1,"minecraft:chicken":1,"croptopia:peach":14,"minecraft:leather":1,"minecraft:wooden_pickaxe":1,"farm_and_charm:barley":4,"minecraft:oak_log":34,"minecraft:dirt":678,"spartanweaponry:iron_katana":1,"projectvibrantjourneys:reeds":2,"untamedwilds:spawn_tortoise":7,"minecraft:bone":1,"minecraft:oak_sign":1,"minecraft:apple":27,"untamedwilds:material_fat":3,"minecraft:wheat_seeds":22,"simplefarming:honeydew_seeds":1,"minecraft:acacia_sapling":7,"minecraft:egg":2,"minecraft:stick":20,"minecraft:acacia_log":9,"simplefarming:eggplant_seeds":1,"simplefarming:strawberries":1,"croptopia:orange":22,"minecraft:pink_tulip":1,"projectvibrantjourneys:cattail":2,"born_in_chaos_v1:rotten_fish":4,"projectvibrantjourneys:orange_bark_mushroom":1,"minecraft:oak_sapling":9,"minecraft:coal":2,"minecraft:cobblestone":25},"minecraft:used":{"minecraft:stone_shovel":778,"minecraft:wooden_pickaxe":30,"untamedwilds:spawn_tortoise":7,"minecraft:cooked_chicken":1,"simplefarming:strawberries":1,"minecraft:torch":4,"minecraft:dirt":220,"minecraft:crafting_table":2,"spartanweaponry:iron_katana":5,"croptopia:orange":20,"minecraft:apple":19,"minecraft:stone_axe":72,"born_in_chaos_v1:rotten_fish":2,"croptopia:peach":12,"tombstone:gift":2,"minecraft:egg":1},"minecraft:killed":{"untamedwilds:wildebeest":1,"iter_rpg:spiderling":1,"minecraft:zombie":1,"minecraft:chicken":1,"born_in_chaos_v1:corpse_fly":2,"born_in_chaos_v1:corpse_fish":7},"minecraft:crafted":{"minecraft:oak_planks":28,"minecraft:stone_shovel":6,"minecraft:crafting_table":1,"minecraft:wooden_pickaxe":1,"minecraft:cooked_chicken":1,"minecraft:stone_axe":1,"minecraft:air":0,"minecraft:stick":4,"minecraft:torch":8},"minecraft:killed_by":{"born_in_chaos_v1:corpse_fly":1}},"DataVersion":3465}