{"stats":{"minecraft:broken":{"minecraft:stone_shovel":2},"minecraft:dropped":{"untamedwilds:material_fat":2,"tombstone:grave_key":2,"tombstone:grave_dust":1,"minecraft:apple":8,"projectvibrantjourneys:bark_mushroom":1},"minecraft:mined":{"minecraft:tall_seagrass":1,"projectvibrantjourneys:rocks":1,"minecraft:crafting_table":1,"minecraft:acacia_log":9,"projectvibrantjourneys:twigs":1,"minecraft:grass":31,"minecraft:grass_block":257,"minecraft:oak_log":22,"minecraft:coal_ore":1,"projectvibrantjourneys:short_grass":13,"minecraft:dirt":123,"minecraft:tall_grass":3,"minecraft:stone":15,"projectvibrantjourneys:fallen_leaves":1},"minecraft:custom":{"minecraft:time_since_rest":20162,"minecraft:sprint_one_cm":123369,"minecraft:damage_taken":1130,"minecraft:walk_one_cm":98963,"minecraft:mob_kills":2,"minecraft:drop":14,"minecraft:damage_dealt":602,"minecraft:swim_one_cm":1661,"minecraft:interact_with_crafting_table":4,"minecraft:fly_one_cm":279517,"minecraft:open_chest":2,"minecraft:crouch_one_cm":3829,"minecraft:play_time":38744,"minecraft:deaths":3,"minecraft:sneak_time":1509,"minecraft:walk_under_water_one_cm":4099,"minecraft:jump":993,"minecraft:leave_game":3,"minecraft:time_since_death":21316,"minecraft:walk_on_water_one_cm":9658,"minecraft:total_world_time":38744,"minecraft:fall_one_cm":33571},"minecraft:picked_up":{"minecraft:stick":16,"minecraft:crafting_table":1,"simplefarming:soybean_seeds":1,"croptopia:peach":12,"minecraft:leather":1,"minecraft:acacia_log":9,"farm_and_charm:barley":4,"minecraft:oak_log":23,"minecraft:dirt":378,"simplefarming:eggplant_seeds":1,"untamedwilds:spawn_tortoise":5,"minecraft:bone":1,"minecraft:apple":19,"untamedwilds:material_fat":2,"minecraft:wheat_seeds":12,"simplefarming:strawberries":1,"croptopia:orange":13,"projectvibrantjourneys:orange_bark_mushroom":1,"minecraft:oak_sapling":4,"minecraft:acacia_sapling":7,"minecraft:coal":1,"minecraft:cobblestone":15,"minecraft:egg":1},"minecraft:used":{"minecraft:apple":11,"minecraft:stone_shovel":413,"minecraft:wooden_pickaxe":18,"untamedwilds:spawn_tortoise":4,"simplefarming:strawberries":1,"minecraft:stone_axe":40,"minecraft:dirt":1,"croptopia:peach":1,"minecraft:crafting_table":1,"tombstone:gift":2,"minecraft:egg":1,"croptopia:orange":3},"minecraft:killed":{"untamedwilds:wildebeest":1,"iter_rpg:spiderling":1},"minecraft:crafted":{"minecraft:oak_planks":28,"minecraft:stone_shovel":3,"minecraft:crafting_table":1,"minecraft:stick":4,"minecraft:wooden_pickaxe":1,"minecraft:stone_axe":1}},"DataVersion":3465}