{"stats":{"minecraft:killed":{"minecraft:cave_spider":2,"born_in_chaos_v1:zombie_lumberjack":1,"born_in_chaos_v1:zombie_clown_not_despawn":1,"minecraft:vindicator":3,"minecraft:spider":3,"born_in_chaos_v1:maggot":3,"minecraft:skeleton":9,"minecraft:chicken":1,"minecraft:silverfish":10,"born_in_chaos_v1:corpse_fish":9,"minecraft:zombie_villager":12,"iter_rpg:spiderling":1,"minecraft:zombie":15,"born_in_chaos_v1:corpse_fly":2,"born_in_chaos_v1:nightmare_stalker":1,"iter_rpg:bloated":1,"minecraft:cow":3},"minecraft:picked_up":{"simplefarming:pea_seeds":2,"minecraft:crafting_table":1,"minecraft:wheat":113,"minecraft:chicken":1,"born_in_chaos_v1:river_mint":8,"croptopia:peach":44,"simplefarming:yam":5,"minecraft:brown_mushroom":2,"tombstone:tablet_of_home":1,"minecraft:wooden_pickaxe":1,"minecraft:oak_stairs":3,"minecraft:brown_bed":2,"spartanweaponry:iron_katana":1,"minecraft:string":5,"minecraft:raw_copper":167,"projectvibrantjourneys:reeds":3,"mores:tourmaline_gem":15,"minecraft:experience_bottle":8,"minecraft:oak_sign":1,"minecraft:spruce_planks":9,"croptopia:avocado":5,"minecraft:beef":5,"minecraft:poppy":1,"minecraft:iron_pickaxe":1,"minecraft:hopper_minecart":1,"born_in_chaos_v1:stimulating_decoction":2,"minecraft:sugar_cane":2,"spartanweaponry:iron_flanged_mace":1,"mores:topaz_sword":1,"minecraft:egg":2,"minecraft:tipped_arrow":10,"neapolitan:strawberry_milkshake":1,"minecraft:stick":52,"minecraft:raw_iron":45,"minecraft:oak_fence":2,"projectvibrantjourneys:bark_mushroom":2,"minecraft:torch":140,"simplefarming:yam_seeds":4,"minecraft:acacia_log":9,"quark:blossom_log":1,"tombstone:grave_dust":2,"born_in_chaos_v1:nightmare_claw":1,"minecraft:stone_pressure_plate":1,"quark:blossom_planks":40,"simplefarming:eggplant_seeds":1,"minecraft:brown_carpet":8,"minecraft:tnt":1,"mores:raw_tin":8,"mores:tourmaline_chestplate":1,"minecraft:arrow":6,"minecraft:rotten_flesh":28,"minecraft:decorated_pot":3,"simplefarming:strawberries":1,"simplefarming:ginger_seeds":1,"minecraft:pink_tulip":1,"projectvibrantjourneys:cattail":2,"mores:tourmaline_leggings":1,"minecraft:iron_bars":2,"minecraft:rail":20,"minecraft:cobblestone":1068,"born_in_chaos_v1:corpse_maggot":4,"minecraft:feather":1,"simplefarming:soybean_seeds":1,"minecraft:iron_door":1,"minecraft:jungle_log":1,"spartanweaponry:iron_battleaxe":1,"minecraft:leather":1,"farm_and_charm:barley":4,"minecraft:potato":9,"minecraft:oak_log":215,"quark:blossom_fence":13,"minecraft:dirt":1874,"minecraft:stone_bricks":1,"minecraft:bone":10,"minecraft:acacia_planks":19,"minecraft:apple":32,"minecraft:gray_carpet":1,"minecraft:wheat_seeds":162,"minecraft:bow":1,"minecraft:acacia_trapdoor":1,"minecraft:raw_gold":6,"simplefarming:honeydew_seeds":1,"minecraft:iron_ingot":6,"minecraft:powered_rail":1,"tombstone:scroll_of_reach":1,"minecraft:iron_sword":1,"minecraft:oak_planks":82,"minecraft:acacia_sapling":7,"projectvibrantjourneys:light_brown_bark_mushroom":2,"minecraft:oak_slab":91,"simplefarming:peanut_seeds":1,"simplefarming:rice_seeds":1,"born_in_chaos_v1:ethereal_spirit":1,"minecraft:sand":19,"minecraft:infested_stone_bricks":17,"minecraft:spruce_sapling":8,"croptopia:oat":1,"minecraft:white_bed":1,"minecraft:spruce_log":8,"minecraft:dark_oak_log":3,"minecraft:spider_eye":1,"minecraft:bundle":1,"croptopia:lemon":3,"farm_and_charm:tomato":5,"croptopia:oat_seed":1,"minecraft:slime_ball":1,"minecraft:diamond":16,"minecraft:stone_axe":1,"butcher:butchersguidebook":1,"minecraft:light_blue_carpet":2,"mores:anthracite":3,"croptopia:orange":33,"minecraft:chainmail_helmet":1,"minecraft:bone_meal":1,"minecraft:golden_apple":1,"minecraft:acacia_slab":1,"minecraft:emerald":29,"minecraft:bread":64,"tombstone:magic_scroll":2,"minecraft:oak_sapling":50,"projectvibrantjourneys:orange_bark_mushroom":1,"argentinas_delight:cuernodetoro":1,"born_in_chaos_v1:rotten_fish":5,"minecraft:light_gray_carpet":3,"minecraft:melon_seeds":2,"minecraft:coal":135},"minecraft:dropped":{"tombstone:scroll_of_reach":1,"minecraft:wheat_seeds":6,"minecraft:tnt":1,"tombstone:tablet_of_home":1,"minecraft:cobblestone":14,"minecraft:apple":8,"simplefarming:peanut_seeds":1,"simplefarming:pea_seeds":1,"minecraft:dirt":76,"simplefarming:soybean_seeds":1,"spartanweaponry:iron_flanged_mace":1,"tombstone:magic_scroll":1,"tombstone:grave_key":2,"simplefarming:rice_seeds":1,"tombstone:grave_dust":1,"minecraft:string":3,"projectvibrantjourneys:reeds":1,"projectvibrantjourneys:bark_mushroom":2,"minecraft:pink_tulip":1,"minecraft:stone_axe":2,"minecraft:raw_copper":1,"minecraft:bowl":1,"born_in_chaos_v1:ethereal_spirit":1,"born_in_chaos_v1:rotten_fish":1,"minecraft:stone_shovel":1,"minecraft:rotten_flesh":1,"projectvibrantjourneys:light_brown_bark_mushroom":2,"minecraft:shield":1,"simplefarming:honeydew_seeds":2,"minecraft:stone_pressure_plate":1,"minecraft:acacia_slab":1,"minecraft:raw_gold":2,"minecraft:bow":1,"minecraft:stone_bricks":1,"minecraft:spider_eye":1,"minecraft:iron_bars":2,"born_in_chaos_v1:corpse_maggot":1,"mores:topaz_sword":1,"croptopia:peach":2,"projectvibrantjourneys:cattail":1,"minecraft:wooden_pickaxe":1,"simplefarming:eggplant_seeds":1},"minecraft:used":{"minecraft:stone_sword":57,"minecraft:stone_shovel":1955,"minecraft:spruce_planks":261,"minecraft:shield":3,"minecraft:iron_sword":271,"croptopia:oat":1,"minecraft:cooked_chicken":1,"minecraft:torch":222,"minecraft:dirt":481,"born_in_chaos_v1:smoked_flesh":5,"minecraft:iron_axe":35,"minecraft:oak_stairs":6,"croptopia:peach":33,"minecraft:bow":22,"minecraft:oak_sapling":11,"tombstone:gift":2,"minecraft:egg":1,"minecraft:cooked_beef":2,"minecraft:golden_axe":16,"minecraft:brown_bed":1,"mores:topaz_sword":16,"minecraft:acacia_trapdoor":1,"minecraft:stone_pickaxe":1116,"minecraft:oak_planks":396,"minecraft:wooden_pickaxe":86,"simplefarming:strawberries":1,"minecraft:oak_slab":186,"minecraft:crafting_table":2,"neapolitan:strawberry_milkshake":1,"minecraft:mushroom_stew":1,"minecraft:white_bed":2,"spartanweaponry:iron_katana":5,"minecraft:infested_stone_bricks":7,"croptopia:orange":31,"spartanweaponry:iron_battleaxe":11,"minecraft:apple":20,"minecraft:bread":37,"minecraft:iron_pickaxe":84,"tombstone:grave_key":22,"minecraft:diamond_sword":282,"minecraft:iron_door":1,"minecraft:spruce_sapling":8,"minecraft:cobblestone":2,"minecraft:stone_axe":564,"born_in_chaos_v1:rotten_fish":2,"minecraft:cooked_porkchop":4,"croptopia:bellpepper":1,"neapolitan:chocolate_bar":1},"minecraft:crafted":{"minecraft:oak_planks":558,"minecraft:stone_shovel":16,"minecraft:cooked_chicken":1,"minecraft:stone_pickaxe":9,"mores:tourmaline_leggings":1,"minecraft:cooked_beef":1,"minecraft:oak_slab":108,"minecraft:diamond_sword":1,"mores:tourmaline_chestplate":1,"minecraft:crafting_table":1,"minecraft:spruce_planks":254,"minecraft:wooden_pickaxe":1,"minecraft:stone_axe":5,"minecraft:bread":14,"minecraft:air":0,"minecraft:stick":36,"minecraft:iron_ingot":5,"minecraft:oak_stairs":8,"minecraft:stone_sword":1,"butcher:butchers_knife":1,"minecraft:white_bed":1,"minecraft:acacia_planks":40,"minecraft:torch":48},"minecraft:killed_by":{"born_in_chaos_v1:zombie_lumberjack":1,"born_in_chaos_v1:corpse_fly":1,"minecraft:silverfish":1,"minecraft:zombie":3},"minecraft:broken":{"minecraft:diamond_helmet":1,"minecraft:wooden_pickaxe":1,"minecraft:stone_pickaxe":8,"spartanweaponry:iron_katana":1,"spartanweaponry:iron_battleaxe":1,"minecraft:diamond_boots":1,"minecraft:golden_axe":1,"minecraft:stone_axe":3,"minecraft:iron_sword":1,"minecraft:stone_shovel":13},"minecraft:custom":{"minecraft:mob_kills":78,"minecraft:interact_with_crafting_table":47,"minecraft:open_barrel":58,"minecraft:leave_game":9,"minecraft:time_since_death":8532,"minecraft:climb_one_cm":3904,"minecraft:sprint_one_cm":939777,"minecraft:walk_one_cm":1582988,"minecraft:damage_blocked_by_shield":150,"minecraft:drop":76,"minecraft:play_noteblock":1,"minecraft:talked_to_villager":3,"minecraft:play_time":389997,"minecraft:deaths":36,"minecraft:sneak_time":8966,"minecraft:walk_under_water_one_cm":20891,"minecraft:jump":5616,"minecraft:interact_with_blast_furnace":6,"minecraft:walk_on_water_one_cm":65215,"minecraft:total_world_time":389997,"minecraft:interact_with_furnace":20,"tombstone:raider_killed":3,"minecraft:sleep_in_bed":5,"minecraft:time_since_rest":8318,"minecraft:damage_taken":14041,"tombstone:sneak_grave":16,"minecraft:damage_dealt":14822,"minecraft:minecart_one_cm":91,"minecraft:swim_one_cm":32233,"minecraft:fly_one_cm":1232958,"minecraft:open_chest":170,"minecraft:crouch_one_cm":32616,"tombstone:undead_killed":39,"minecraft:fall_one_cm":153905},"minecraft:mined":{"minecraft:diamond_ore":4,"minecraft:spruce_planks":9,"minecraft:white_bed":1,"minecraft:light_blue_carpet":2,"projectvibrantjourneys:rocks":4,"minecraft:acacia_log":9,"minecraft:grass_block":904,"minecraft:decorated_pot":7,"minecraft:spawner":3,"minecraft:tall_seagrass":2,"projectvibrantjourneys:reeds":5,"minecraft:spruce_sapling":8,"minecraft:acacia_trapdoor":1,"minecraft:iron_ore":11,"minecraft:fire":17,"projectvibrantjourneys:bark_mushroom":1,"minecraft:brown_bed":2,"minecraft:iron_bars":2,"minecraft:oak_stairs":3,"minecraft:pink_tulip":1,"minecraft:stone":1154,"projectvibrantjourneys:cattail":4,"minecraft:light_gray_carpet":1,"minecraft:oak_slab":85,"minecraft:brown_carpet":1,"minecraft:oak_fence":1,"minecraft:crafting_table":1,"minecraft:torch":7,"projectvibrantjourneys:twigs":3,"minecraft:sculk_sensor":1,"mcwfences:spruce_highley_gate":2,"projectvibrantjourneys:mossy_rocks":1,"quark:blossom_log":16,"minecraft:copper_ore":8,"minecraft:tall_grass":11,"projectvibrantjourneys:fallen_leaves":4,"minecraft:oak_planks":86,"minecraft:iron_door":1,"minecraft:wall_torch":2,"mores:tin_ore":2,"minecraft:tnt":1,"minecraft:wheat":37,"minecraft:spruce_log":10,"born_in_chaos_v1:river_mint":4,"minecraft:grass":71,"minecraft:oak_log":218,"minecraft:coal_ore":21,"projectvibrantjourneys:short_grass":52,"minecraft:sand":24,"minecraft:dirt":1053,"minecraft:cobweb":4,"minecraft:acacia_planks":3,"minecraft:stone_bricks":1,"minecraft:oak_leaves":17}},"DataVersion":3465}