{"stats":{"minecraft:broken":{"minecraft:wooden_pickaxe":1,"minecraft:stone_pickaxe":2,"spartanweaponry:iron_katana":1,"spartanweaponry:iron_battleaxe":1,"minecraft:stone_axe":2,"minecraft:stone_shovel":11},"minecraft:mined":{"projectvibrantjourneys:rocks":2,"minecraft:acacia_log":9,"minecraft:grass_block":822,"minecraft:tall_seagrass":2,"projectvibrantjourneys:reeds":4,"minecraft:oak_stairs":3,"minecraft:pink_tulip":1,"minecraft:stone":391,"projectvibrantjourneys:cattail":4,"minecraft:oak_slab":51,"minecraft:crafting_table":1,"minecraft:torch":4,"projectvibrantjourneys:twigs":3,"minecraft:sculk_sensor":1,"projectvibrantjourneys:mossy_rocks":1,"quark:blossom_log":16,"minecraft:tall_grass":7,"minecraft:copper_ore":1,"projectvibrantjourneys:fallen_leaves":4,"minecraft:oak_planks":34,"minecraft:wall_torch":1,"minecraft:wheat":37,"minecraft:spruce_log":6,"born_in_chaos_v1:river_mint":3,"minecraft:grass":59,"minecraft:coal_ore":2,"minecraft:oak_log":101,"projectvibrantjourneys:short_grass":42,"minecraft:dirt":851,"minecraft:sand":24,"minecraft:cobweb":1,"minecraft:oak_leaves":7},"minecraft:dropped":{"minecraft:wheat_seeds":1,"untamedwilds:material_fat":3,"tombstone:tablet_of_home":1,"minecraft:apple":8,"simplefarming:pea_seeds":1,"minecraft:dirt":76,"simplefarming:soybean_seeds":1,"tombstone:grave_key":2,"tombstone:grave_dust":1,"projectvibrantjourneys:reeds":1,"projectvibrantjourneys:bark_mushroom":1,"minecraft:pink_tulip":1,"minecraft:stone_axe":1,"minecraft:stone_shovel":1,"minecraft:rotten_flesh":1,"projectvibrantjourneys:light_brown_bark_mushroom":2,"simplefarming:honeydew_seeds":2,"born_in_chaos_v1:corpse_maggot":1,"croptopia:peach":2,"projectvibrantjourneys:cattail":1,"minecraft:wooden_pickaxe":1,"simplefarming:eggplant_seeds":1},"minecraft:custom":{"minecraft:mob_kills":28,"minecraft:interact_with_crafting_table":23,"minecraft:open_barrel":17,"minecraft:leave_game":6,"minecraft:time_since_death":15048,"minecraft:sprint_one_cm":446861,"minecraft:walk_one_cm":846178,"minecraft:drop":45,"minecraft:play_time":179101,"minecraft:deaths":10,"minecraft:sneak_time":7063,"minecraft:walk_under_water_one_cm":9532,"minecraft:jump":3672,"minecraft:walk_on_water_one_cm":41163,"minecraft:total_world_time":179101,"minecraft:interact_with_furnace":8,"minecraft:time_since_rest":14757,"minecraft:damage_taken":3987,"tombstone:sneak_grave":2,"minecraft:damage_dealt":4586,"minecraft:swim_one_cm":22680,"minecraft:fly_one_cm":917782,"minecraft:open_chest":40,"minecraft:crouch_one_cm":27012,"tombstone:undead_killed":11,"minecraft:fall_one_cm":114670},"minecraft:picked_up":{"minecraft:crafting_table":1,"simplefarming:pea_seeds":2,"minecraft:wheat":35,"minecraft:chicken":1,"born_in_chaos_v1:river_mint":3,"croptopia:peach":44,"tombstone:tablet_of_home":1,"minecraft:wooden_pickaxe":1,"minecraft:oak_stairs":3,"minecraft:string":1,"spartanweaponry:iron_katana":1,"minecraft:raw_copper":27,"projectvibrantjourneys:reeds":3,"minecraft:oak_sign":1,"croptopia:avocado":5,"minecraft:beef":1,"born_in_chaos_v1:stimulating_decoction":2,"minecraft:egg":2,"minecraft:stick":33,"minecraft:raw_iron":19,"projectvibrantjourneys:bark_mushroom":1,"minecraft:torch":5,"minecraft:acacia_log":9,"quark:blossom_log":1,"tombstone:grave_dust":1,"simplefarming:eggplant_seeds":1,"quark:blossom_planks":40,"minecraft:rotten_flesh":14,"simplefarming:strawberries":1,"minecraft:pink_tulip":1,"projectvibrantjourneys:cattail":2,"minecraft:cobblestone":383,"born_in_chaos_v1:corpse_maggot":4,"minecraft:feather":1,"simplefarming:soybean_seeds":1,"spartanweaponry:iron_battleaxe":1,"minecraft:leather":1,"farm_and_charm:barley":4,"minecraft:oak_log":99,"quark:blossom_fence":13,"minecraft:dirt":1592,"untamedwilds:spawn_tortoise":7,"minecraft:bone":3,"minecraft:apple":29,"untamedwilds:material_fat":3,"minecraft:wheat_seeds":28,"simplefarming:honeydew_seeds":1,"minecraft:iron_ingot":5,"minecraft:acacia_sapling":7,"minecraft:oak_planks":34,"projectvibrantjourneys:light_brown_bark_mushroom":2,"minecraft:oak_slab":59,"minecraft:sand":19,"minecraft:spruce_log":6,"minecraft:dark_oak_log":1,"minecraft:stone_axe":1,"butcher:butchersguidebook":1,"croptopia:orange":33,"minecraft:bone_meal":1,"minecraft:oak_sapling":23,"projectvibrantjourneys:orange_bark_mushroom":1,"born_in_chaos_v1:rotten_fish":4,"minecraft:coal":2},"minecraft:used":{"minecraft:stone_sword":23,"minecraft:stone_shovel":1720,"untamedwilds:spawn_tortoise":7,"croptopia:oat":1,"minecraft:cooked_chicken":1,"minecraft:torch":28,"minecraft:dirt":384,"born_in_chaos_v1:smoked_flesh":5,"minecraft:oak_stairs":6,"croptopia:peach":33,"minecraft:oak_sapling":11,"tombstone:gift":2,"minecraft:egg":1,"minecraft:cooked_beef":2,"minecraft:stone_pickaxe":325,"minecraft:oak_planks":333,"minecraft:wooden_pickaxe":86,"simplefarming:strawberries":1,"minecraft:crafting_table":2,"minecraft:oak_slab":107,"spartanweaponry:iron_katana":5,"croptopia:orange":31,"spartanweaponry:iron_battleaxe":11,"minecraft:apple":20,"minecraft:stone_axe":303,"born_in_chaos_v1:rotten_fish":2,"minecraft:cooked_porkchop":2,"croptopia:bellpepper":1},"minecraft:killed":{"born_in_chaos_v1:zombie_lumberjack":1,"born_in_chaos_v1:zombie_clown_not_despawn":1,"untamedwilds:wildebeest":1,"minecraft:spider":1,"born_in_chaos_v1:maggot":2,"minecraft:chicken":1,"born_in_chaos_v1:corpse_fish":8,"iter_rpg:spiderling":1,"minecraft:zombie":9,"born_in_chaos_v1:corpse_fly":2,"minecraft:cow":1},"minecraft:crafted":{"minecraft:oak_planks":370,"minecraft:stone_shovel":13,"minecraft:cooked_chicken":1,"minecraft:stone_pickaxe":4,"minecraft:cooked_beef":1,"minecraft:oak_slab":60,"minecraft:crafting_table":1,"minecraft:wooden_pickaxe":1,"minecraft:stone_axe":4,"minecraft:air":0,"minecraft:stick":36,"minecraft:oak_stairs":8,"minecraft:stone_sword":1,"minecraft:acacia_planks":36,"minecraft:torch":28},"minecraft:killed_by":{"born_in_chaos_v1:zombie_lumberjack":1,"born_in_chaos_v1:corpse_fly":1,"minecraft:zombie":3}},"DataVersion":3465}