{"stats":{"minecraft:broken":{"minecraft:wooden_pickaxe":1,"minecraft:stone_pickaxe":5,"spartanweaponry:iron_katana":1,"spartanweaponry:iron_battleaxe":1,"minecraft:stone_axe":3,"minecraft:stone_shovel":12},"minecraft:mined":{"projectvibrantjourneys:rocks":2,"minecraft:acacia_log":9,"minecraft:grass_block":860,"minecraft:tall_seagrass":2,"projectvibrantjourneys:reeds":4,"projectvibrantjourneys:bark_mushroom":1,"minecraft:oak_stairs":3,"minecraft:pink_tulip":1,"minecraft:stone":806,"projectvibrantjourneys:cattail":4,"minecraft:oak_slab":77,"minecraft:crafting_table":1,"minecraft:torch":4,"projectvibrantjourneys:twigs":3,"minecraft:sculk_sensor":1,"projectvibrantjourneys:mossy_rocks":1,"quark:blossom_log":16,"minecraft:tall_grass":7,"minecraft:copper_ore":2,"projectvibrantjourneys:fallen_leaves":4,"minecraft:oak_planks":71,"minecraft:wall_torch":1,"minecraft:wheat":37,"minecraft:spruce_log":6,"born_in_chaos_v1:river_mint":4,"minecraft:grass":60,"minecraft:coal_ore":3,"minecraft:oak_log":148,"projectvibrantjourneys:short_grass":45,"minecraft:dirt":949,"minecraft:sand":24,"minecraft:cobweb":1,"minecraft:oak_leaves":12},"minecraft:dropped":{"minecraft:wheat_seeds":1,"untamedwilds:material_fat":3,"tombstone:tablet_of_home":1,"minecraft:apple":8,"simplefarming:pea_seeds":1,"minecraft:dirt":76,"simplefarming:soybean_seeds":1,"tombstone:grave_key":2,"tombstone:grave_dust":1,"minecraft:string":3,"projectvibrantjourneys:reeds":1,"projectvibrantjourneys:bark_mushroom":2,"minecraft:pink_tulip":1,"minecraft:stone_axe":1,"minecraft:stone_shovel":1,"minecraft:rotten_flesh":1,"projectvibrantjourneys:light_brown_bark_mushroom":2,"simplefarming:honeydew_seeds":2,"born_in_chaos_v1:corpse_maggot":1,"croptopia:peach":2,"projectvibrantjourneys:cattail":1,"minecraft:wooden_pickaxe":1,"simplefarming:eggplant_seeds":1},"minecraft:custom":{"minecraft:mob_kills":28,"minecraft:interact_with_crafting_table":31,"minecraft:open_barrel":17,"minecraft:leave_game":6,"minecraft:time_since_death":69048,"minecraft:sprint_one_cm":504802,"minecraft:walk_one_cm":991230,"minecraft:drop":49,"minecraft:talked_to_villager":3,"minecraft:play_time":233101,"minecraft:deaths":10,"minecraft:sneak_time":8107,"minecraft:walk_under_water_one_cm":10336,"minecraft:jump":3978,"minecraft:walk_on_water_one_cm":43890,"minecraft:total_world_time":233101,"minecraft:interact_with_furnace":10,"minecraft:time_since_rest":68757,"minecraft:damage_taken":4037,"tombstone:sneak_grave":2,"minecraft:damage_dealt":4586,"minecraft:swim_one_cm":26186,"minecraft:fly_one_cm":972174,"minecraft:open_chest":43,"minecraft:crouch_one_cm":31138,"tombstone:undead_killed":11,"minecraft:fall_one_cm":121051},"minecraft:picked_up":{"minecraft:crafting_table":1,"simplefarming:pea_seeds":2,"minecraft:wheat":35,"minecraft:chicken":1,"born_in_chaos_v1:river_mint":8,"croptopia:peach":44,"tombstone:tablet_of_home":1,"minecraft:wooden_pickaxe":1,"minecraft:oak_stairs":3,"minecraft:string":1,"spartanweaponry:iron_katana":1,"minecraft:raw_copper":50,"mores:tourmaline_gem":15,"projectvibrantjourneys:reeds":3,"minecraft:oak_sign":1,"croptopia:avocado":5,"minecraft:beef":1,"born_in_chaos_v1:stimulating_decoction":2,"minecraft:egg":2,"minecraft:stick":33,"minecraft:raw_iron":19,"projectvibrantjourneys:bark_mushroom":2,"minecraft:torch":8,"minecraft:acacia_log":9,"quark:blossom_log":1,"tombstone:grave_dust":1,"simplefarming:eggplant_seeds":1,"quark:blossom_planks":40,"coinsje:gold_coin":1,"minecraft:rotten_flesh":14,"simplefarming:strawberries":1,"minecraft:pink_tulip":1,"projectvibrantjourneys:cattail":2,"minecraft:cobblestone":754,"born_in_chaos_v1:corpse_maggot":4,"minecraft:feather":1,"simplefarming:soybean_seeds":1,"spartanweaponry:iron_battleaxe":1,"minecraft:leather":1,"farm_and_charm:barley":4,"minecraft:potato":2,"minecraft:oak_log":146,"quark:blossom_fence":13,"minecraft:dirt":1719,"untamedwilds:spawn_tortoise":7,"minecraft:bone":3,"minecraft:apple":29,"untamedwilds:material_fat":3,"minecraft:wheat_seeds":28,"simplefarming:honeydew_seeds":1,"minecraft:iron_ingot":5,"minecraft:acacia_sapling":7,"minecraft:oak_planks":67,"projectvibrantjourneys:light_brown_bark_mushroom":2,"minecraft:oak_slab":84,"simplefarming:peanut_seeds":1,"minecraft:sand":19,"minecraft:spruce_log":6,"minecraft:dark_oak_log":1,"croptopia:lemon":3,"minecraft:slime_ball":1,"minecraft:stone_axe":1,"butcher:butchersguidebook":1,"croptopia:orange":33,"minecraft:bone_meal":1,"minecraft:oak_sapling":23,"projectvibrantjourneys:orange_bark_mushroom":1,"born_in_chaos_v1:rotten_fish":4,"minecraft:coal":22},"minecraft:used":{"minecraft:stone_sword":23,"minecraft:stone_shovel":1838,"untamedwilds:spawn_tortoise":7,"croptopia:oat":1,"minecraft:cooked_chicken":1,"minecraft:torch":35,"minecraft:dirt":433,"born_in_chaos_v1:smoked_flesh":5,"minecraft:oak_stairs":6,"croptopia:peach":33,"minecraft:oak_sapling":11,"tombstone:gift":2,"minecraft:egg":1,"minecraft:cooked_beef":2,"minecraft:stone_pickaxe":751,"minecraft:oak_planks":396,"minecraft:wooden_pickaxe":86,"simplefarming:strawberries":1,"minecraft:crafting_table":2,"minecraft:oak_slab":135,"spartanweaponry:iron_katana":5,"croptopia:orange":31,"spartanweaponry:iron_battleaxe":11,"minecraft:apple":20,"minecraft:bread":4,"minecraft:stone_axe":433,"born_in_chaos_v1:rotten_fish":2,"minecraft:cooked_porkchop":2,"croptopia:bellpepper":1},"minecraft:killed":{"born_in_chaos_v1:zombie_lumberjack":1,"born_in_chaos_v1:zombie_clown_not_despawn":1,"untamedwilds:wildebeest":1,"minecraft:spider":1,"born_in_chaos_v1:maggot":2,"minecraft:chicken":1,"born_in_chaos_v1:corpse_fish":8,"iter_rpg:spiderling":1,"minecraft:zombie":9,"born_in_chaos_v1:corpse_fly":2,"minecraft:cow":1},"minecraft:crafted":{"minecraft:oak_planks":558,"minecraft:stone_shovel":15,"minecraft:cooked_chicken":1,"minecraft:stone_pickaxe":6,"mores:tourmaline_leggings":1,"minecraft:cooked_beef":1,"minecraft:oak_slab":78,"mores:tourmaline_chestplate":1,"minecraft:crafting_table":1,"minecraft:wooden_pickaxe":1,"minecraft:stone_axe":5,"minecraft:air":0,"minecraft:stick":36,"minecraft:oak_stairs":8,"minecraft:stone_sword":1,"minecraft:acacia_planks":36,"minecraft:torch":28},"minecraft:killed_by":{"born_in_chaos_v1:zombie_lumberjack":1,"born_in_chaos_v1:corpse_fly":1,"minecraft:zombie":3}},"DataVersion":3465}