{"stats":{"minecraft:dropped":{"woodworks:acacia_chest":1,"minecraft:cobblestone":1,"minecraft:rotten_flesh":5,"croptopia:corn_seed":1,"projectvibrantjourneys:bones":1,"croptopia:soybean_seed":2,"simplefarming:strawberries":1,"projectvibrantjourneys:cattail":1,"untamedwilds:spawn_tortoise":1,"farm_and_charm:barley":12},"minecraft:custom":{"minecraft:mob_kills":2,"minecraft:interact_with_crafting_table":2,"minecraft:leave_game":3,"minecraft:time_since_death":10186,"minecraft:sleep_in_bed":3,"minecraft:climb_one_cm":676,"minecraft:time_since_rest":9976,"minecraft:sprint_one_cm":69865,"minecraft:damage_taken":695,"minecraft:walk_one_cm":33145,"minecraft:drop":10,"minecraft:damage_dealt":609,"minecraft:swim_one_cm":2534,"minecraft:fly_one_cm":131593,"minecraft:open_chest":15,"minecraft:crouch_one_cm":3711,"minecraft:play_time":26224,"tombstone:undead_killed":2,"minecraft:deaths":2,"minecraft:sneak_time":681,"minecraft:walk_under_water_one_cm":375,"minecraft:jump":582,"minecraft:walk_on_water_one_cm":474,"minecraft:total_world_time":26224,"minecraft:fall_one_cm":25707},"minecraft:mined":{"projectvibrantjourneys:cattail":1,"croptopia:orange_crop":2,"minecraft:red_bed":3,"croptopia:sweetpotato_crop":1,"minecraft:crafting_table":2,"untamedwilds:flora_bush_temperate":1,"minecraft:grass_block":2,"farm_and_charm:wild_barley":3,"minecraft:lectern":2,"woodworks:acacia_bookshelf":17,"minecraft:fire":1,"croptopia:corn_crop":1,"croptopia:soybean_crop":1,"minecraft:grass":5,"woodworks:acacia_chest":1,"minecraft:oak_log":7,"projectvibrantjourneys:short_grass":4,"minecraft:dirt":3,"ecologics:walnut_log":3,"minecraft:stone":3,"minecraft:oak_leaves":7},"minecraft:picked_up":{"minecraft:crafting_table":2,"minecraft:feather":1,"croptopia:sweetpotato_seed":2,"farm_and_charm:barley":12,"minecraft:oak_log":7,"woodworks:acacia_chest":1,"projectvibrantjourneys:rocks":1,"minecraft:dirt":5,"minecraft:red_bed":3,"minecraft:lantern":2,"untamedwilds:spawn_tortoise":1,"croptopia:soybean":1,"croptopia:corn":1,"croptopia:sweetpotato":1,"minecraft:iron_nugget":2,"minecraft:lectern":2,"minecraft:egg":1,"minecraft:book":51,"minecraft:stick":1,"croptopia:corn_seed":1,"ecologics:walnut_log":3,"croptopia:soybean_seed":2,"untamedwilds:flora_bush_temperate":1,"projectvibrantjourneys:bones":1,"minecraft:ink_sac":6,"born_in_chaos_v1:pieceofdarkmetal":2,"minecraft:dark_oak_log":1,"minecraft:rotten_flesh":5,"born_in_chaos_v1:wood_splitter_axe":1,"minecraft:writable_book":2,"simplefarming:strawberries":4,"croptopia:orange":2,"minecraft:bread":1,"minecraft:bookshelf":2,"projectvibrantjourneys:cattail":1,"minecraft:cobblestone":4},"minecraft:used":{"minecraft:oak_planks":3,"minecraft:wooden_pickaxe":3,"simplefarming:strawberries":3,"minecraft:dirt":5,"minecraft:crafting_table":2,"minecraft:red_bed":2,"croptopia:sweetpotato":1,"croptopia:orange":2,"minecraft:wooden_axe":12,"croptopia:soybean":1,"untamedwilds:flora_bush_temperate":1,"born_in_chaos_v1:wood_splitter_axe":35,"minecraft:egg":1,"croptopia:corn":1},"minecraft:killed":{"born_in_chaos_v1:fallen_chaos_knight":1,"born_in_chaos_v1:zombie_lumberjack":1},"minecraft:crafted":{"minecraft:oak_planks":28,"minecraft:crafting_table":1,"minecraft:wooden_pickaxe":1,"ecologics:walnut_planks":12,"minecraft:stick":8,"minecraft:stone_pickaxe":1,"minecraft:wooden_axe":1}},"DataVersion":3465}