{"stats":{"minecraft:used":{"minecraft:wooden_axe":1,"croptopia:soybean":1,"simplefarming:strawberries":3,"minecraft:crafting_table":1,"minecraft:red_bed":1,"untamedwilds:flora_bush_temperate":1,"croptopia:sweetpotato":1,"minecraft:egg":1,"croptopia:orange":2,"croptopia:corn":1},"minecraft:dropped":{"farm_and_charm:barley":12},"minecraft:custom":{"minecraft:time_since_rest":1093,"minecraft:sprint_one_cm":26291,"minecraft:damage_taken":240,"minecraft:walk_one_cm":17194,"minecraft:drop":1,"minecraft:damage_dealt":221,"minecraft:swim_one_cm":2534,"minecraft:interact_with_crafting_table":1,"minecraft:fly_one_cm":59523,"minecraft:open_chest":1,"minecraft:crouch_one_cm":1020,"minecraft:play_time":11296,"minecraft:sneak_time":293,"minecraft:walk_under_water_one_cm":375,"minecraft:jump":292,"minecraft:leave_game":2,"minecraft:walk_on_water_one_cm":474,"minecraft:time_since_death":11296,"minecraft:sleep_in_bed":1,"minecraft:total_world_time":11296,"minecraft:fall_one_cm":13781},"minecraft:picked_up":{"minecraft:crafting_table":1,"croptopia:corn_seed":1,"ecologics:walnut_log":3,"croptopia:soybean_seed":2,"croptopia:sweetpotato_seed":2,"farm_and_charm:barley":12,"untamedwilds:flora_bush_temperate":1,"minecraft:oak_log":2,"minecraft:red_bed":2,"croptopia:soybean":1,"croptopia:corn":1,"croptopia:sweetpotato":1,"simplefarming:strawberries":3,"croptopia:orange":2,"projectvibrantjourneys:cattail":1,"minecraft:egg":1},"minecraft:mined":{"projectvibrantjourneys:cattail":1,"croptopia:orange_crop":2,"minecraft:red_bed":2,"minecraft:fire":1,"croptopia:corn_crop":1,"croptopia:soybean_crop":1,"croptopia:sweetpotato_crop":1,"minecraft:crafting_table":1,"untamedwilds:flora_bush_temperate":1,"minecraft:grass":4,"minecraft:oak_log":2,"projectvibrantjourneys:short_grass":4,"farm_and_charm:wild_barley":3,"ecologics:walnut_log":3,"minecraft:oak_leaves":7},"minecraft:crafted":{"minecraft:oak_planks":8,"minecraft:crafting_table":1,"minecraft:stick":4,"minecraft:wooden_pickaxe":1,"ecologics:walnut_planks":12,"minecraft:wooden_axe":1}},"DataVersion":3465}