{"stats":{"minecraft:broken":{"minecraft:wooden_axe":1},"minecraft:mined":{"quark:yellow_blossom_leaves":2,"projectvibrantjourneys:rocks":1,"born_in_chaos_v1:infected_diamond_ore":1,"minecraft:granite":3,"minecraft:grass_block":6,"born_in_chaos_v1:black_argillite":1,"mores:deepslate_tourmaline_ore":7,"iter_rpg:small_vase":1,"minecraft:iron_ore":13,"minecraft:andesite":5,"quark:blossom_planks":1,"minecraft:deepslate_lapis_ore":1,"minecraft:sculk_shrieker":1,"minecraft:deepslate_iron_ore":10,"ecologics:walnut_log":4,"minecraft:stone":44,"ecologics:walnut_sapling":1,"mores:deepslate_anthracite_ore":7,"minecraft:crafting_table":2,"minecraft:torch":1,"minecraft:sculk_sensor":1,"quark:blossom_log":83,"minecraft:cobblestone":2,"minecraft:lapis_ore":1,"minecraft:deepslate_gold_ore":4,"minecraft:sculk":1,"minecraft:diorite":2,"minecraft:wall_torch":3,"minecraft:gray_wool":2,"quark:deepslate_furnace":1,"minecraft:grass":1,"minecraft:coal_ore":12,"minecraft:oak_log":1,"projectvibrantjourneys:short_grass":4,"minecraft:dirt":5,"minecraft:gold_ore":1,"minecraft:deepslate":12},"minecraft:custom":{"minecraft:mob_kills":23,"minecraft:interact_with_crafting_table":26,"minecraft:damage_dealt_resisted":646,"minecraft:leave_game":2,"minecraft:time_since_death":19597,"minecraft:climb_one_cm":508,"minecraft:sprint_one_cm":162323,"minecraft:walk_one_cm":97684,"minecraft:damage_blocked_by_shield":2155,"minecraft:drop":26,"minecraft:play_time":58240,"minecraft:deaths":9,"minecraft:sneak_time":8878,"minecraft:walk_under_water_one_cm":3027,"minecraft:jump":1714,"minecraft:walk_on_water_one_cm":11656,"minecraft:total_world_time":58240,"minecraft:interact_with_furnace":34,"spartanshields:shield_bash_hits":1,"minecraft:time_since_rest":19223,"minecraft:damage_taken":2657,"minecraft:damage_dealt":5920,"minecraft:swim_one_cm":12480,"minecraft:fly_one_cm":311865,"minecraft:open_chest":16,"minecraft:crouch_one_cm":62476,"tombstone:undead_killed":11,"minecraft:fall_one_cm":66423},"minecraft:dropped":{"minecraft:iron_ingot":5,"minecraft:wheat_seeds":1,"simplefarming:pea_seeds":1,"minecraft:dirt":4,"croptopia:kale_seed":2,"quark:blossom_log":1,"born_in_chaos_v1:monster_skin":3,"tombstone:grave_dust":1,"minecraft:bone":1,"quark:yellow_blossom_sapling":5,"minecraft:stone_axe":1,"minecraft:kelp":2,"minecraft:cobbled_deepslate":5,"born_in_chaos_v1:ethereal_spirit":1,"minecraft:raw_iron":19,"minecraft:rotten_flesh":8,"butcher:butchersguidebook":1,"minecraft:andesite":1,"minecraft:stone_pickaxe":1},"minecraft:picked_up":{"simplefarming:pea_seeds":1,"born_in_chaos_v1:diamond_termite_shard":1,"minecraft:crafting_table":2,"born_in_chaos_v1:black_argillite":1,"minecraft:raw_copper":1,"mores:tourmaline_gem":7,"ecologics:walnut_sapling":1,"minecraft:cobbled_deepslate":12,"minecraft:beef":5,"quark:yellow_blossom_sapling":5,"minecraft:raw_iron":66,"ecologics:walnut_log":4,"minecraft:torch":5,"quark:blossom_log":82,"quark:deepslate_furnace":1,"tombstone:grave_dust":2,"minecraft:diorite":2,"quark:blossom_planks":1,"minecraft:rotten_flesh":16,"minecraft:cobblestone":55,"ecologics:walnut_planks":1,"born_in_chaos_v1:corpse_maggot":1,"born_in_chaos_v1:monster_flesh":3,"minecraft:andesite":7,"minecraft:leather":4,"croptopia:glowing_calamari":1,"minecraft:oak_log":2,"minecraft:lapis_lazuli":56,"minecraft:dirt":13,"born_in_chaos_v1:monster_skin":3,"minecraft:bone":10,"untamedwilds:material_fat":4,"minecraft:kelp":2,"minecraft:wheat_seeds":1,"minecraft:raw_gold":10,"iter_rpg:potsherd":1,"minecraft:iron_ingot":1,"croptopia:kale_seed":2,"born_in_chaos_v1:ethereal_spirit":1,"mores:anthracite":7,"minecraft:granite":3,"minecraft:gray_wool":2,"minecraft:coal":123},"minecraft:used":{"croptopia:glowing_calamari":1,"minecraft:chest":4,"minecraft:shield":8,"minecraft:iron_sword":104,"born_in_chaos_v1:black_argillite":1,"minecraft:sculk_sensor":1,"minecraft:torch":99,"minecraft:dirt":9,"minecraft:granite":3,"minecraft:wooden_axe":56,"quark:deepslate_furnace":2,"minecraft:iron_axe":3,"ecologics:walnut_planks":2,"spartanshields:iron_basic_shield":20,"quark:blossom_planks":37,"untamedwilds:material_fat":4,"tombstone:gift":2,"minecraft:cooked_beef":2,"quark:blossom_log":1,"minecraft:water_bucket":8,"minecraft:diorite":1,"minecraft:stone_pickaxe":96,"ecologics:walnut_sapling":1,"minecraft:crafting_table":3,"born_in_chaos_v1:monster_flesh":1,"minecraft:iron_pickaxe":44,"minecraft:stone_axe":54,"minecraft:cobblestone":55,"minecraft:andesite":4,"minecraft:bucket":9,"minecraft:gray_wool":2},"minecraft:killed":{"born_in_chaos_v1:zombie_bruiser":1,"minecraft:skeleton":2,"born_in_chaos_v1:diamond_termite":1,"minecraft:bat":1,"iter_rpg:spiderling":2,"born_in_chaos_v1:decrepit_skeleton":3,"minecraft:zombie":5,"born_in_chaos_v1:dread_hound":3,"born_in_chaos_v1:corpse_fly":1,"born_in_chaos_v1:dark_vortex":1,"untamedwilds:bison":2,"iter_rpg:scallop":1},"minecraft:crafted":{"minecraft:oak_planks":8,"ecologics:walnut_planks":16,"quark:deepslate_furnace":1,"spartanshields:iron_basic_shield":1,"minecraft:iron_boots":1,"minecraft:iron_axe":1,"minecraft:stone_pickaxe":1,"minecraft:chest":4,"minecraft:cooked_beef":5,"quark:blossom_planks":124,"minecraft:crafting_table":2,"minecraft:iron_helmet":1,"minecraft:iron_sword":1,"minecraft:bucket":1,"minecraft:stone_axe":1,"minecraft:air":0,"minecraft:iron_chestplate":1,"minecraft:shield":1,"minecraft:stick":100,"minecraft:iron_ingot":46,"minecraft:iron_pickaxe":1,"minecraft:wooden_axe":1,"minecraft:iron_leggings":1,"minecraft:gold_ingot":10,"spartanshields:wooden_basic_shield":1,"minecraft:torch":300},"minecraft:killed_by":{"minecraft:player":1}},"DataVersion":3465}