{"stats":{"minecraft:killed_by":{"minecraft:player":2,"quark:toretoise":1},"minecraft:picked_up":{"minecraft:iron_chestplate":1,"minecraft:prismarine_shard":3,"mores:obsidian_upgrade_smithing_template":1,"minecraft:oak_stairs":1,"minecraft:enchanted_book":2,"born_in_chaos_v1:bloody_gadfly_eye":1,"minecraft:polished_deepslate_wall":4,"born_in_chaos_v1:black_argillite":1,"minecraft:string":3,"minecraft:raw_copper":475,"minecraft:smooth_stone_slab":1,"minecraft:iron_leggings":1,"mores:tourmaline_gem":23,"minecraft:beetroot":10,"minecraft:cherry_boat":5,"minecraft:cobbled_deepslate":93,"minecraft:iron_pickaxe":1,"minecraft:enchanted_golden_apple":2,"minecraft:iron_boots":1,"minecraft:furnace":3,"minecraft:stick":149,"ecologics:walnut_log":4,"minecraft:torch":214,"quark:blossom_log":82,"simplefarming:raspberries":2,"minecraft:cherry_log":18,"mores:topaz_gem":2,"tombstone:grave_dust":3,"minecraft:diorite":24,"simplefarming:baked_yam":4,"quark:blossom_planks":1,"mores:raw_tin":6,"quark:ancient_tome":2,"minecraft:cactus":3,"minecraft:rotten_flesh":34,"minecraft:tropical_fish":1,"minecraft:mangrove_roots":1,"projectvibrantjourneys:cattail":6,"minecraft:obsidian":1,"minecraft:snowball":16,"minecraft:cobblestone":270,"minecraft:birch_log":143,"ecologics:walnut_planks":11,"minecraft:cherry_planks":5,"minecraft:water_bucket":2,"minecraft:andesite":7,"minecraft:potato":2,"simplefarming:fish_and_chips":1,"minecraft:tuff":3,"minecraft:lapis_lazuli":160,"minecraft:dirt":226,"born_in_chaos_v1:monster_skin":3,"born_in_chaos_v1:marigolds":6,"simplefarming:cucumber_seeds":1,"minecraft:bone":27,"minecraft:wheat_seeds":19,"minecraft:raw_gold":42,"minecraft:grindstone":1,"croptopia:kale_seed":2,"minecraft:oak_planks":1,"simplefarming:peanut_seeds":1,"minecraft:oak_pressure_plate":1,"minecraft:sand":74,"minecraft:grass_block":1,"treasure2:iron_strongbox":2,"minecraft:ink_sac":1,"mores:raw_cobalt":2,"quark:blossom_sign":1,"iter_rpg:abyssquartz_block":1,"butcher:sulfur":1,"minecraft:bundle":1,"farm_and_charm:tomato":1,"simplefarming:corn":2,"iter_rpg:abyssquartz_shard":24,"minecraft:granite":4,"mores:raw_silver":8,"simplefarming:pea_seeds":1,"minecraft:crafting_table":4,"born_in_chaos_v1:diamond_termite_shard":1,"born_in_chaos_v1:river_mint":5,"croptopia:peach":7,"minecraft:gold_block":3,"minecraft:chain":2,"minecraft:iron_axe":1,"minecraft:flint_and_steel":1,"projectvibrantjourneys:reeds":3,"ecologics:walnut_sapling":1,"iter_rpg:coin":4,"minecraft:beef":5,"minecraft:echo_shard":2,"upgrade_aquatic:pickerelweed":12,"minecraft:iron_nugget":47,"quark:yellow_blossom_sapling":5,"minecraft:sugar_cane":13,"minecraft:birch_sapling":61,"minecraft:raw_iron":200,"quark:deepslate_furnace":2,"treasure2:compressor_chest":2,"minecraft:tnt":2,"minecraft:arrow":8,"minecraft:beetroot_seeds":1,"argentinas_delight:mateconyuyos":1,"minecraft:gold_ingot":10,"minecraft:mutton":1,"minecraft:white_wool":5,"born_in_chaos_v1:corpse_maggot":15,"born_in_chaos_v1:monster_flesh":3,"minecraft:leather":13,"croptopia:glowing_calamari":1,"minecraft:birch_planks":3,"mores:sterling_leggings":1,"minecraft:oak_log":14,"minecraft:lily_pad":1,"minecraft:apple":5,"minecraft:kelp":5,"iter_rpg:potsherd":1,"minecraft:iron_ingot":3,"treasure2:ember_lock":1,"projectvibrantjourneys:light_brown_bark_mushroom":1,"minecraft:smooth_basalt":1,"mores:cobalt_apple":5,"minecraft:stone_brick_slab":1,"born_in_chaos_v1:ethereal_spirit":1,"minecraft:dandelion":1,"minecraft:gravel":1,"minecraft:amethyst_shard":48,"minecraft:spruce_sapling":189,"minecraft:spruce_log":1267,"minecraft:spider_eye":1,"simplefarming:blackberries":9,"travelersbackpack:wolf":1,"treasure2:copper_coin":1,"mores:tin_ingot":1,"minecraft:slime_ball":2,"croptopia:orange":9,"mores:anthracite":7,"treasure2:gold_coin":1,"minecraft:iron_helmet":1,"minecraft:cherry_sapling":15,"minecraft:gray_wool":6,"minecraft:baked_potato":24,"projectvibrantjourneys:orange_bark_mushroom":2,"minecraft:mangrove_propagule":1,"minecraft:coal":266,"minecraft:ender_pearl":2},"minecraft:broken":{"minecraft:wooden_axe":1,"minecraft:iron_axe":3,"minecraft:iron_pickaxe":1},"minecraft:dropped":{"minecraft:oak_pressure_plate":1,"minecraft:oak_log":6,"upgrade_aquatic:pickerelweed":12,"projectvibrantjourneys:orange_bark_mushroom":2,"simplefarming:pea_seeds":1,"minecraft:dirt":12,"born_in_chaos_v1:monster_skin":3,"minecraft:snowball":6,"minecraft:chain":2,"minecraft:sand":11,"simplefarming:blackberries":2,"minecraft:iron_pickaxe":1,"minecraft:white_wool":1,"projectvibrantjourneys:reeds":3,"minecraft:bone":6,"minecraft:gravel":1,"quark:yellow_blossom_sapling":5,"minecraft:stone_axe":1,"minecraft:mangrove_roots":1,"minecraft:cobbled_deepslate":7,"minecraft:birch_sapling":1,"born_in_chaos_v1:ethereal_spirit":1,"minecraft:beetroot":10,"minecraft:rotten_flesh":16,"projectvibrantjourneys:light_brown_bark_mushroom":1,"treasure2:copper_coin":1,"minecraft:beetroot_seeds":1,"born_in_chaos_v1:corpse_maggot":3,"minecraft:arrow":6,"projectvibrantjourneys:cattail":1,"minecraft:water_bucket":1,"iter_rpg:abyssquartz_block":1,"minecraft:iron_ingot":5,"minecraft:wheat_seeds":4,"minecraft:cobblestone":27,"minecraft:stick":14,"croptopia:kale_seed":2,"born_in_chaos_v1:river_mint":3,"quark:blossom_log":1,"mores:tourmaline_gem":15,"tombstone:grave_key":2,"tombstone:grave_dust":2,"minecraft:polished_deepslate_wall":4,"minecraft:spruce_sapling":4,"minecraft:smooth_basalt":1,"minecraft:kelp":2,"minecraft:raw_iron":19,"mores:raw_cobalt":2,"minecraft:shears":1,"butcher:butchersguidebook":1,"minecraft:potato":2,"minecraft:andesite":1,"minecraft:slime_ball":2,"minecraft:stone_pickaxe":1},"minecraft:mined":{"treasure2:compressor_chest":2,"quark:yellow_blossom_leaves":2,"minecraft:cherry_log":18,"minecraft:granite":4,"minecraft:grass_block":53,"minecraft:oak_pressure_plate":1,"travelersbackpack:wolf":1,"mores:deepslate_tourmaline_ore":13,"projectvibrantjourneys:reeds":3,"minecraft:iron_ore":26,"minecraft:cobbled_deepslate":8,"minecraft:fire":2,"quark:blossom_planks":1,"minecraft:deepslate_lapis_ore":3,"minecraft:sculk_shrieker":2,"minecraft:oak_stairs":1,"upgrade_aquatic:pickerelweed":3,"ecologics:walnut_log":4,"treasure2:gravestone2_spawner_cobblestone":1,"treasure2:iron_strongbox":2,"projectvibrantjourneys:cattail":7,"minecraft:kelp_plant":1,"ecologics:walnut_sapling":1,"minecraft:amethyst_cluster":6,"mores:deepslate_anthracite_ore":7,"minecraft:powder_snow":6,"farm_and_charm:wild_beetroots":4,"minecraft:torch":15,"projectvibrantjourneys:twigs":5,"mores:tourmaline_ore":2,"quark:blossom_log":83,"treasure2:skeleton":1,"minecraft:cobblestone":32,"minecraft:sugar_cane":5,"minecraft:grindstone":1,"projectvibrantjourneys:fallen_leaves":1,"minecraft:oak_planks":1,"quark:blossom_sign":1,"minecraft:wall_torch":6,"minecraft:amethyst_block":1,"minecraft:deepslate_copper_ore":7,"minecraft:birch_sapling":2,"minecraft:seagrass":1,"minecraft:chain":2,"minecraft:birch_log":144,"iter_rpg:abyssquartz_block":1,"projectvibrantjourneys:bones":1,"born_in_chaos_v1:river_mint":1,"butcher:sulfurore":1,"minecraft:tnt":2,"minecraft:smooth_stone_slab":1,"minecraft:grass":96,"minecraft:oak_log":14,"projectvibrantjourneys:short_grass":73,"minecraft:sand":78,"minecraft:dirt":25,"minecraft:smooth_basalt":1,"minecraft:polished_deepslate_wall":5,"mores:deepslate_topaz_ore":1,"minecraft:deepslate":91,"minecraft:tuff":4,"minecraft:mangrove_roots":1,"projectvibrantjourneys:rocks":4,"born_in_chaos_v1:infected_diamond_ore":1,"born_in_chaos_v1:black_argillite":1,"minecraft:spruce_leaves":10,"iter_rpg:big_vase":1,"minecraft:kelp":1,"minecraft:mangrove_propagule":1,"minecraft:spruce_sapling":11,"minecraft:furnace":3,"iter_rpg:small_vase":3,"minecraft:andesite":7,"minecraft:gold_block":2,"minecraft:deepslate_iron_ore":18,"upgrade_aquatic:tall_pickerelweed":6,"minecraft:stone":220,"minecraft:podzol":1,"minecraft:cherry_planks":6,"mores:cobalt_ore":2,"born_in_chaos_v1:marigolds":6,"minecraft:snow_block":4,"minecraft:stone_brick_slab":1,"minecraft:crafting_table":4,"iter_rpg:vase":3,"minecraft:sculk_sensor":2,"minecraft:tall_grass":1,"minecraft:copper_ore":5,"minecraft:lapis_ore":1,"minecraft:deepslate_gold_ore":8,"minecraft:sculk":3,"minecraft:diorite":24,"mores:tin_ore":2,"minecraft:birch_planks":4,"minecraft:gray_wool":6,"iter_rpg:abyss_quartz":7,"minecraft:spruce_log":1343,"minecraft:birch_leaves":37,"minecraft:mangrove_leaves":1,"quark:deepslate_furnace":2,"minecraft:coal_ore":17,"minecraft:gravel":1,"minecraft:gold_ore":1},"minecraft:crafted":{"minecraft:smooth_stone":9,"minecraft:oak_planks":28,"ecologics:walnut_planks":16,"minecraft:cherry_boat":2,"minecraft:stone":17,"quark:deepslate_furnace":1,"spartanshields:iron_basic_shield":1,"minecraft:glass":63,"minecraft:iron_boots":1,"minecraft:chest":8,"treasure2:thiefs_lock_pick":2,"treasure2:treasure_tool":1,"travelersbackpack:iron_tier_upgrade":1,"quark:blossom_planks":136,"minecraft:crafting_table":3,"minecraft:spruce_planks":4,"minecraft:baked_potato":10,"minecraft:iron_helmet":1,"travelersbackpack:standard":1,"minecraft:smithing_table":1,"minecraft:copper_ingot":237,"minecraft:birch_planks":60,"travelersbackpack:wolf":2,"minecraft:iron_chestplate":1,"minecraft:shield":1,"minecraft:stick":112,"minecraft:iron_ingot":117,"minecraft:iron_pickaxe":3,"minecraft:gold_ingot":26,"spartanshields:wooden_basic_shield":1,"mcwfences:spruce_highley_gate":4,"minecraft:shears":1,"minecraft:cherry_planks":72,"minecraft:furnace":3,"minecraft:blast_furnace":3,"minecraft:bone_meal":93,"travelersbackpack:gold_tier_upgrade":1,"travelersbackpack:blank_upgrade":4,"travelersbackpack:white_sleeping_bag":1,"minecraft:iron_axe":7,"minecraft:stone_pickaxe":1,"minecraft:dark_oak_planks":20,"minecraft:cooked_beef":5,"elevatorid:elevator_white":2,"quark:blossom_sign":3,"travelersbackpack:backpack_tank":4,"minecraft:iron_sword":2,"minecraft:bucket":1,"minecraft:stone_axe":1,"minecraft:bread":42,"minecraft:air":0,"woodworks:oak_chest":2,"minecraft:wooden_axe":1,"minecraft:iron_shovel":1,"minecraft:iron_leggings":1,"minecraft:torch":300},"minecraft:custom":{"minecraft:interact_with_crafting_table":76,"minecraft:open_barrel":8,"minecraft:leave_game":7,"minecraft:time_since_death":59706,"minecraft:sprint_one_cm":652992,"minecraft:damage_blocked_by_shield":2155,"minecraft:drop":113,"minecraft:talked_to_villager":2,"minecraft:play_time":273516,"minecraft:deaths":19,"minecraft:jump":6096,"minecraft:walk_on_water_one_cm":45161,"minecraft:interact_with_furnace":80,"minecraft:sleep_in_bed":10,"minecraft:damage_dealt":14846,"minecraft:crouch_one_cm":135424,"tombstone:undead_killed":28,"minecraft:interact_with_smithing_table":8,"minecraft:mob_kills":65,"minecraft:damage_dealt_resisted":646,"minecraft:climb_one_cm":2628,"minecraft:walk_one_cm":377424,"minecraft:sneak_time":25776,"minecraft:walk_under_water_one_cm":20967,"minecraft:boat_one_cm":217890,"minecraft:interact_with_blast_furnace":90,"minecraft:total_world_time":273516,"spartanshields:shield_bash_hits":1,"minecraft:time_since_rest":10092,"minecraft:damage_taken":7994,"minecraft:swim_one_cm":58034,"minecraft:fly_one_cm":1240461,"minecraft:open_chest":190,"minecraft:fall_one_cm":203843},"minecraft:killed":{"minecraft:spider":1,"minecraft:skeleton":8,"born_in_chaos_v1:diamond_termite":1,"minecraft:zombie_villager":1,"iter_rpg:spiderling":2,"minecraft:sheep":1,"minecraft:zombie":13,"born_in_chaos_v1:dread_hound":3,"born_in_chaos_v1:corpse_fly":7,"quark:toretoise":1,"born_in_chaos_v1:zombie_bruiser":1,"born_in_chaos_v1:maggot":4,"born_in_chaos_v1:barrel_zombie":1,"treasure2:bound_soul":1,"minecraft:bat":1,"born_in_chaos_v1:decrepit_skeleton":3,"born_in_chaos_v1:bloody_gadfly":2,"born_in_chaos_v1:dark_vortex":1,"iter_rpg:scallop":1,"minecraft:enderman":3},"minecraft:used":{"mcwfences:spruce_highley_gate":4,"minecraft:iron_shovel":156,"minecraft:chest":8,"minecraft:shield":8,"minecraft:iron_sword":290,"minecraft:rotten_flesh":4,"minecraft:sculk_sensor":1,"minecraft:mutton":1,"argentinas_delight:mateconyuyos":1,"minecraft:tuff":3,"minecraft:snowball":10,"minecraft:lava_bucket":1,"quark:deepslate_furnace":2,"minecraft:birch_sapling":24,"ecologics:walnut_planks":2,"croptopia:peach":1,"spartanshields:iron_basic_shield":20,"minecraft:furnace":4,"minecraft:gold_block":1,"minecraft:diorite":5,"minecraft:stone_pickaxe":96,"elevatorid:elevator_white":2,"treasure2:thiefs_lock_pick":1,"minecraft:blast_furnace":3,"croptopia:orange":9,"treasure2:iron_strongbox":1,"born_in_chaos_v1:monster_flesh":1,"minecraft:bread":3,"quark:blossom_sign":1,"minecraft:smithing_table":1,"minecraft:andesite":4,"minecraft:smooth_stone_slab":1,"minecraft:bone_meal":93,"minecraft:experience_bottle":1,"minecraft:cherry_boat":5,"croptopia:glowing_calamari":1,"born_in_chaos_v1:black_argillite":1,"argentinas_delight:mateyerbaseca":1,"minecraft:torch":209,"minecraft:dirt":429,"minecraft:granite":3,"minecraft:stone_brick_slab":1,"minecraft:wooden_axe":56,"treasure2:compressor_chest":1,"minecraft:iron_axe":1598,"projectvibrantjourneys:cattail":1,"quark:blossom_planks":37,"tombstone:gift":4,"minecraft:cooked_beef":5,"simplefarming:fish_and_chips":1,"minecraft:cobbled_deepslate":77,"farm_and_charm:tomato":1,"quark:blossom_log":5,"minecraft:water_bucket":60,"minecraft:birch_planks":28,"minecraft:baked_potato":31,"minecraft:cherry_planks":33,"ecologics:walnut_sapling":1,"minecraft:crafting_table":5,"simplefarming:blackberries":7,"travelersbackpack:wolf":29,"minecraft:spruce_log":231,"simplefarming:baked_yam":4,"minecraft:apple":5,"minecraft:iron_pickaxe":483,"minecraft:spruce_sapling":71,"minecraft:stone_axe":54,"born_in_chaos_v1:bloody_gadfly_eye":1,"mores:cobalt_apple":1,"minecraft:cobblestone":194,"minecraft:bucket":62,"minecraft:gray_wool":6}},"DataVersion":3465}