{"stats":{"minecraft:broken":{"minecraft:wooden_axe":1},"minecraft:mined":{"quark:yellow_blossom_leaves":2,"ecologics:walnut_sapling":1,"mores:deepslate_anthracite_ore":7,"born_in_chaos_v1:infected_diamond_ore":1,"minecraft:crafting_table":2,"minecraft:torch":1,"minecraft:granite":3,"minecraft:grass_block":4,"born_in_chaos_v1:black_argillite":1,"minecraft:sculk_sensor":1,"quark:blossom_log":82,"minecraft:cobblestone":2,"minecraft:deepslate_gold_ore":4,"minecraft:lapis_ore":1,"minecraft:sculk":1,"minecraft:diorite":2,"minecraft:wall_torch":3,"mores:deepslate_tourmaline_ore":7,"iter_rpg:small_vase":1,"minecraft:iron_ore":12,"minecraft:andesite":5,"quark:blossom_planks":1,"minecraft:deepslate_lapis_ore":1,"quark:deepslate_furnace":1,"minecraft:grass":1,"minecraft:coal_ore":10,"minecraft:oak_log":1,"projectvibrantjourneys:short_grass":1,"minecraft:deepslate_iron_ore":10,"minecraft:dirt":5,"ecologics:walnut_log":4,"minecraft:stone":44,"minecraft:gold_ore":1,"minecraft:deepslate":12},"minecraft:dropped":{"quark:yellow_blossom_sapling":5,"minecraft:stone_axe":1,"minecraft:wheat_seeds":1,"minecraft:cobbled_deepslate":5,"born_in_chaos_v1:ethereal_spirit":1,"minecraft:rotten_flesh":8,"simplefarming:pea_seeds":1,"croptopia:kale_seed":2,"born_in_chaos_v1:monster_skin":3,"quark:blossom_log":1,"minecraft:andesite":1,"tombstone:grave_dust":1,"minecraft:stone_pickaxe":1,"minecraft:bone":1},"minecraft:custom":{"minecraft:interact_with_furnace":17,"spartanshields:shield_bash_hits":1,"minecraft:mob_kills":20,"minecraft:interact_with_crafting_table":20,"minecraft:damage_dealt_resisted":646,"minecraft:leave_game":2,"minecraft:time_since_death":4451,"minecraft:climb_one_cm":508,"minecraft:time_since_rest":4077,"minecraft:sprint_one_cm":116253,"minecraft:damage_taken":2386,"minecraft:walk_one_cm":81405,"minecraft:damage_blocked_by_shield":2155,"minecraft:drop":14,"minecraft:damage_dealt":5051,"minecraft:swim_one_cm":9245,"minecraft:fly_one_cm":168133,"minecraft:open_chest":6,"minecraft:crouch_one_cm":34368,"minecraft:play_time":43094,"tombstone:undead_killed":11,"minecraft:deaths":9,"minecraft:sneak_time":6114,"minecraft:walk_under_water_one_cm":2222,"minecraft:jump":1134,"minecraft:walk_on_water_one_cm":10264,"minecraft:total_world_time":43094,"minecraft:fall_one_cm":38186},"minecraft:picked_up":{"born_in_chaos_v1:corpse_maggot":1,"ecologics:walnut_planks":1,"born_in_chaos_v1:diamond_termite_shard":1,"simplefarming:pea_seeds":1,"minecraft:crafting_table":2,"born_in_chaos_v1:monster_flesh":3,"minecraft:andesite":7,"croptopia:glowing_calamari":1,"minecraft:oak_log":2,"born_in_chaos_v1:black_argillite":1,"minecraft:lapis_lazuli":56,"minecraft:dirt":9,"minecraft:raw_copper":1,"born_in_chaos_v1:monster_skin":3,"mores:tourmaline_gem":7,"minecraft:bone":2,"ecologics:walnut_sapling":1,"minecraft:wheat_seeds":1,"minecraft:cobbled_deepslate":12,"minecraft:raw_gold":10,"iter_rpg:potsherd":1,"minecraft:iron_ingot":1,"croptopia:kale_seed":2,"quark:yellow_blossom_sapling":5,"minecraft:raw_iron":65,"ecologics:walnut_log":4,"born_in_chaos_v1:ethereal_spirit":1,"minecraft:torch":4,"quark:deepslate_furnace":1,"quark:blossom_log":81,"tombstone:grave_dust":2,"minecraft:diorite":2,"quark:blossom_planks":1,"minecraft:rotten_flesh":16,"mores:anthracite":7,"minecraft:granite":3,"minecraft:coal":118,"minecraft:cobblestone":55},"minecraft:used":{"minecraft:diorite":1,"minecraft:stone_pickaxe":96,"minecraft:shield":8,"minecraft:iron_sword":78,"born_in_chaos_v1:black_argillite":1,"ecologics:walnut_sapling":1,"minecraft:torch":86,"minecraft:dirt":9,"minecraft:crafting_table":2,"minecraft:granite":3,"minecraft:wooden_axe":56,"quark:deepslate_furnace":1,"minecraft:iron_axe":2,"born_in_chaos_v1:monster_flesh":1,"minecraft:iron_pickaxe":39,"minecraft:stone_axe":54,"ecologics:walnut_planks":2,"minecraft:cobblestone":55,"spartanshields:iron_basic_shield":20,"minecraft:andesite":4,"tombstone:gift":2,"quark:blossom_planks":37},"minecraft:killed":{"born_in_chaos_v1:diamond_termite":1,"minecraft:bat":1,"iter_rpg:spiderling":2,"born_in_chaos_v1:zombie_bruiser":1,"born_in_chaos_v1:decrepit_skeleton":3,"minecraft:skeleton":2,"minecraft:zombie":5,"born_in_chaos_v1:dread_hound":3,"born_in_chaos_v1:corpse_fly":1,"born_in_chaos_v1:dark_vortex":1},"minecraft:crafted":{"minecraft:oak_planks":8,"quark:blossom_planks":124,"minecraft:crafting_table":1,"minecraft:iron_helmet":1,"ecologics:walnut_planks":16,"minecraft:iron_sword":1,"quark:deepslate_furnace":1,"minecraft:stone_axe":1,"minecraft:air":0,"spartanshields:iron_basic_shield":1,"minecraft:iron_chestplate":1,"minecraft:iron_boots":1,"minecraft:shield":1,"minecraft:iron_axe":1,"minecraft:stick":100,"minecraft:iron_ingot":46,"minecraft:iron_pickaxe":1,"minecraft:stone_pickaxe":1,"minecraft:wooden_axe":1,"spartanshields:wooden_basic_shield":1,"minecraft:iron_leggings":1,"minecraft:torch":300},"minecraft:killed_by":{"minecraft:player":1}},"DataVersion":3465}