{"stats":{"minecraft:killed_by":{"minecraft:player":2,"quark:toretoise":1},"minecraft:picked_up":{"minecraft:iron_chestplate":1,"mores:obsidian_upgrade_smithing_template":1,"minecraft:oak_stairs":1,"minecraft:enchanted_book":2,"born_in_chaos_v1:bloody_gadfly_eye":1,"minecraft:polished_deepslate_wall":4,"born_in_chaos_v1:black_argillite":1,"minecraft:string":3,"minecraft:raw_copper":475,"minecraft:smooth_stone_slab":1,"mores:tourmaline_gem":23,"minecraft:iron_leggings":1,"minecraft:beetroot":10,"minecraft:cherry_boat":4,"minecraft:cobbled_deepslate":91,"minecraft:iron_pickaxe":1,"minecraft:enchanted_golden_apple":2,"minecraft:iron_boots":1,"minecraft:furnace":3,"minecraft:stick":46,"ecologics:walnut_log":4,"minecraft:torch":201,"quark:blossom_log":82,"simplefarming:raspberries":2,"minecraft:cherry_log":18,"tombstone:grave_dust":2,"mores:topaz_gem":2,"minecraft:diorite":6,"simplefarming:baked_yam":4,"quark:blossom_planks":1,"quark:ancient_tome":2,"minecraft:cactus":3,"minecraft:rotten_flesh":32,"minecraft:mangrove_roots":1,"projectvibrantjourneys:cattail":6,"minecraft:obsidian":1,"minecraft:snowball":16,"minecraft:cobblestone":116,"ecologics:walnut_planks":1,"minecraft:cherry_planks":5,"minecraft:water_bucket":1,"minecraft:andesite":7,"minecraft:potato":2,"simplefarming:fish_and_chips":1,"minecraft:tuff":3,"minecraft:dirt":211,"minecraft:lapis_lazuli":160,"born_in_chaos_v1:monster_skin":3,"born_in_chaos_v1:marigolds":5,"simplefarming:cucumber_seeds":1,"minecraft:bone":26,"minecraft:wheat_seeds":18,"minecraft:raw_gold":42,"minecraft:grindstone":1,"croptopia:kale_seed":2,"minecraft:oak_planks":1,"simplefarming:peanut_seeds":1,"minecraft:oak_pressure_plate":1,"minecraft:sand":74,"treasure2:iron_strongbox":1,"mores:raw_cobalt":2,"iter_rpg:abyssquartz_block":1,"butcher:sulfur":1,"minecraft:bundle":1,"farm_and_charm:tomato":1,"simplefarming:corn":2,"iter_rpg:abyssquartz_shard":24,"minecraft:granite":3,"mores:raw_silver":8,"minecraft:crafting_table":3,"simplefarming:pea_seeds":1,"born_in_chaos_v1:diamond_termite_shard":1,"born_in_chaos_v1:river_mint":4,"croptopia:peach":7,"minecraft:gold_block":3,"minecraft:chain":2,"minecraft:iron_axe":1,"minecraft:flint_and_steel":1,"projectvibrantjourneys:reeds":3,"ecologics:walnut_sapling":1,"iter_rpg:coin":4,"minecraft:echo_shard":2,"minecraft:beef":5,"upgrade_aquatic:pickerelweed":12,"minecraft:iron_nugget":47,"quark:yellow_blossom_sapling":5,"minecraft:sugar_cane":13,"minecraft:raw_iron":171,"quark:deepslate_furnace":2,"minecraft:tnt":2,"minecraft:arrow":7,"minecraft:beetroot_seeds":1,"argentinas_delight:mateconyuyos":1,"minecraft:gold_ingot":10,"minecraft:mutton":1,"minecraft:white_wool":5,"born_in_chaos_v1:corpse_maggot":15,"born_in_chaos_v1:monster_flesh":3,"minecraft:leather":13,"croptopia:glowing_calamari":1,"mores:sterling_leggings":1,"minecraft:oak_log":13,"minecraft:lily_pad":1,"minecraft:apple":5,"minecraft:kelp":5,"iter_rpg:potsherd":1,"minecraft:iron_ingot":3,"minecraft:smooth_basalt":1,"mores:cobalt_apple":5,"minecraft:stone_brick_slab":1,"born_in_chaos_v1:ethereal_spirit":1,"minecraft:gravel":1,"minecraft:amethyst_shard":48,"minecraft:spruce_sapling":64,"minecraft:spruce_log":346,"minecraft:spider_eye":1,"simplefarming:blackberries":9,"treasure2:copper_coin":1,"mores:tin_ingot":1,"minecraft:slime_ball":2,"treasure2:gold_coin":1,"mores:anthracite":7,"minecraft:iron_helmet":1,"croptopia:orange":9,"minecraft:cherry_sapling":15,"minecraft:gray_wool":6,"minecraft:baked_potato":24,"minecraft:mangrove_propagule":1,"minecraft:coal":215},"minecraft:broken":{"minecraft:wooden_axe":1,"minecraft:iron_axe":1,"minecraft:iron_pickaxe":1},"minecraft:dropped":{"minecraft:oak_pressure_plate":1,"minecraft:oak_log":6,"upgrade_aquatic:pickerelweed":12,"simplefarming:pea_seeds":1,"minecraft:dirt":9,"born_in_chaos_v1:monster_skin":3,"minecraft:snowball":6,"minecraft:sand":4,"simplefarming:blackberries":2,"minecraft:iron_pickaxe":1,"minecraft:white_wool":1,"projectvibrantjourneys:reeds":3,"minecraft:bone":4,"minecraft:gravel":1,"quark:yellow_blossom_sapling":5,"minecraft:stone_axe":1,"minecraft:mangrove_roots":1,"minecraft:cobbled_deepslate":7,"born_in_chaos_v1:ethereal_spirit":1,"minecraft:beetroot":10,"minecraft:rotten_flesh":15,"treasure2:copper_coin":1,"minecraft:beetroot_seeds":1,"born_in_chaos_v1:corpse_maggot":3,"minecraft:arrow":6,"projectvibrantjourneys:cattail":1,"iter_rpg:abyssquartz_block":1,"minecraft:iron_ingot":5,"minecraft:wheat_seeds":3,"minecraft:cobblestone":3,"minecraft:stick":8,"croptopia:kale_seed":2,"born_in_chaos_v1:river_mint":3,"quark:blossom_log":1,"mores:tourmaline_gem":15,"tombstone:grave_key":1,"tombstone:grave_dust":2,"minecraft:polished_deepslate_wall":4,"minecraft:smooth_basalt":1,"minecraft:kelp":2,"minecraft:raw_iron":19,"mores:raw_cobalt":2,"minecraft:shears":1,"butcher:butchersguidebook":1,"minecraft:potato":2,"minecraft:andesite":1,"minecraft:slime_ball":2,"minecraft:stone_pickaxe":1},"minecraft:mined":{"quark:yellow_blossom_leaves":2,"minecraft:cherry_log":18,"minecraft:granite":3,"minecraft:grass_block":42,"minecraft:oak_pressure_plate":1,"mores:deepslate_tourmaline_ore":13,"projectvibrantjourneys:reeds":3,"minecraft:fire":2,"minecraft:iron_ore":22,"minecraft:cobbled_deepslate":8,"quark:blossom_planks":1,"minecraft:deepslate_lapis_ore":3,"minecraft:sculk_shrieker":2,"minecraft:oak_stairs":1,"upgrade_aquatic:pickerelweed":3,"ecologics:walnut_log":4,"treasure2:iron_strongbox":1,"projectvibrantjourneys:cattail":7,"minecraft:kelp_plant":1,"ecologics:walnut_sapling":1,"minecraft:amethyst_cluster":6,"mores:deepslate_anthracite_ore":7,"minecraft:powder_snow":6,"farm_and_charm:wild_beetroots":4,"minecraft:torch":11,"projectvibrantjourneys:twigs":5,"mores:tourmaline_ore":2,"quark:blossom_log":83,"treasure2:skeleton":1,"minecraft:cobblestone":26,"minecraft:oak_planks":1,"minecraft:grindstone":1,"projectvibrantjourneys:fallen_leaves":1,"minecraft:sugar_cane":5,"minecraft:wall_torch":5,"minecraft:amethyst_block":1,"minecraft:deepslate_copper_ore":7,"minecraft:seagrass":1,"minecraft:chain":2,"iter_rpg:abyssquartz_block":1,"projectvibrantjourneys:bones":1,"born_in_chaos_v1:river_mint":1,"butcher:sulfurore":1,"minecraft:tnt":2,"minecraft:smooth_stone_slab":1,"minecraft:grass":92,"minecraft:oak_log":13,"projectvibrantjourneys:short_grass":69,"minecraft:sand":78,"minecraft:dirt":22,"minecraft:smooth_basalt":1,"minecraft:polished_deepslate_wall":5,"mores:deepslate_topaz_ore":1,"minecraft:deepslate":89,"minecraft:tuff":4,"minecraft:mangrove_roots":1,"projectvibrantjourneys:rocks":4,"born_in_chaos_v1:infected_diamond_ore":1,"born_in_chaos_v1:black_argillite":1,"minecraft:spruce_leaves":5,"iter_rpg:big_vase":1,"minecraft:kelp":1,"minecraft:mangrove_propagule":1,"minecraft:spruce_sapling":3,"minecraft:furnace":3,"iter_rpg:small_vase":3,"minecraft:andesite":7,"minecraft:gold_block":2,"minecraft:deepslate_iron_ore":17,"upgrade_aquatic:tall_pickerelweed":6,"minecraft:stone":94,"minecraft:cherry_planks":6,"mores:cobalt_ore":2,"born_in_chaos_v1:marigolds":5,"minecraft:snow_block":4,"minecraft:stone_brick_slab":1,"minecraft:crafting_table":3,"iter_rpg:vase":3,"minecraft:sculk_sensor":2,"minecraft:copper_ore":5,"minecraft:tall_grass":1,"minecraft:lapis_ore":1,"minecraft:deepslate_gold_ore":8,"minecraft:sculk":3,"minecraft:diorite":6,"minecraft:gray_wool":6,"iter_rpg:abyss_quartz":7,"minecraft:spruce_log":439,"minecraft:mangrove_leaves":1,"quark:deepslate_furnace":2,"minecraft:coal_ore":15,"minecraft:gravel":1,"minecraft:gold_ore":1},"minecraft:crafted":{"minecraft:smooth_stone":9,"minecraft:oak_planks":28,"ecologics:walnut_planks":16,"minecraft:cherry_boat":1,"minecraft:stone":9,"quark:deepslate_furnace":1,"spartanshields:iron_basic_shield":1,"minecraft:glass":63,"minecraft:iron_boots":1,"minecraft:chest":8,"travelersbackpack:iron_tier_upgrade":1,"quark:blossom_planks":136,"minecraft:crafting_table":3,"minecraft:spruce_planks":4,"travelersbackpack:standard":1,"minecraft:iron_helmet":1,"minecraft:smithing_table":1,"minecraft:copper_ingot":237,"travelersbackpack:wolf":2,"minecraft:iron_chestplate":1,"minecraft:shield":1,"minecraft:stick":112,"minecraft:iron_ingot":88,"minecraft:iron_pickaxe":2,"minecraft:gold_ingot":26,"spartanshields:wooden_basic_shield":1,"minecraft:shears":1,"minecraft:cherry_planks":72,"minecraft:furnace":3,"minecraft:blast_furnace":3,"minecraft:bone_meal":93,"travelersbackpack:gold_tier_upgrade":1,"travelersbackpack:blank_upgrade":4,"travelersbackpack:white_sleeping_bag":1,"minecraft:iron_axe":3,"minecraft:stone_pickaxe":1,"minecraft:cooked_beef":5,"quark:blossom_sign":3,"travelersbackpack:backpack_tank":4,"minecraft:iron_sword":2,"minecraft:bucket":1,"minecraft:stone_axe":1,"minecraft:bread":42,"minecraft:air":0,"woodworks:oak_chest":2,"minecraft:wooden_axe":1,"minecraft:iron_shovel":1,"minecraft:iron_leggings":1,"minecraft:torch":300},"minecraft:custom":{"minecraft:interact_with_crafting_table":69,"minecraft:open_barrel":8,"minecraft:leave_game":5,"minecraft:time_since_death":17031,"minecraft:sprint_one_cm":517273,"minecraft:damage_blocked_by_shield":2155,"minecraft:drop":92,"minecraft:talked_to_villager":2,"minecraft:play_time":200333,"minecraft:deaths":17,"minecraft:jump":4912,"minecraft:walk_on_water_one_cm":35406,"minecraft:interact_with_furnace":76,"minecraft:sleep_in_bed":6,"minecraft:damage_dealt":12800,"minecraft:crouch_one_cm":119372,"tombstone:undead_killed":24,"minecraft:interact_with_smithing_table":4,"minecraft:mob_kills":58,"minecraft:damage_dealt_resisted":646,"minecraft:climb_one_cm":1948,"minecraft:walk_one_cm":301454,"minecraft:sneak_time":22170,"minecraft:walk_under_water_one_cm":15357,"minecraft:boat_one_cm":202950,"minecraft:interact_with_blast_furnace":84,"minecraft:total_world_time":200333,"spartanshields:shield_bash_hits":1,"minecraft:time_since_rest":12891,"minecraft:damage_taken":6532,"minecraft:swim_one_cm":43117,"minecraft:fly_one_cm":999644,"minecraft:open_chest":136,"minecraft:fall_one_cm":163663},"minecraft:killed":{"minecraft:spider":1,"minecraft:skeleton":7,"minecraft:zombie_villager":1,"born_in_chaos_v1:diamond_termite":1,"iter_rpg:spiderling":2,"minecraft:sheep":1,"minecraft:zombie":11,"born_in_chaos_v1:dread_hound":3,"born_in_chaos_v1:corpse_fly":7,"quark:toretoise":1,"born_in_chaos_v1:zombie_bruiser":1,"born_in_chaos_v1:maggot":4,"treasure2:bound_soul":1,"minecraft:bat":1,"born_in_chaos_v1:decrepit_skeleton":3,"born_in_chaos_v1:bloody_gadfly":2,"born_in_chaos_v1:dark_vortex":1,"iter_rpg:scallop":1},"minecraft:used":{"minecraft:iron_shovel":137,"minecraft:chest":8,"minecraft:shield":8,"minecraft:iron_sword":239,"minecraft:rotten_flesh":4,"minecraft:sculk_sensor":1,"minecraft:mutton":1,"argentinas_delight:mateconyuyos":1,"minecraft:tuff":3,"minecraft:snowball":10,"minecraft:lava_bucket":1,"quark:deepslate_furnace":2,"ecologics:walnut_planks":2,"croptopia:peach":1,"spartanshields:iron_basic_shield":20,"minecraft:furnace":4,"minecraft:gold_block":1,"minecraft:diorite":5,"minecraft:stone_pickaxe":96,"minecraft:blast_furnace":3,"croptopia:orange":9,"born_in_chaos_v1:monster_flesh":1,"quark:blossom_sign":1,"minecraft:smithing_table":1,"minecraft:andesite":4,"minecraft:smooth_stone_slab":1,"minecraft:bone_meal":7,"minecraft:experience_bottle":1,"minecraft:cherry_boat":4,"croptopia:glowing_calamari":1,"born_in_chaos_v1:black_argillite":1,"argentinas_delight:mateyerbaseca":1,"minecraft:torch":184,"minecraft:dirt":387,"minecraft:granite":3,"minecraft:stone_brick_slab":1,"minecraft:wooden_axe":56,"minecraft:iron_axe":508,"projectvibrantjourneys:cattail":1,"quark:blossom_planks":37,"tombstone:gift":4,"minecraft:cooked_beef":5,"simplefarming:fish_and_chips":1,"minecraft:cobbled_deepslate":77,"farm_and_charm:tomato":1,"quark:blossom_log":5,"minecraft:water_bucket":50,"minecraft:baked_potato":10,"minecraft:cherry_planks":33,"ecologics:walnut_sapling":1,"minecraft:crafting_table":4,"simplefarming:blackberries":7,"travelersbackpack:wolf":16,"minecraft:spruce_log":1,"simplefarming:baked_yam":4,"minecraft:apple":5,"minecraft:iron_pickaxe":316,"minecraft:spruce_sapling":71,"born_in_chaos_v1:bloody_gadfly_eye":1,"minecraft:stone_axe":54,"mores:cobalt_apple":1,"minecraft:cobblestone":84,"minecraft:bucket":52,"minecraft:gray_wool":6}},"DataVersion":3465}