{"stats":{"minecraft:broken":{"minecraft:iron_pickaxe":1,"minecraft:wooden_axe":1},"minecraft:custom":{"minecraft:mob_kills":36,"minecraft:interact_with_crafting_table":50,"minecraft:damage_dealt_resisted":646,"minecraft:leave_game":3,"minecraft:time_since_death":6722,"minecraft:climb_one_cm":1199,"minecraft:sprint_one_cm":300626,"minecraft:walk_one_cm":185783,"minecraft:damage_blocked_by_shield":2155,"minecraft:drop":62,"minecraft:talked_to_villager":2,"minecraft:play_time":111926,"minecraft:deaths":13,"minecraft:sneak_time":14481,"minecraft:walk_under_water_one_cm":7268,"minecraft:jump":2850,"minecraft:interact_with_blast_furnace":72,"minecraft:walk_on_water_one_cm":19466,"minecraft:total_world_time":111926,"minecraft:interact_with_furnace":72,"spartanshields:shield_bash_hits":1,"minecraft:time_since_rest":6337,"minecraft:damage_taken":4076,"minecraft:damage_dealt":9408,"minecraft:swim_one_cm":27191,"minecraft:fly_one_cm":541544,"minecraft:open_chest":77,"minecraft:crouch_one_cm":90421,"tombstone:undead_killed":17,"minecraft:fall_one_cm":100325},"minecraft:mined":{"minecraft:tuff":4,"quark:yellow_blossom_leaves":2,"projectvibrantjourneys:rocks":3,"born_in_chaos_v1:infected_diamond_ore":1,"minecraft:granite":3,"minecraft:grass_block":7,"born_in_chaos_v1:black_argillite":1,"iter_rpg:big_vase":1,"mores:deepslate_tourmaline_ore":13,"minecraft:furnace":3,"iter_rpg:small_vase":3,"minecraft:iron_ore":22,"minecraft:cobbled_deepslate":8,"minecraft:andesite":5,"quark:blossom_planks":1,"minecraft:deepslate_lapis_ore":3,"minecraft:gold_block":2,"minecraft:sculk_shrieker":2,"minecraft:deepslate_iron_ore":17,"ecologics:walnut_log":4,"minecraft:stone":77,"projectvibrantjourneys:cattail":4,"born_in_chaos_v1:marigolds":1,"mores:cobalt_ore":2,"ecologics:walnut_sapling":1,"minecraft:amethyst_cluster":6,"minecraft:stone_brick_slab":1,"mores:deepslate_anthracite_ore":7,"minecraft:crafting_table":2,"minecraft:torch":8,"projectvibrantjourneys:twigs":2,"iter_rpg:vase":3,"mores:tourmaline_ore":2,"minecraft:sculk_sensor":1,"quark:blossom_log":83,"minecraft:copper_ore":5,"minecraft:cobblestone":2,"minecraft:lapis_ore":1,"minecraft:deepslate_gold_ore":8,"minecraft:sculk":3,"minecraft:diorite":6,"minecraft:wall_torch":5,"minecraft:amethyst_block":1,"minecraft:deepslate_copper_ore":7,"minecraft:seagrass":1,"minecraft:gray_wool":6,"iter_rpg:abyssquartz_block":1,"iter_rpg:abyss_quartz":7,"born_in_chaos_v1:river_mint":1,"butcher:sulfurore":1,"quark:deepslate_furnace":2,"minecraft:grass":51,"minecraft:oak_log":1,"minecraft:coal_ore":14,"projectvibrantjourneys:short_grass":37,"minecraft:sand":64,"minecraft:dirt":7,"minecraft:smooth_basalt":1,"minecraft:gold_ore":1,"minecraft:polished_deepslate_wall":5,"mores:deepslate_topaz_ore":1,"minecraft:deepslate":89},"minecraft:dropped":{"iter_rpg:abyssquartz_block":1,"minecraft:iron_ingot":5,"minecraft:wheat_seeds":1,"untamedwilds:material_fat":4,"minecraft:cobblestone":1,"simplefarming:pea_seeds":1,"minecraft:dirt":5,"croptopia:kale_seed":2,"born_in_chaos_v1:river_mint":3,"quark:blossom_log":1,"born_in_chaos_v1:monster_skin":3,"mores:tourmaline_gem":15,"tombstone:grave_dust":1,"minecraft:iron_pickaxe":1,"minecraft:polished_deepslate_wall":4,"minecraft:bone":4,"minecraft:smooth_basalt":1,"quark:yellow_blossom_sapling":5,"minecraft:stone_axe":1,"minecraft:kelp":2,"minecraft:cobbled_deepslate":7,"born_in_chaos_v1:ethereal_spirit":1,"minecraft:raw_iron":19,"minecraft:rotten_flesh":13,"mores:raw_cobalt":2,"butcher:butchersguidebook":1,"minecraft:potato":2,"minecraft:andesite":1,"minecraft:slime_ball":2,"minecraft:arrow":5,"minecraft:stone_pickaxe":1},"minecraft:picked_up":{"minecraft:iron_chestplate":1,"minecraft:crafting_table":2,"born_in_chaos_v1:diamond_termite_shard":1,"simplefarming:pea_seeds":1,"born_in_chaos_v1:river_mint":4,"mores:obsidian_upgrade_smithing_template":1,"minecraft:gold_block":3,"minecraft:enchanted_book":2,"born_in_chaos_v1:bloody_gadfly_eye":1,"minecraft:polished_deepslate_wall":4,"born_in_chaos_v1:black_argillite":1,"minecraft:string":3,"minecraft:raw_copper":475,"minecraft:iron_axe":1,"minecraft:flint_and_steel":1,"minecraft:iron_leggings":1,"mores:tourmaline_gem":23,"ecologics:walnut_sapling":1,"minecraft:cobbled_deepslate":91,"iter_rpg:coin":4,"minecraft:echo_shard":2,"minecraft:beef":5,"minecraft:iron_nugget":47,"minecraft:enchanted_golden_apple":2,"minecraft:iron_pickaxe":1,"quark:yellow_blossom_sapling":5,"minecraft:iron_boots":1,"minecraft:furnace":3,"minecraft:stick":2,"minecraft:raw_iron":171,"ecologics:walnut_log":4,"minecraft:torch":198,"quark:blossom_log":82,"quark:deepslate_furnace":2,"simplefarming:raspberries":2,"mores:topaz_gem":2,"tombstone:grave_dust":2,"minecraft:diorite":6,"quark:blossom_planks":1,"quark:ancient_tome":2,"coinsje:gold_coin":1,"minecraft:arrow":5,"minecraft:rotten_flesh":22,"projectvibrantjourneys:cattail":4,"minecraft:gold_ingot":10,"minecraft:obsidian":1,"minecraft:cobblestone":95,"ecologics:walnut_planks":1,"born_in_chaos_v1:corpse_maggot":4,"born_in_chaos_v1:monster_flesh":3,"minecraft:water_bucket":1,"minecraft:andesite":7,"minecraft:leather":11,"croptopia:glowing_calamari":1,"minecraft:potato":2,"mores:sterling_leggings":1,"minecraft:tuff":3,"minecraft:oak_log":2,"minecraft:lapis_lazuli":160,"minecraft:dirt":16,"born_in_chaos_v1:monster_skin":3,"born_in_chaos_v1:marigolds":1,"minecraft:bone":21,"minecraft:apple":5,"untamedwilds:material_fat":13,"minecraft:kelp":2,"minecraft:wheat_seeds":12,"minecraft:raw_gold":42,"iter_rpg:potsherd":1,"minecraft:iron_ingot":3,"croptopia:kale_seed":2,"minecraft:smooth_basalt":1,"mores:cobalt_apple":5,"minecraft:stone_brick_slab":1,"born_in_chaos_v1:ethereal_spirit":1,"minecraft:sand":63,"minecraft:amethyst_shard":48,"mores:raw_cobalt":2,"minecraft:spider_eye":1,"iter_rpg:abyssquartz_block":1,"mores:tin_ingot":1,"butcher:sulfur":1,"farm_and_charm:tomato":1,"minecraft:slime_ball":2,"mores:anthracite":7,"iter_rpg:abyssquartz_shard":24,"croptopia:orange":9,"minecraft:iron_helmet":1,"minecraft:granite":3,"minecraft:gray_wool":6,"minecraft:baked_potato":1,"mores:raw_silver":8,"minecraft:coal":191},"minecraft:used":{"minecraft:iron_shovel":69,"croptopia:glowing_calamari":1,"minecraft:chest":4,"minecraft:shield":8,"born_in_chaos_v1:black_argillite":1,"minecraft:iron_sword":152,"minecraft:sculk_sensor":1,"minecraft:torch":181,"minecraft:dirt":12,"minecraft:tuff":3,"minecraft:granite":3,"minecraft:stone_brick_slab":1,"minecraft:wooden_axe":56,"quark:deepslate_furnace":2,"minecraft:iron_axe":18,"ecologics:walnut_planks":2,"spartanshields:iron_basic_shield":20,"minecraft:furnace":4,"tombstone:gift":2,"quark:blossom_planks":37,"minecraft:gold_block":1,"untamedwilds:material_fat":4,"minecraft:cooked_beef":5,"minecraft:cobbled_deepslate":77,"farm_and_charm:tomato":1,"quark:blossom_log":1,"minecraft:water_bucket":16,"minecraft:diorite":5,"minecraft:stone_pickaxe":96,"minecraft:baked_potato":1,"ecologics:walnut_sapling":1,"minecraft:crafting_table":3,"minecraft:blast_furnace":3,"minecraft:apple":3,"born_in_chaos_v1:monster_flesh":1,"minecraft:iron_pickaxe":263,"minecraft:stone_axe":54,"mores:cobalt_apple":1,"minecraft:cobblestone":83,"minecraft:andesite":4,"minecraft:bucket":17,"minecraft:gray_wool":6,"minecraft:experience_bottle":1},"minecraft:killed":{"minecraft:spider":1,"quark:toretoise":1,"born_in_chaos_v1:zombie_bruiser":1,"born_in_chaos_v1:maggot":1,"minecraft:skeleton":6,"born_in_chaos_v1:diamond_termite":1,"minecraft:bat":1,"iter_rpg:spiderling":2,"born_in_chaos_v1:decrepit_skeleton":3,"born_in_chaos_v1:bloody_gadfly":1,"minecraft:zombie":7,"born_in_chaos_v1:dread_hound":3,"born_in_chaos_v1:corpse_fly":1,"born_in_chaos_v1:dark_vortex":1,"untamedwilds:bison":5,"iter_rpg:scallop":1},"minecraft:crafted":{"minecraft:smooth_stone":9,"minecraft:oak_planks":8,"ecologics:walnut_planks":16,"minecraft:furnace":3,"minecraft:blast_furnace":3,"minecraft:stone":9,"quark:deepslate_furnace":1,"spartanshields:iron_basic_shield":1,"minecraft:glass":35,"minecraft:iron_boots":1,"minecraft:iron_axe":1,"minecraft:stone_pickaxe":1,"minecraft:chest":4,"minecraft:cooked_beef":5,"quark:blossom_planks":124,"minecraft:crafting_table":2,"travelersbackpack:backpack_tank":4,"minecraft:iron_helmet":1,"minecraft:iron_sword":2,"minecraft:copper_ingot":237,"minecraft:bucket":1,"minecraft:stone_axe":1,"minecraft:air":0,"minecraft:iron_chestplate":1,"minecraft:shield":1,"minecraft:stick":108,"minecraft:iron_shovel":1,"minecraft:iron_ingot":88,"minecraft:iron_pickaxe":2,"minecraft:wooden_axe":1,"minecraft:gold_ingot":10,"minecraft:iron_leggings":1,"spartanshields:wooden_basic_shield":1,"minecraft:torch":300,"coinsje:copper_coin":129},"minecraft:killed_by":{"minecraft:player":2,"untamedwilds:bison":1,"quark:toretoise":1}},"DataVersion":3465}