{"stats":{"minecraft:broken":{"minecraft:wooden_axe":1},"minecraft:mined":{"quark:yellow_blossom_leaves":2,"projectvibrantjourneys:rocks":2,"born_in_chaos_v1:infected_diamond_ore":1,"minecraft:granite":3,"minecraft:grass_block":6,"born_in_chaos_v1:black_argillite":1,"iter_rpg:big_vase":1,"mores:deepslate_tourmaline_ore":13,"iter_rpg:small_vase":3,"minecraft:iron_ore":22,"minecraft:cobbled_deepslate":8,"minecraft:andesite":5,"quark:blossom_planks":1,"minecraft:deepslate_lapis_ore":3,"minecraft:gold_block":2,"minecraft:sculk_shrieker":2,"minecraft:deepslate_iron_ore":16,"ecologics:walnut_log":4,"minecraft:stone":49,"ecologics:walnut_sapling":1,"minecraft:amethyst_cluster":6,"minecraft:stone_brick_slab":1,"mores:deepslate_anthracite_ore":7,"minecraft:crafting_table":2,"minecraft:torch":4,"iter_rpg:vase":3,"mores:tourmaline_ore":2,"minecraft:sculk_sensor":1,"quark:blossom_log":83,"minecraft:copper_ore":5,"minecraft:cobblestone":2,"minecraft:lapis_ore":1,"minecraft:deepslate_gold_ore":8,"minecraft:sculk":1,"minecraft:diorite":2,"minecraft:wall_torch":4,"minecraft:amethyst_block":1,"minecraft:deepslate_copper_ore":7,"minecraft:gray_wool":6,"iter_rpg:abyssquartz_block":1,"iter_rpg:abyss_quartz":7,"butcher:sulfurore":1,"quark:deepslate_furnace":1,"minecraft:grass":1,"minecraft:oak_log":1,"minecraft:coal_ore":14,"projectvibrantjourneys:short_grass":4,"minecraft:dirt":5,"minecraft:smooth_basalt":1,"minecraft:gold_ore":1,"minecraft:polished_deepslate_wall":5,"mores:deepslate_topaz_ore":1,"minecraft:deepslate":51},"minecraft:custom":{"minecraft:mob_kills":27,"minecraft:interact_with_crafting_table":26,"minecraft:damage_dealt_resisted":646,"minecraft:leave_game":3,"minecraft:time_since_death":13314,"minecraft:climb_one_cm":1199,"minecraft:sprint_one_cm":232148,"minecraft:walk_one_cm":137245,"minecraft:damage_blocked_by_shield":2155,"minecraft:drop":38,"minecraft:play_time":81926,"minecraft:deaths":11,"minecraft:sneak_time":13672,"minecraft:walk_under_water_one_cm":3064,"minecraft:jump":2111,"minecraft:walk_on_water_one_cm":11850,"minecraft:total_world_time":81926,"minecraft:interact_with_furnace":34,"spartanshields:shield_bash_hits":1,"minecraft:time_since_rest":12926,"minecraft:damage_taken":3442,"minecraft:damage_dealt":7370,"minecraft:swim_one_cm":12738,"minecraft:fly_one_cm":371153,"minecraft:open_chest":19,"minecraft:crouch_one_cm":88124,"tombstone:undead_killed":14,"minecraft:fall_one_cm":78780},"minecraft:dropped":{"iter_rpg:abyssquartz_block":1,"minecraft:iron_ingot":5,"minecraft:wheat_seeds":1,"minecraft:cobblestone":1,"simplefarming:pea_seeds":1,"minecraft:dirt":5,"croptopia:kale_seed":2,"quark:blossom_log":1,"born_in_chaos_v1:monster_skin":3,"tombstone:grave_dust":1,"minecraft:iron_pickaxe":1,"minecraft:bone":3,"minecraft:smooth_basalt":1,"quark:yellow_blossom_sapling":5,"minecraft:stone_axe":1,"minecraft:kelp":2,"minecraft:cobbled_deepslate":7,"born_in_chaos_v1:ethereal_spirit":1,"minecraft:raw_iron":19,"minecraft:rotten_flesh":12,"butcher:butchersguidebook":1,"minecraft:andesite":1,"minecraft:arrow":5,"minecraft:stone_pickaxe":1},"minecraft:picked_up":{"minecraft:crafting_table":2,"born_in_chaos_v1:diamond_termite_shard":1,"simplefarming:pea_seeds":1,"minecraft:gold_block":2,"minecraft:polished_deepslate_wall":4,"born_in_chaos_v1:black_argillite":1,"minecraft:raw_copper":238,"mores:tourmaline_gem":15,"ecologics:walnut_sapling":1,"minecraft:cobbled_deepslate":58,"iter_rpg:coin":2,"minecraft:beef":5,"minecraft:iron_pickaxe":1,"quark:yellow_blossom_sapling":5,"minecraft:raw_iron":101,"ecologics:walnut_log":4,"minecraft:torch":8,"quark:blossom_log":82,"quark:deepslate_furnace":1,"mores:topaz_gem":1,"tombstone:grave_dust":2,"minecraft:diorite":2,"quark:blossom_planks":1,"minecraft:arrow":5,"minecraft:rotten_flesh":20,"minecraft:cobblestone":67,"ecologics:walnut_planks":1,"born_in_chaos_v1:corpse_maggot":1,"born_in_chaos_v1:monster_flesh":3,"minecraft:andesite":7,"minecraft:leather":4,"croptopia:glowing_calamari":1,"minecraft:oak_log":2,"minecraft:lapis_lazuli":80,"minecraft:dirt":13,"born_in_chaos_v1:monster_skin":3,"minecraft:bone":12,"untamedwilds:material_fat":4,"minecraft:kelp":2,"minecraft:wheat_seeds":1,"minecraft:raw_gold":26,"iter_rpg:potsherd":1,"minecraft:iron_ingot":1,"croptopia:kale_seed":2,"minecraft:smooth_basalt":1,"minecraft:stone_brick_slab":1,"born_in_chaos_v1:ethereal_spirit":1,"minecraft:amethyst_shard":24,"iter_rpg:abyssquartz_block":1,"butcher:sulfur":1,"mores:anthracite":7,"iter_rpg:abyssquartz_shard":12,"minecraft:granite":3,"minecraft:gray_wool":6,"minecraft:coal":152},"minecraft:used":{"croptopia:glowing_calamari":1,"minecraft:chest":4,"minecraft:shield":8,"born_in_chaos_v1:black_argillite":1,"minecraft:iron_sword":131,"minecraft:sculk_sensor":1,"minecraft:torch":125,"minecraft:dirt":9,"minecraft:granite":3,"minecraft:stone_brick_slab":1,"minecraft:wooden_axe":56,"quark:deepslate_furnace":2,"minecraft:iron_axe":3,"ecologics:walnut_planks":2,"spartanshields:iron_basic_shield":20,"tombstone:gift":2,"quark:blossom_planks":37,"minecraft:gold_block":1,"untamedwilds:material_fat":4,"minecraft:cooked_beef":5,"minecraft:cobbled_deepslate":44,"quark:blossom_log":1,"minecraft:water_bucket":10,"minecraft:diorite":1,"minecraft:stone_pickaxe":96,"ecologics:walnut_sapling":1,"minecraft:crafting_table":3,"born_in_chaos_v1:monster_flesh":1,"minecraft:iron_pickaxe":178,"minecraft:stone_axe":54,"minecraft:cobblestone":66,"minecraft:andesite":4,"minecraft:bucket":11,"minecraft:gray_wool":6,"minecraft:experience_bottle":1},"minecraft:killed":{"quark:toretoise":1,"born_in_chaos_v1:zombie_bruiser":1,"minecraft:skeleton":5,"born_in_chaos_v1:diamond_termite":1,"minecraft:bat":1,"iter_rpg:spiderling":2,"born_in_chaos_v1:decrepit_skeleton":3,"minecraft:zombie":5,"born_in_chaos_v1:dread_hound":3,"born_in_chaos_v1:corpse_fly":1,"born_in_chaos_v1:dark_vortex":1,"untamedwilds:bison":2,"iter_rpg:scallop":1},"minecraft:crafted":{"minecraft:oak_planks":8,"ecologics:walnut_planks":16,"quark:deepslate_furnace":1,"spartanshields:iron_basic_shield":1,"minecraft:iron_boots":1,"minecraft:iron_axe":1,"minecraft:stone_pickaxe":1,"minecraft:chest":4,"minecraft:cooked_beef":5,"quark:blossom_planks":124,"minecraft:crafting_table":2,"minecraft:iron_helmet":1,"minecraft:iron_sword":1,"minecraft:bucket":1,"minecraft:stone_axe":1,"minecraft:air":0,"minecraft:iron_chestplate":1,"minecraft:shield":1,"minecraft:stick":100,"minecraft:iron_ingot":46,"minecraft:iron_pickaxe":1,"minecraft:wooden_axe":1,"minecraft:gold_ingot":10,"minecraft:iron_leggings":1,"spartanshields:wooden_basic_shield":1,"minecraft:torch":300},"minecraft:killed_by":{"minecraft:player":1,"quark:toretoise":1}},"DataVersion":3465}