{"stats":{"minecraft:killed_by":{"minecraft:player":2,"quark:toretoise":1},"minecraft:picked_up":{"born_in_chaos_v1:diamond_termite_shard":1,"minecraft:iron_chestplate":1,"simplefarming:pea_seeds":1,"minecraft:crafting_table":2,"born_in_chaos_v1:river_mint":4,"mores:obsidian_upgrade_smithing_template":1,"minecraft:gold_block":3,"minecraft:enchanted_book":2,"born_in_chaos_v1:bloody_gadfly_eye":1,"minecraft:polished_deepslate_wall":4,"born_in_chaos_v1:black_argillite":1,"minecraft:string":3,"minecraft:raw_copper":475,"minecraft:iron_axe":1,"minecraft:flint_and_steel":1,"minecraft:iron_leggings":1,"mores:tourmaline_gem":23,"minecraft:beetroot":3,"ecologics:walnut_sapling":1,"minecraft:cobbled_deepslate":91,"iter_rpg:coin":4,"minecraft:beef":5,"minecraft:echo_shard":2,"minecraft:iron_nugget":47,"minecraft:iron_pickaxe":1,"minecraft:enchanted_golden_apple":2,"quark:yellow_blossom_sapling":5,"minecraft:iron_boots":1,"minecraft:furnace":3,"minecraft:stick":4,"minecraft:raw_iron":171,"ecologics:walnut_log":4,"minecraft:torch":198,"quark:blossom_log":82,"quark:deepslate_furnace":2,"simplefarming:raspberries":2,"mores:topaz_gem":2,"tombstone:grave_dust":2,"minecraft:diorite":6,"quark:blossom_planks":1,"quark:ancient_tome":2,"minecraft:arrow":6,"minecraft:rotten_flesh":30,"argentinas_delight:mateconyuyos":1,"projectvibrantjourneys:cattail":4,"minecraft:gold_ingot":10,"minecraft:obsidian":1,"minecraft:white_wool":4,"minecraft:cobblestone":96,"ecologics:walnut_planks":1,"born_in_chaos_v1:corpse_maggot":12,"born_in_chaos_v1:monster_flesh":3,"minecraft:water_bucket":1,"minecraft:andesite":7,"minecraft:leather":13,"croptopia:glowing_calamari":1,"minecraft:potato":2,"mores:sterling_leggings":1,"simplefarming:fish_and_chips":1,"minecraft:tuff":3,"minecraft:oak_log":7,"minecraft:lapis_lazuli":160,"minecraft:dirt":26,"born_in_chaos_v1:monster_skin":3,"born_in_chaos_v1:marigolds":1,"minecraft:bone":22,"minecraft:apple":5,"minecraft:kelp":2,"minecraft:wheat_seeds":14,"minecraft:raw_gold":42,"iter_rpg:potsherd":1,"minecraft:iron_ingot":3,"croptopia:kale_seed":2,"simplefarming:peanut_seeds":1,"minecraft:smooth_basalt":1,"mores:cobalt_apple":5,"minecraft:stone_brick_slab":1,"born_in_chaos_v1:ethereal_spirit":1,"minecraft:sand":63,"minecraft:amethyst_shard":48,"treasure2:copper_coin":1,"minecraft:spruce_log":62,"mores:raw_cobalt":2,"minecraft:spider_eye":1,"iter_rpg:abyssquartz_block":1,"simplefarming:blackberries":4,"mores:tin_ingot":1,"minecraft:bundle":1,"butcher:sulfur":1,"farm_and_charm:tomato":1,"minecraft:slime_ball":2,"iter_rpg:abyssquartz_shard":24,"mores:anthracite":7,"croptopia:orange":9,"minecraft:iron_helmet":1,"minecraft:granite":3,"minecraft:gray_wool":6,"minecraft:baked_potato":1,"mores:raw_silver":8,"minecraft:coal":191},"minecraft:broken":{"minecraft:iron_pickaxe":1,"minecraft:wooden_axe":1},"minecraft:mined":{"minecraft:tuff":4,"quark:yellow_blossom_leaves":2,"projectvibrantjourneys:rocks":3,"born_in_chaos_v1:infected_diamond_ore":1,"minecraft:granite":3,"minecraft:grass_block":14,"born_in_chaos_v1:black_argillite":1,"iter_rpg:big_vase":1,"mores:deepslate_tourmaline_ore":13,"minecraft:furnace":3,"iter_rpg:small_vase":3,"minecraft:iron_ore":22,"minecraft:cobbled_deepslate":8,"minecraft:andesite":5,"quark:blossom_planks":1,"minecraft:deepslate_lapis_ore":3,"minecraft:gold_block":2,"minecraft:sculk_shrieker":2,"minecraft:deepslate_iron_ore":17,"ecologics:walnut_log":4,"minecraft:stone":77,"projectvibrantjourneys:cattail":4,"mores:cobalt_ore":2,"born_in_chaos_v1:marigolds":1,"ecologics:walnut_sapling":1,"minecraft:amethyst_cluster":6,"mores:deepslate_anthracite_ore":7,"minecraft:stone_brick_slab":1,"farm_and_charm:wild_beetroots":1,"minecraft:crafting_table":2,"minecraft:torch":9,"projectvibrantjourneys:twigs":2,"iter_rpg:vase":3,"mores:tourmaline_ore":2,"minecraft:sculk_sensor":1,"quark:blossom_log":83,"minecraft:copper_ore":5,"minecraft:cobblestone":3,"minecraft:deepslate_gold_ore":8,"minecraft:lapis_ore":1,"minecraft:sculk":3,"minecraft:diorite":6,"minecraft:wall_torch":5,"minecraft:amethyst_block":1,"minecraft:deepslate_copper_ore":7,"minecraft:seagrass":1,"minecraft:gray_wool":6,"iter_rpg:abyssquartz_block":1,"iter_rpg:abyss_quartz":7,"minecraft:spruce_log":77,"butcher:sulfurore":1,"born_in_chaos_v1:river_mint":1,"quark:deepslate_furnace":2,"minecraft:grass":57,"minecraft:coal_ore":14,"minecraft:oak_log":6,"projectvibrantjourneys:short_grass":43,"minecraft:sand":64,"minecraft:dirt":11,"minecraft:smooth_basalt":1,"minecraft:gold_ore":1,"mores:deepslate_topaz_ore":1,"minecraft:polished_deepslate_wall":5,"minecraft:deepslate":89},"minecraft:dropped":{"iter_rpg:abyssquartz_block":1,"minecraft:iron_ingot":5,"minecraft:wheat_seeds":2,"minecraft:cobblestone":2,"simplefarming:pea_seeds":1,"minecraft:dirt":5,"croptopia:kale_seed":2,"born_in_chaos_v1:river_mint":3,"quark:blossom_log":1,"born_in_chaos_v1:monster_skin":3,"mores:tourmaline_gem":15,"tombstone:grave_key":1,"tombstone:grave_dust":2,"minecraft:iron_pickaxe":1,"minecraft:polished_deepslate_wall":4,"minecraft:smooth_basalt":1,"minecraft:bone":4,"quark:yellow_blossom_sapling":5,"minecraft:stone_axe":1,"minecraft:kelp":2,"minecraft:cobbled_deepslate":7,"born_in_chaos_v1:ethereal_spirit":1,"minecraft:raw_iron":19,"minecraft:beetroot":3,"minecraft:rotten_flesh":15,"mores:raw_cobalt":2,"butcher:butchersguidebook":1,"minecraft:potato":2,"treasure2:copper_coin":1,"minecraft:andesite":1,"born_in_chaos_v1:corpse_maggot":3,"minecraft:slime_ball":2,"minecraft:arrow":6,"minecraft:stone_pickaxe":1},"minecraft:crafted":{"minecraft:smooth_stone":9,"minecraft:oak_planks":28,"ecologics:walnut_planks":16,"minecraft:furnace":3,"minecraft:blast_furnace":3,"minecraft:stone":9,"quark:deepslate_furnace":1,"travelersbackpack:blank_upgrade":4,"travelersbackpack:gold_tier_upgrade":1,"spartanshields:iron_basic_shield":1,"minecraft:glass":63,"travelersbackpack:white_sleeping_bag":1,"minecraft:iron_boots":1,"minecraft:iron_axe":1,"minecraft:stone_pickaxe":1,"minecraft:chest":4,"minecraft:cooked_beef":5,"travelersbackpack:iron_tier_upgrade":1,"quark:blossom_planks":136,"quark:blossom_sign":3,"minecraft:crafting_table":2,"travelersbackpack:backpack_tank":4,"minecraft:iron_helmet":1,"travelersbackpack:standard":1,"minecraft:iron_sword":2,"minecraft:smithing_table":1,"minecraft:copper_ingot":237,"minecraft:bucket":1,"minecraft:stone_axe":1,"minecraft:air":0,"woodworks:oak_chest":2,"travelersbackpack:wolf":2,"minecraft:iron_chestplate":1,"minecraft:shield":1,"minecraft:stick":108,"minecraft:iron_ingot":88,"minecraft:iron_pickaxe":2,"minecraft:wooden_axe":1,"minecraft:iron_leggings":1,"minecraft:iron_shovel":1,"minecraft:gold_ingot":26,"spartanshields:wooden_basic_shield":1,"minecraft:torch":300,"minecraft:shears":1},"minecraft:custom":{"minecraft:interact_with_smithing_table":4,"minecraft:mob_kills":51,"minecraft:interact_with_crafting_table":65,"minecraft:damage_dealt_resisted":646,"minecraft:leave_game":5,"minecraft:time_since_death":10509,"minecraft:climb_one_cm":1199,"minecraft:sprint_one_cm":370195,"minecraft:walk_one_cm":246118,"minecraft:damage_blocked_by_shield":2155,"minecraft:drop":72,"minecraft:talked_to_villager":2,"minecraft:play_time":146333,"minecraft:deaths":15,"minecraft:sneak_time":16003,"minecraft:walk_under_water_one_cm":8036,"minecraft:jump":3727,"minecraft:interact_with_blast_furnace":84,"minecraft:walk_on_water_one_cm":20151,"minecraft:total_world_time":146333,"minecraft:interact_with_furnace":76,"spartanshields:shield_bash_hits":1,"minecraft:time_since_rest":8375,"minecraft:damage_taken":5081,"minecraft:damage_dealt":11485,"minecraft:swim_one_cm":27764,"minecraft:fly_one_cm":726332,"minecraft:crouch_one_cm":94745,"minecraft:open_chest":118,"tombstone:undead_killed":21,"minecraft:fall_one_cm":125322},"minecraft:killed":{"minecraft:spider":1,"quark:toretoise":1,"born_in_chaos_v1:zombie_bruiser":1,"born_in_chaos_v1:maggot":4,"minecraft:skeleton":6,"born_in_chaos_v1:diamond_termite":1,"minecraft:zombie_villager":1,"minecraft:bat":1,"iter_rpg:spiderling":2,"born_in_chaos_v1:decrepit_skeleton":3,"born_in_chaos_v1:bloody_gadfly":1,"minecraft:zombie":10,"born_in_chaos_v1:dread_hound":3,"born_in_chaos_v1:corpse_fly":7,"born_in_chaos_v1:dark_vortex":1,"iter_rpg:scallop":1},"minecraft:used":{"minecraft:iron_shovel":80,"croptopia:glowing_calamari":1,"minecraft:chest":4,"minecraft:shield":8,"born_in_chaos_v1:black_argillite":1,"minecraft:iron_sword":200,"argentinas_delight:mateyerbaseca":1,"minecraft:rotten_flesh":4,"minecraft:sculk_sensor":1,"minecraft:torch":183,"minecraft:dirt":35,"argentinas_delight:mateconyuyos":1,"minecraft:tuff":3,"minecraft:granite":3,"minecraft:wooden_axe":56,"minecraft:stone_brick_slab":1,"quark:deepslate_furnace":2,"minecraft:iron_axe":102,"ecologics:walnut_planks":2,"spartanshields:iron_basic_shield":20,"minecraft:furnace":4,"minecraft:gold_block":1,"tombstone:gift":4,"quark:blossom_planks":37,"minecraft:cooked_beef":5,"simplefarming:fish_and_chips":1,"minecraft:cobbled_deepslate":77,"farm_and_charm:tomato":1,"quark:blossom_log":1,"minecraft:water_bucket":16,"minecraft:diorite":5,"minecraft:baked_potato":1,"minecraft:stone_pickaxe":96,"ecologics:walnut_sapling":1,"minecraft:crafting_table":3,"minecraft:blast_furnace":3,"simplefarming:blackberries":4,"croptopia:orange":9,"minecraft:apple":5,"born_in_chaos_v1:monster_flesh":1,"minecraft:iron_pickaxe":264,"quark:blossom_sign":1,"minecraft:stone_axe":54,"born_in_chaos_v1:bloody_gadfly_eye":1,"mores:cobalt_apple":1,"minecraft:cobblestone":83,"minecraft:smithing_table":1,"minecraft:andesite":4,"minecraft:bucket":17,"minecraft:gray_wool":6,"minecraft:experience_bottle":1}},"DataVersion":3465}