{"stats":{"minecraft:crafted":{"minecraft:smooth_stone":9,"minecraft:oak_planks":28,"ecologics:walnut_planks":16,"minecraft:cherry_boat":2,"minecraft:stone":17,"quark:deepslate_furnace":1,"spartanshields:iron_basic_shield":1,"minecraft:glass":63,"minecraft:iron_boots":1,"minecraft:chest":8,"treasure2:thiefs_lock_pick":2,"treasure2:treasure_tool":1,"travelersbackpack:iron_tier_upgrade":1,"quark:blossom_planks":136,"minecraft:crafting_table":3,"minecraft:spruce_planks":132,"minecraft:iron_helmet":1,"minecraft:baked_potato":74,"travelersbackpack:standard":1,"minecraft:smithing_table":1,"minecraft:copper_ingot":237,"minecraft:birch_planks":1084,"minecraft:birch_fence":3,"travelersbackpack:wolf":2,"minecraft:iron_chestplate":1,"minecraft:shield":1,"minecraft:stick":116,"minecraft:iron_ingot":122,"minecraft:iron_pickaxe":3,"minecraft:gold_ingot":26,"spartanshields:wooden_basic_shield":1,"mcwfences:spruce_highley_gate":4,"minecraft:shears":1,"minecraft:cherry_planks":72,"iter_rpg:void_maw":1,"minecraft:furnace":3,"minecraft:blast_furnace":3,"minecraft:bone_meal":93,"minecraft:spruce_fence":54,"travelersbackpack:gold_tier_upgrade":1,"travelersbackpack:blank_upgrade":4,"travelersbackpack:white_sleeping_bag":1,"minecraft:iron_axe":10,"minecraft:spruce_slab":24,"minecraft:stone_pickaxe":1,"minecraft:dark_oak_planks":20,"minecraft:cooked_beef":5,"elevatorid:elevator_white":2,"quark:blossom_sign":3,"travelersbackpack:backpack_tank":4,"minecraft:iron_sword":2,"minecraft:bucket":1,"minecraft:stone_axe":1,"minecraft:bread":42,"minecraft:air":0,"woodworks:oak_chest":2,"minecraft:wooden_axe":1,"minecraft:iron_shovel":2,"minecraft:iron_leggings":1,"minecraft:torch":300},"minecraft:dropped":{"minecraft:iron_sword":1,"minecraft:oak_pressure_plate":1,"minecraft:oak_log":6,"upgrade_aquatic:pickerelweed":12,"projectvibrantjourneys:orange_bark_mushroom":2,"simplefarming:pea_seeds":1,"minecraft:dirt":13,"born_in_chaos_v1:monster_skin":3,"minecraft:snowball":6,"minecraft:chain":2,"minecraft:sand":11,"simplefarming:blackberries":2,"minecraft:iron_pickaxe":1,"minecraft:white_wool":1,"projectvibrantjourneys:reeds":3,"minecraft:bone":6,"minecraft:gravel":1,"quark:yellow_blossom_sapling":5,"minecraft:stone_axe":1,"minecraft:mangrove_roots":1,"minecraft:iron_nugget":2,"minecraft:cobbled_deepslate":7,"minecraft:birch_sapling":2,"born_in_chaos_v1:ethereal_spirit":2,"minecraft:beetroot":10,"minecraft:rotten_flesh":24,"treasure2:silver_coin":10,"projectvibrantjourneys:light_brown_bark_mushroom":1,"treasure2:copper_coin":1,"minecraft:beetroot_seeds":1,"born_in_chaos_v1:corpse_maggot":3,"minecraft:spruce_slab":1,"minecraft:arrow":6,"projectvibrantjourneys:cattail":1,"iter_rpg:abyssquartz_block":1,"minecraft:bread":13,"minecraft:water_bucket":1,"minecraft:iron_ingot":5,"minecraft:wheat_seeds":4,"minecraft:cobblestone":27,"minecraft:grass_block":1,"minecraft:stick":14,"croptopia:kale_seed":2,"born_in_chaos_v1:river_mint":3,"quark:blossom_log":1,"mores:tourmaline_gem":15,"tombstone:grave_key":2,"tombstone:grave_dust":2,"minecraft:polished_deepslate_wall":4,"minecraft:spruce_sapling":4,"minecraft:dandelion":2,"minecraft:smooth_basalt":1,"minecraft:kelp":2,"minecraft:raw_iron":19,"mores:raw_cobalt":2,"minecraft:spruce_fence":6,"minecraft:shears":1,"butcher:butchersguidebook":1,"minecraft:potato":2,"minecraft:spruce_planks":2,"minecraft:andesite":1,"minecraft:oak_sapling":1,"minecraft:slime_ball":2,"minecraft:stone_pickaxe":1,"minecraft:red_tulip":1},"minecraft:mined":{"treasure2:compressor_chest":2,"minecraft:spruce_planks":44,"quark:yellow_blossom_leaves":2,"minecraft:cherry_log":18,"minecraft:granite":4,"minecraft:grass_block":121,"minecraft:white_concrete":15,"minecraft:oak_pressure_plate":1,"minecraft:oxeye_daisy":1,"travelersbackpack:wolf":1,"mores:deepslate_tourmaline_ore":13,"projectvibrantjourneys:reeds":3,"minecraft:iron_ore":26,"minecraft:cobbled_deepslate":8,"minecraft:fire":2,"quark:blossom_planks":1,"minecraft:deepslate_lapis_ore":3,"minecraft:sculk_shrieker":2,"minecraft:red_tulip":1,"minecraft:oak_stairs":1,"upgrade_aquatic:pickerelweed":3,"ecologics:walnut_log":4,"treasure2:gravestone2_spawner_cobblestone":1,"treasure2:iron_strongbox":2,"projectvibrantjourneys:cattail":7,"minecraft:kelp_plant":1,"ecologics:walnut_sapling":1,"minecraft:amethyst_cluster":6,"mores:deepslate_anthracite_ore":7,"minecraft:powder_snow":6,"farm_and_charm:wild_beetroots":4,"minecraft:torch":21,"projectvibrantjourneys:twigs":5,"mores:tourmaline_ore":2,"quark:blossom_log":83,"treasure2:skeleton":1,"minecraft:cobblestone":37,"minecraft:oak_planks":1,"minecraft:grindstone":1,"projectvibrantjourneys:fallen_leaves":2,"minecraft:sugar_cane":5,"quark:blossom_sign":1,"minecraft:wall_torch":8,"minecraft:amethyst_block":1,"minecraft:deepslate_copper_ore":7,"minecraft:birch_sapling":2,"minecraft:seagrass":1,"minecraft:chain":2,"projectvibrantjourneys:light_brown_bark_mushroom":1,"minecraft:birch_log":508,"iter_rpg:abyssquartz_block":1,"minecraft:lilac":1,"projectvibrantjourneys:bones":1,"born_in_chaos_v1:river_mint":2,"butcher:sulfurore":1,"minecraft:orange_tulip":1,"minecraft:tnt":2,"minecraft:smooth_stone_slab":1,"minecraft:grass":109,"minecraft:oak_log":20,"projectvibrantjourneys:short_grass":108,"minecraft:dirt":99,"minecraft:sand":78,"minecraft:smooth_basalt":1,"mores:deepslate_topaz_ore":1,"minecraft:polished_deepslate_wall":5,"minecraft:deepslate":91,"minecraft:tuff":4,"minecraft:stripped_birch_log":14,"minecraft:mangrove_roots":1,"projectvibrantjourneys:rocks":4,"born_in_chaos_v1:infected_diamond_ore":1,"minecraft:spruce_fence":1,"born_in_chaos_v1:black_argillite":1,"argentinas_delight:mateyerbaseca":3,"minecraft:spruce_leaves":10,"iter_rpg:big_vase":1,"minecraft:kelp":1,"minecraft:mangrove_propagule":1,"minecraft:spruce_sapling":11,"minecraft:furnace":3,"iter_rpg:small_vase":3,"minecraft:andesite":26,"minecraft:gold_block":2,"minecraft:deepslate_iron_ore":18,"upgrade_aquatic:tall_pickerelweed":6,"minecraft:stone":224,"minecraft:podzol":189,"mores:cobalt_ore":2,"minecraft:cherry_planks":6,"born_in_chaos_v1:marigolds":6,"minecraft:snow_block":4,"minecraft:stone_brick_slab":1,"minecraft:crafting_table":4,"iter_rpg:vase":3,"minecraft:sculk_sensor":2,"minecraft:copper_ore":5,"minecraft:tall_grass":3,"minecraft:lapis_ore":1,"minecraft:deepslate_gold_ore":8,"minecraft:sculk":3,"minecraft:diorite":24,"mores:tin_ore":2,"minecraft:birch_planks":111,"minecraft:gray_wool":6,"iter_rpg:abyss_quartz":7,"minecraft:spruce_log":1358,"minecraft:birch_leaves":40,"minecraft:mangrove_leaves":1,"quark:deepslate_furnace":2,"elevatorid:elevator_white":2,"minecraft:coal_ore":18,"minecraft:gravel":1,"minecraft:gold_ore":1},"minecraft:killed_by":{"minecraft:player":2,"quark:toretoise":1},"minecraft:picked_up":{"minecraft:iron_chestplate":1,"minecraft:prismarine_shard":3,"minecraft:stone_slab":5,"mores:obsidian_upgrade_smithing_template":1,"minecraft:lead":4,"minecraft:oak_stairs":1,"minecraft:enchanted_book":2,"born_in_chaos_v1:bloody_gadfly_eye":1,"minecraft:polished_deepslate_wall":4,"born_in_chaos_v1:black_argillite":1,"minecraft:string":3,"simplefarming:zucchini_seeds":1,"minecraft:raw_copper":475,"minecraft:smooth_stone_slab":1,"minecraft:iron_leggings":1,"mores:tourmaline_gem":23,"minecraft:beetroot":10,"minecraft:cherry_boat":5,"minecraft:cobbled_deepslate":93,"minecraft:spruce_planks":14,"minecraft:iron_pickaxe":1,"minecraft:enchanted_golden_apple":2,"minecraft:iron_boots":1,"minecraft:furnace":3,"minecraft:stick":164,"ecologics:walnut_log":4,"minecraft:torch":227,"quark:blossom_log":82,"simplefarming:raspberries":2,"minecraft:cherry_log":18,"mores:topaz_gem":2,"tombstone:grave_dust":5,"minecraft:diorite":24,"simplefarming:baked_yam":4,"quark:blossom_planks":1,"quark:ancient_tome":2,"mores:raw_tin":6,"minecraft:cactus":3,"minecraft:rotten_flesh":47,"minecraft:tropical_fish":1,"farmersdelight:onion":2,"minecraft:red_tulip":1,"autumnity:turkey_egg":1,"minecraft:mangrove_roots":1,"projectvibrantjourneys:cattail":6,"minecraft:obsidian":1,"minecraft:snowball":16,"minecraft:cobblestone":279,"ecologics:walnut_planks":11,"minecraft:birch_log":504,"minecraft:cherry_planks":5,"minecraft:water_bucket":2,"minecraft:andesite":26,"minecraft:potato":2,"simplefarming:fish_and_chips":1,"minecraft:tuff":3,"minecraft:lapis_lazuli":160,"minecraft:stripped_birch_log":13,"minecraft:dirt":546,"born_in_chaos_v1:monster_skin":3,"born_in_chaos_v1:marigolds":6,"simplefarming:cucumber_seeds":1,"minecraft:bone":32,"minecraft:wheat_seeds":24,"minecraft:raw_gold":42,"minecraft:grindstone":1,"croptopia:kale_seed":2,"minecraft:oak_planks":1,"simplefarming:peanut_seeds":1,"minecraft:oak_pressure_plate":1,"minecraft:sand":74,"treasure2:iron_strongbox":2,"mores:raw_cobalt":2,"minecraft:ink_sac":1,"minecraft:grass_block":2,"quark:blossom_sign":1,"iter_rpg:abyssquartz_block":1,"minecraft:bundle":1,"butcher:sulfur":1,"farm_and_charm:tomato":1,"simplefarming:corn":2,"iter_rpg:abyssquartz_shard":24,"minecraft:granite":4,"minecraft:white_concrete":13,"minecraft:oak_sapling":1,"mores:raw_silver":8,"born_in_chaos_v1:diamond_termite_shard":1,"simplefarming:pea_seeds":1,"minecraft:crafting_table":4,"born_in_chaos_v1:river_mint":6,"croptopia:peach":7,"minecraft:gold_block":3,"minecraft:chain":2,"minecraft:iron_axe":1,"minecraft:flint_and_steel":1,"projectvibrantjourneys:reeds":3,"ecologics:walnut_sapling":1,"iter_rpg:coin":4,"minecraft:beef":5,"minecraft:echo_shard":2,"upgrade_aquatic:pickerelweed":12,"minecraft:iron_nugget":47,"minecraft:spruce_slab":1,"quark:yellow_blossom_sapling":5,"minecraft:sugar_cane":13,"minecraft:birch_sapling":91,"minecraft:raw_iron":200,"projectvibrantjourneys:bark_mushroom":3,"minecraft:spruce_fence":1,"quark:deepslate_furnace":2,"treasure2:compressor_chest":2,"minecraft:tnt":2,"minecraft:arrow":11,"minecraft:beetroot_seeds":1,"argentinas_delight:mateconyuyos":1,"minecraft:gold_ingot":10,"minecraft:mutton":1,"minecraft:white_wool":5,"minecraft:oxeye_daisy":1,"born_in_chaos_v1:corpse_maggot":16,"born_in_chaos_v1:monster_flesh":3,"minecraft:leather":13,"croptopia:glowing_calamari":1,"minecraft:birch_planks":75,"mores:sterling_leggings":1,"simplefarming:rye_seeds":1,"minecraft:oak_log":17,"minecraft:lily_pad":1,"minecraft:gunpowder":2,"minecraft:white_banner":1,"minecraft:apple":5,"mcwfences:spruce_highley_gate":5,"minecraft:kelp":5,"iter_rpg:potsherd":1,"minecraft:iron_ingot":6,"minecraft:iron_sword":1,"treasure2:ember_lock":1,"elevatorid:elevator_white":2,"projectvibrantjourneys:light_brown_bark_mushroom":8,"minecraft:smooth_basalt":1,"mores:cobalt_apple":5,"minecraft:stone_brick_slab":1,"born_in_chaos_v1:ethereal_spirit":2,"minecraft:dandelion":3,"minecraft:gravel":1,"minecraft:amethyst_shard":48,"minecraft:spruce_sapling":189,"minecraft:spruce_log":1281,"argentinas_delight:mateyerbaseca":3,"minecraft:spider_eye":1,"simplefarming:blackberries":9,"travelersbackpack:wolf":1,"treasure2:copper_coin":1,"mores:tin_ingot":1,"minecraft:slime_ball":2,"croptopia:orange":10,"mores:anthracite":7,"treasure2:gold_coin":1,"minecraft:iron_helmet":1,"minecraft:cherry_sapling":15,"minecraft:gray_wool":6,"minecraft:baked_potato":24,"projectvibrantjourneys:orange_bark_mushroom":9,"minecraft:mangrove_propagule":1,"minecraft:coal":276,"minecraft:ender_pearl":3},"minecraft:custom":{"minecraft:interact_with_crafting_table":84,"minecraft:open_barrel":8,"minecraft:leave_game":9,"minecraft:time_since_death":22041,"minecraft:sprint_one_cm":1033212,"minecraft:damage_blocked_by_shield":2155,"minecraft:drop":134,"minecraft:talked_to_villager":3,"minecraft:play_time":482749,"minecraft:deaths":27,"minecraft:jump":11915,"minecraft:walk_on_water_one_cm":52173,"minecraft:interact_with_furnace":86,"minecraft:sleep_in_bed":14,"minecraft:damage_dealt":18686,"minecraft:crouch_one_cm":246658,"tombstone:undead_killed":40,"tombstone:villager_killed":1,"minecraft:horse_one_cm":152,"minecraft:interact_with_smithing_table":8,"minecraft:mob_kills":83,"minecraft:damage_dealt_resisted":980,"minecraft:climb_one_cm":2858,"minecraft:walk_one_cm":587533,"minecraft:sneak_time":52776,"minecraft:walk_under_water_one_cm":30353,"minecraft:boat_one_cm":217890,"minecraft:interact_with_blast_furnace":94,"minecraft:total_world_time":482749,"spartanshields:shield_bash_hits":1,"tombstone:raider_killed":1,"minecraft:time_since_rest":21686,"minecraft:damage_taken":11410,"minecraft:swim_one_cm":75272,"minecraft:fly_one_cm":1884110,"minecraft:open_chest":263,"minecraft:fall_one_cm":273372},"minecraft:used":{"mcwfences:spruce_highley_gate":9,"iter_rpg:void_maw":1,"minecraft:iron_shovel":487,"minecraft:spruce_slab":22,"minecraft:chest":8,"minecraft:shield":8,"minecraft:iron_sword":360,"minecraft:rotten_flesh":4,"minecraft:sculk_sensor":1,"minecraft:mutton":1,"argentinas_delight:mateconyuyos":1,"minecraft:tuff":3,"minecraft:snowball":10,"minecraft:lava_bucket":1,"quark:deepslate_furnace":2,"minecraft:birch_sapling":25,"ecologics:walnut_planks":2,"croptopia:peach":1,"spartanshields:iron_basic_shield":20,"minecraft:furnace":4,"minecraft:gold_block":1,"projectvibrantjourneys:light_brown_bark_mushroom":7,"minecraft:diorite":5,"minecraft:stripped_birch_log":4,"minecraft:stone_pickaxe":96,"elevatorid:elevator_white":4,"treasure2:thiefs_lock_pick":1,"minecraft:blast_furnace":3,"croptopia:orange":9,"minecraft:birch_fence":3,"treasure2:iron_strongbox":1,"born_in_chaos_v1:monster_flesh":1,"minecraft:bread":33,"quark:blossom_sign":1,"minecraft:smithing_table":1,"minecraft:andesite":4,"minecraft:birch_log":127,"minecraft:smooth_stone_slab":1,"minecraft:white_concrete":13,"minecraft:bone_meal":93,"minecraft:experience_bottle":1,"minecraft:cherry_boat":5,"autumnity:turkey_egg":1,"croptopia:glowing_calamari":1,"minecraft:spruce_planks":54,"born_in_chaos_v1:black_argillite":1,"argentinas_delight:mateyerbaseca":3,"minecraft:torch":252,"minecraft:dirt":803,"projectvibrantjourneys:bark_mushroom":3,"minecraft:granite":3,"minecraft:spruce_fence":49,"minecraft:stone_brick_slab":1,"minecraft:wooden_axe":56,"neapolitan:strawberry_scones":1,"treasure2:compressor_chest":1,"minecraft:iron_axe":2344,"projectvibrantjourneys:orange_bark_mushroom":7,"projectvibrantjourneys:cattail":1,"quark:blossom_planks":37,"tombstone:gift":5,"minecraft:cooked_beef":5,"simplefarming:fish_and_chips":1,"minecraft:cobbled_deepslate":77,"farm_and_charm:tomato":1,"quark:blossom_log":5,"minecraft:water_bucket":94,"minecraft:birch_planks":982,"minecraft:baked_potato":44,"minecraft:cherry_planks":33,"ecologics:walnut_sapling":1,"minecraft:crafting_table":5,"simplefarming:blackberries":7,"minecraft:spruce_log":535,"travelersbackpack:wolf":36,"simplefarming:baked_yam":4,"minecraft:apple":5,"minecraft:iron_pickaxe":530,"minecraft:stone_axe":54,"minecraft:spruce_sapling":71,"born_in_chaos_v1:bloody_gadfly_eye":1,"mores:cobalt_apple":1,"minecraft:cobblestone":203,"minecraft:white_banner":1,"minecraft:bucket":96,"minecraft:gray_wool":6},"minecraft:broken":{"minecraft:iron_shovel":1,"minecraft:iron_boots":1,"minecraft:wooden_axe":1,"minecraft:iron_axe":6,"minecraft:iron_pickaxe":1,"minecraft:iron_helmet":1},"minecraft:killed":{"minecraft:spider":1,"minecraft:skeleton":12,"minecraft:skeleton_horse":1,"born_in_chaos_v1:diamond_termite":1,"minecraft:zombie_villager":1,"iter_rpg:spiderling":3,"minecraft:creeper":1,"minecraft:sheep":1,"minecraft:pillager":1,"minecraft:zombie":15,"born_in_chaos_v1:dread_hound":3,"born_in_chaos_v1:corpse_fly":7,"iter_rpg:bloated":1,"quark:toretoise":1,"born_in_chaos_v1:zombie_bruiser":3,"born_in_chaos_v1:maggot":4,"born_in_chaos_v1:barrel_zombie":1,"treasure2:bound_soul":1,"minecraft:bat":1,"minecraft:wandering_trader":1,"born_in_chaos_v1:decrepit_skeleton":4,"born_in_chaos_v1:bloody_gadfly":2,"born_in_chaos_v1:decaying_zombie":1,"born_in_chaos_v1:dark_vortex":1,"iter_rpg:scallop":1,"minecraft:enderman":4}},"DataVersion":3465}