{"stats":{"minecraft:used":{"iter_rpg:void_maw":1,"mteg:glock_17":2,"minecraft:spruce_slab":22,"minecraft:chest":46,"minecraft:rotten_flesh":4,"argentinas_delight:mateconyuyos":1,"minecraft:snowball":10,"minecraft:lava_bucket":1,"minecraft:birch_sapling":25,"argentinas_delight:pavallena":10,"croptopia:peach":1,"woodworks:sawmill":1,"minecraft:furnace":16,"minecraft:deepslate_brick_wall":1,"projectvibrantjourneys:light_brown_bark_mushroom":7,"minecraft:diorite":5,"minecraft:stripped_birch_log":4,"elevatorid:elevator_white":6,"minecraft:sand":5,"treasure2:thiefs_lock_pick":1,"minecraft:blast_furnace":6,"croptopia:orange":9,"minecraft:birch_fence":3,"born_in_chaos_v1:monster_flesh":1,"minecraft:diamond_sword":26,"minecraft:smithing_table":2,"minecraft:birch_log":127,"minecraft:oak_boat":2,"minecraft:enchanting_table":1,"autumnity:turkey_egg":1,"croptopia:glowing_calamari":1,"argentinas_delight:mateyerbaseca":5,"minecraft:torch":365,"minecraft:anvil":1,"minecraft:iron_axe":2382,"treasure2:compressor_chest":2,"projectvibrantjourneys:orange_bark_mushroom":7,"quark:blossom_planks":37,"tombstone:gift":5,"simplefarming:fish_and_chips":1,"minecraft:cobbled_deepslate":254,"farm_and_charm:tomato":1,"quark:blossom_log":5,"upgrade_aquatic:glass_door":1,"minecraft:water_bucket":153,"minecraft:birch_planks":1179,"minecraft:cherry_planks":33,"minecraft:crafting_table":14,"minecraft:birch_sign":7,"minecraft:campfire":1,"minecraft:white_bed":1,"minecraft:spruce_log":683,"minecraft:diamond_pickaxe":1053,"minecraft:oxeye_daisy":1,"minecraft:diamond_shovel":548,"minecraft:iron_pickaxe":764,"tombstone:magic_scroll":3,"minecraft:spruce_sapling":71,"born_in_chaos_v1:bloody_gadfly_eye":1,"mores:cobalt_apple":1,"minecraft:cobblestone":330,"vanillaplustools:iron_hammer":430,"minecraft:glass_pane":109,"mcwfences:spruce_highley_gate":9,"treasure2:viking_chest":1,"minecraft:iron_shovel":520,"minecraft:shield":8,"minecraft:iron_sword":403,"minecraft:sculk_sensor":1,"minecraft:spruce_leaves":1448,"minecraft:mutton":1,"minecraft:tuff":3,"quark:deepslate_furnace":2,"minecraft:stone_bricks":378,"ecologics:walnut_planks":2,"farmersdelight:cutting_board":1,"spartanshields:iron_basic_shield":21,"minecraft:gold_block":1,"minecraft:stone_pickaxe":96,"minecraft:oak_planks":44,"minecraft:sandstone":1,"minecraft:diamond_axe":414,"minecraft:shears":786,"treasure2:vanilla_chest":2,"treasure2:iron_strongbox":3,"minecraft:bread":33,"quark:blossom_sign":1,"tombstone:grave_key":16,"minecraft:gravel":8,"minecraft:andesite":4,"minecraft:smooth_stone_slab":1,"minecraft:white_concrete":14,"minecraft:bone_meal":93,"minecraft:experience_bottle":1,"minecraft:cherry_boat":5,"minecraft:spruce_planks":1147,"born_in_chaos_v1:black_argillite":1,"immersive_weathering:spruce_leaf_pile":5,"minecraft:dirt":865,"minecraft:spruce_stairs":146,"projectvibrantjourneys:bark_mushroom":3,"minecraft:spruce_fence":50,"minecraft:granite":3,"minecraft:stone_brick_slab":1,"minecraft:wooden_axe":56,"minecraft:dark_oak_planks":1,"neapolitan:strawberry_scones":1,"projectvibrantjourneys:cattail":1,"minecraft:cooked_beef":5,"minecraft:brown_bed":1,"minecraft:baked_potato":127,"minecraft:black_shulker_box":1,"ecologics:walnut_sapling":1,"argentinas_delight:pava":2,"simplefarming:blackberries":7,"travelersbackpack:wolf":49,"simplefarming:baked_yam":4,"minecraft:apple":5,"minecraft:stone_axe":54,"minecraft:white_banner":1,"minecraft:bucket":156,"minecraft:gray_wool":6,"minecraft:birch_stairs":334},"minecraft:mined":{"minecraft:cherry_log":18,"minecraft:obsidian":12,"minecraft:granite":149,"minecraft:jungle_log":8,"minecraft:oak_pressure_plate":1,"minecraft:oxeye_daisy":2,"autumnity:maple_log":6,"travelersbackpack:wolf":1,"mores:deepslate_tourmaline_ore":13,"projectvibrantjourneys:reeds":3,"minecraft:cobbled_deepslate":8,"immersive_weathering:mossy_stone":1,"minecraft:fire":11,"projectvibrantjourneys:bark_mushroom":1,"minecraft:deepslate_lapis_ore":4,"minecraft:sculk_shrieker":2,"minecraft:dirt_path":2,"minecraft:oak_stairs":1,"treasure2:gravestone2_spawner_cobblestone":1,"treasure2:iron_strongbox":5,"treasure2:vanilla_chest":3,"minecraft:kelp_plant":1,"minecraft:deepslate_brick_wall":1,"immersive_weathering:spruce_leaf_pile":23,"ecologics:walnut_sapling":1,"minecraft:amethyst_cluster":35,"mores:deepslate_anthracite_ore":12,"minecraft:powder_snow":6,"minecraft:torch":40,"projectvibrantjourneys:twigs":6,"minecraft:blast_furnace":3,"mores:tourmaline_ore":2,"quark:blossom_log":83,"treasure2:skeleton":1,"projectvibrantjourneys:fallen_leaves":5,"minecraft:sugar_cane":5,"quark:blossom_sign":1,"minecraft:amethyst_block":324,"minecraft:birch_sapling":2,"minecraft:chain":2,"projectvibrantjourneys:light_brown_bark_mushroom":1,"minecraft:lilac":1,"butcher:sulfurore":1,"minecraft:grass":145,"projectvibrantjourneys:short_grass":138,"mores:silver_ore":8,"minecraft:smooth_basalt":4,"minecraft:deepslate":556,"croptopia:cabbage_crop":1,"argentinas_delight:pavallena":10,"minecraft:stripped_birch_log":14,"projectvibrantjourneys:rocks":4,"minecraft:spruce_fence":2,"born_in_chaos_v1:black_argillite":1,"argentinas_delight:mateyerbaseca":5,"minecraft:kelp":1,"projectvibrantjourneys:orange_bark_mushroom":1,"minecraft:andesite":97,"woodworks:sawmill":1,"mores:deepslate_cobalt_ore":2,"minecraft:smithing_table":1,"minecraft:birch_stairs":22,"minecraft:glass_pane":3,"minecraft:cherry_planks":6,"minecraft:stone_brick_slab":1,"minecraft:dandelion":2,"iter_rpg:vase":3,"minecraft:tall_grass":3,"minecraft:copper_ore":8,"minecraft:deepslate_gold_ore":13,"minecraft:diorite":374,"mores:tin_ore":8,"minecraft:spruce_log":1442,"minecraft:birch_leaves":40,"minecraft:mangrove_leaves":1,"quark:deepslate_furnace":2,"projectvibrantjourneys:sandy_sprouts":4,"minecraft:gravel":227,"minecraft:stone_bricks":9,"minecraft:gold_ore":1,"minecraft:fern":5,"minecraft:black_shulker_box":1,"treasure2:compressor_chest":2,"minecraft:spruce_planks":108,"quark:yellow_blossom_leaves":2,"minecraft:budding_amethyst":4,"minecraft:grass_block":157,"minecraft:white_concrete":16,"minecraft:raw_iron_block":2,"minecraft:sculk_catalyst":3,"minecraft:iron_ore":32,"quark:blossom_planks":1,"minecraft:brown_bed":1,"minecraft:red_tulip":1,"upgrade_aquatic:pickerelweed":3,"minecraft:birch_wall_sign":1,"ecologics:walnut_log":4,"projectvibrantjourneys:cattail":7,"farm_and_charm:wild_beetroots":4,"minecraft:calcite":6,"minecraft:chest":2,"minecraft:cobblestone":82,"minecraft:grindstone":1,"minecraft:oak_planks":1,"minecraft:wall_torch":11,"minecraft:deepslate_copper_ore":7,"minecraft:seagrass":1,"minecraft:birch_log":508,"iter_rpg:abyssquartz_block":1,"minecraft:orange_tulip":1,"projectvibrantjourneys:bones":1,"born_in_chaos_v1:river_mint":4,"minecraft:tnt":2,"minecraft:smooth_stone_slab":1,"minecraft:oak_log":103,"minecraft:sand":148,"minecraft:dirt":231,"minecraft:polished_deepslate_wall":5,"mores:deepslate_topaz_ore":4,"minecraft:oak_leaves":4,"minecraft:tuff":48,"minecraft:dark_oak_leaves":1,"minecraft:deepslate_diamond_ore":20,"minecraft:mangrove_roots":1,"born_in_chaos_v1:infected_diamond_ore":1,"projectvibrantjourneys:sandstone_rocks":1,"minecraft:spruce_leaves":805,"iter_rpg:big_vase":1,"minecraft:mangrove_propagule":1,"minecraft:sandstone":1,"minecraft:spruce_sapling":11,"minecraft:furnace":3,"iter_rpg:small_vase":3,"minecraft:gold_block":2,"minecraft:deepslate_iron_ore":53,"upgrade_aquatic:tall_pickerelweed":6,"minecraft:stone":3263,"minecraft:podzol":190,"mores:cobalt_ore":10,"born_in_chaos_v1:marigolds":6,"minecraft:snow_block":4,"minecraft:crafting_table":8,"minecraft:sculk_sensor":8,"argentinas_delight:pava":1,"treasure2:viking_chest":2,"minecraft:lapis_ore":5,"minecraft:sculk":3,"minecraft:spruce_stairs":15,"minecraft:gray_wool":6,"minecraft:birch_planks":230,"mores:deepslate_ruby_ore":6,"upgrade_aquatic:glass_door":1,"iter_rpg:abyss_quartz":7,"elevatorid:elevator_white":3,"minecraft:coal_ore":26,"minecraft:cocoa":1},"minecraft:killed_by":{"minecraft:player":3,"quark:toretoise":1},"minecraft:killed":{"minecraft:skeleton":13,"minecraft:skeleton_horse":1,"minecraft:pillager":1,"minecraft:zombie":18,"born_in_chaos_v1:corpse_fly":7,"quark:toretoise":1,"minecraft:horse":2,"born_in_chaos_v1:barrel_zombie":1,"enemyexpansion:sprinter":2,"minecraft:wandering_trader":1,"born_in_chaos_v1:decrepit_skeleton":4,"born_in_chaos_v1:bloody_gadfly":2,"born_in_chaos_v1:dark_vortex":1,"iter_rpg:giant_spider":1,"minecraft:enderman":4,"minecraft:spider":2,"minecraft:zombie_villager":1,"born_in_chaos_v1:diamond_termite":1,"iter_rpg:spiderling":6,"minecraft:creeper":1,"minecraft:sheep":1,"born_in_chaos_v1:dread_hound":3,"iter_rpg:bloated":1,"enemyexpansion:direwolf":3,"born_in_chaos_v1:zombie_bruiser":3,"born_in_chaos_v1:maggot":6,"autumnity:turkey":1,"treasure2:bound_soul":2,"minecraft:bat":1,"born_in_chaos_v1:decaying_zombie":1,"iter_rpg:scallop":1,"enemyexpansion:slugger":1},"minecraft:broken":{"minecraft:shears":2,"minecraft:iron_boots":1,"minecraft:iron_chestplate":1,"minecraft:iron_axe":6,"minecraft:iron_pickaxe":2,"minecraft:iron_helmet":1,"minecraft:iron_shovel":2,"minecraft:stone_pickaxe":2,"minecraft:wooden_axe":1},"minecraft:custom":{"minecraft:interact_with_crafting_table":149,"minecraft:open_barrel":8,"minecraft:leave_game":12,"minecraft:time_since_death":81800,"minecraft:damage_blocked_by_shield":2260,"minecraft:play_time":821869,"minecraft:deaths":36,"minecraft:jump":17502,"minecraft:enchant_item":10,"minecraft:interact_with_furnace":114,"minecraft:sleep_in_bed":22,"minecraft:damage_dealt":22503,"tombstone:undead_killed":48,"minecraft:horse_one_cm":257,"minecraft:interact_with_smithing_table":14,"minecraft:interact_with_anvil":2,"minecraft:sneak_time":93781,"minecraft:interact_with_blast_furnace":131,"minecraft:total_world_time":821869,"tombstone:raider_killed":1,"minecraft:interact_with_stonecutter":5,"minecraft:time_since_rest":41846,"minecraft:swim_one_cm":118257,"minecraft:fly_one_cm":3073403,"minecraft:open_chest":533,"minecraft:fall_one_cm":425184,"minecraft:sprint_one_cm":1696793,"minecraft:drop":257,"minecraft:talked_to_villager":3,"minecraft:walk_on_water_one_cm":73158,"minecraft:player_kills":1,"minecraft:crouch_one_cm":436066,"tombstone:villager_killed":1,"minecraft:mob_kills":104,"minecraft:damage_dealt_resisted":980,"minecraft:climb_one_cm":7482,"minecraft:walk_one_cm":1316199,"minecraft:walk_under_water_one_cm":49771,"minecraft:boat_one_cm":384120,"spartanshields:shield_bash_hits":1,"minecraft:damage_taken":17121},"minecraft:dropped":{"minecraft:iron_sword":1,"minecraft:oak_pressure_plate":1,"projectvibrantjourneys:orange_bark_mushroom":3,"minecraft:dirt":37,"minecraft:chain":2,"minecraft:sand":11,"simplefarming:blackberries":2,"minecraft:iron_pickaxe":1,"minecraft:white_wool":1,"projectvibrantjourneys:reeds":3,"minecraft:bone":6,"minecraft:stone_axe":1,"minecraft:iron_nugget":2,"minecraft:cobbled_deepslate":18,"minecraft:birch_sapling":2,"minecraft:wheat":17,"minecraft:rotten_flesh":24,"treasure2:silver_coin":15,"mores:sterling_leggings":1,"treasure2:copper_coin":1,"minecraft:spruce_slab":1,"projectvibrantjourneys:cattail":1,"iter_rpg:abyssquartz_block":1,"minecraft:iron_ingot":5,"minecraft:wheat_seeds":64,"minecraft:feather":2,"minecraft:iron_helmet":1,"minecraft:cobblestone":611,"croptopia:cabbage":1,"minecraft:coal":14,"autumnity:maple_log":6,"minecraft:polished_deepslate_wall":4,"minecraft:lily_pad":1,"minecraft:spruce_sapling":70,"croptopia:cabbage_seed":1,"minecraft:iron_boots":1,"mores:raw_cobalt":2,"minecraft:spruce_fence":6,"minecraft:shears":10,"butcher:butchersguidebook":1,"minecraft:potato":2,"minecraft:allium":5,"minecraft:spruce_planks":2,"mores:obsidian_upgrade_smithing_template":1,"minecraft:red_tulip":1,"minecraft:oak_log":6,"minecraft:baked_potato":63,"upgrade_aquatic:pickerelweed":12,"simplefarming:pea_seeds":2,"born_in_chaos_v1:monster_skin":3,"mores:ruby_gem":6,"minecraft:snowball":6,"farmersdelight:onion":2,"projectvibrantjourneys:bark_mushroom":2,"minecraft:gravel":1,"quark:yellow_blossom_sapling":5,"minecraft:mangrove_roots":1,"born_in_chaos_v1:ethereal_spirit":2,"treasure2:gold_coin":1,"minecraft:beetroot":10,"projectvibrantjourneys:light_brown_bark_mushroom":3,"minecraft:beetroot_seeds":1,"born_in_chaos_v1:corpse_maggot":3,"minecraft:arrow":6,"minecraft:bread":13,"minecraft:water_bucket":1,"autumnity:turkey":1,"mores:topaz_gem":3,"minecraft:lead":5,"minecraft:grass_block":1,"minecraft:stick":22,"croptopia:kale_seed":2,"born_in_chaos_v1:river_mint":3,"minecraft:diorite":136,"quark:blossom_log":1,"minecraft:torch":64,"mores:tourmaline_gem":15,"tombstone:grave_key":2,"tombstone:grave_dust":2,"minecraft:dandelion":4,"minecraft:smooth_basalt":1,"minecraft:kelp":2,"minecraft:raw_iron":19,"minecraft:iron_chestplate":1,"minecraft:andesite":1,"minecraft:oak_sapling":9,"minecraft:slime_ball":2,"minecraft:stone_pickaxe":1},"minecraft:picked_up":{"treasure2:ruby_lock":2,"minecraft:iron_chestplate":1,"minecraft:prismarine_shard":3,"treasure2:viking_chest":2,"minecraft:stone_slab":5,"treasure2:steel_short_sword":1,"mores:obsidian_upgrade_smithing_template":2,"minecraft:smithing_table":1,"minecraft:lead":10,"minecraft:oak_stairs":1,"minecraft:brown_bed":1,"minecraft:enchanted_book":2,"croptopia:cabbage_seed":1,"minecraft:polished_deepslate_wall":4,"minecraft:amethyst_block":321,"minecraft:string":6,"simplefarming:zucchini_seeds":1,"minecraft:beetroot":10,"minecraft:cherry_boat":6,"minecraft:cobbled_deepslate":618,"minecraft:spruce_planks":109,"treasure2:gold_lock":1,"treasure2:chipped_iron_short_sword":2,"minecraft:enchanted_golden_apple":2,"quark:blossom_log":82,"simplefarming:raspberries":4,"minecraft:cherry_log":18,"mores:topaz_gem":6,"mores:raw_tin":6,"minecraft:tropical_fish":1,"farmersdelight:onion":4,"minecraft:red_tulip":1,"projectvibrantjourneys:cattail":6,"autumnity:turkey":1,"minecraft:snowball":16,"minecraft:birch_log":504,"minecraft:feather":3,"minecraft:water_bucket":2,"minecraft:jungle_log":8,"minecraft:flint":24,"minecraft:lantern":1,"born_in_chaos_v1:marigolds":6,"simplefarming:cucumber_seeds":1,"simplefarming:peanut_seeds":1,"treasure2:iron_strongbox":5,"minecraft:ink_sac":2,"iter_rpg:abyssquartz_block":1,"neapolitan:strawberries":10,"minecraft:bundle":1,"butcher:sulfur":1,"minecraft:granite":8,"minecraft:chainmail_helmet":1,"argentinas_delight:pava":1,"mores:raw_silver":16,"minecraft:spruce_leaves":774,"minecraft:crafting_table":8,"treasure2:leaf_lock":1,"minecraft:leather_leggings":1,"mores:turquoise_horse_armor":2,"minecraft:flint_and_steel":2,"minecraft:glass_pane":3,"treasure2:iron_short_sword":1,"iter_rpg:coin":4,"immersive_weathering:spruce_leaf_pile":77,"minecraft:beef":5,"quark:yellow_blossom_sapling":5,"minecraft:iron_nugget":48,"minecraft:poppy":1,"minecraft:spruce_slab":1,"projectvibrantjourneys:short_grass":2,"minecraft:chest":2,"minecraft:birch_sapling":91,"minecraft:sandstone":1,"minecraft:spruce_fence":2,"treasure2:compressor_chest":2,"minecraft:tnt":2,"minecraft:beetroot_seeds":1,"minecraft:shears":1,"argentinas_delight:mateconyuyos":1,"minecraft:gold_ingot":10,"minecraft:mutton":1,"minecraft:white_wool":5,"minecraft:oxeye_daisy":2,"simplefarming:soybean_seeds":1,"born_in_chaos_v1:monster_flesh":3,"croptopia:glowing_calamari":1,"mores:sterling_leggings":1,"simplefarming:rye_seeds":1,"minecraft:oak_log":106,"minecraft:lily_pad":2,"projectvibrantjourneys:sea_oats":4,"minecraft:white_banner":1,"minecraft:apple":5,"minecraft:stone_bricks":214,"mcwfences:spruce_highley_gate":5,"minecraft:kelp":5,"minecraft:stone_pickaxe":1,"minecraft:cobweb":1,"woodworks:sawmill":1,"minecraft:iron_sword":2,"treasure2:ember_lock":1,"elevatorid:elevator_white":3,"minecraft:smooth_basalt":4,"born_in_chaos_v1:ethereal_spirit":2,"minecraft:gravel":76,"mores:ruby_gem":6,"minecraft:birch_stairs":21,"minecraft:spruce_sapling":319,"minecraft:spruce_log":1372,"argentinas_delight:mateyerbaseca":6,"travelersbackpack:wolf":1,"treasure2:copper_coin":1,"mores:tin_ingot":1,"minecraft:slime_ball":2,"minecraft:stone_axe":2,"mores:anthracite":15,"croptopia:orange":10,"minecraft:birch_sign":1,"minecraft:gray_wool":6,"minecraft:baked_potato":87,"projectvibrantjourneys:orange_bark_mushroom":10,"minecraft:mangrove_propagule":1,"minecraft:ender_pearl":4,"minecraft:wheat":19,"autumnity:maple_log":6,"treasure2:iron_lock":1,"tombstone:tablet_of_home":1,"born_in_chaos_v1:bloody_gadfly_eye":1,"born_in_chaos_v1:black_argillite":1,"minecraft:raw_copper":560,"minecraft:smooth_stone_slab":1,"minecraft:iron_leggings":2,"mores:tourmaline_gem":23,"minecraft:black_shulker_box":1,"minecraft:calcite":6,"minecraft:iron_pickaxe":1,"minecraft:iron_boots":1,"minecraft:furnace":3,"minecraft:stick":175,"ecologics:walnut_log":4,"minecraft:deepslate_brick_wall":1,"minecraft:torch":252,"minecraft:spruce_stairs":15,"minecraft:porkchop":2,"tombstone:grave_dust":6,"minecraft:diorite":433,"simplefarming:baked_yam":4,"quark:blossom_planks":1,"argentinas_delight:pavallena":10,"quark:ancient_tome":2,"minecraft:cactus":3,"minecraft:rotten_flesh":56,"autumnity:turkey_egg":1,"minecraft:mangrove_roots":1,"minecraft:obsidian":13,"croptopia:cabbage":1,"minecraft:cobblestone":1548,"ecologics:walnut_planks":11,"minecraft:cherry_planks":35,"minecraft:andesite":101,"minecraft:potato":2,"simplefarming:fish_and_chips":1,"minecraft:tuff":65,"minecraft:dirt":753,"minecraft:lapis_lazuli":226,"minecraft:stripped_birch_log":13,"born_in_chaos_v1:monster_skin":3,"minecraft:leather_boots":2,"minecraft:bone":35,"minecraft:acacia_planks":5,"minecraft:wheat_seeds":89,"minecraft:raw_gold":74,"minecraft:grindstone":1,"croptopia:kale_seed":2,"minecraft:oak_planks":1,"mteg:glock_17":1,"minecraft:oak_pressure_plate":1,"minecraft:sand":149,"minecraft:melon":1,"minecraft:grass_block":2,"mores:raw_cobalt":4,"quark:blossom_sign":1,"farm_and_charm:tomato":1,"simplefarming:corn":4,"minecraft:diamond":80,"iter_rpg:abyssquartz_shard":24,"minecraft:grass":3,"minecraft:white_concrete":14,"minecraft:oak_sapling":9,"minecraft:cocoa_beans":3,"simplefarming:pea_seeds":2,"born_in_chaos_v1:diamond_termite_shard":1,"minecraft:allium":5,"minecraft:chicken":3,"born_in_chaos_v1:river_mint":10,"croptopia:peach":7,"minecraft:brown_mushroom":3,"minecraft:gold_block":3,"minecraft:chain":2,"minecraft:iron_axe":1,"projectvibrantjourneys:reeds":3,"ecologics:walnut_sapling":1,"minecraft:echo_shard":2,"minecraft:oak_boat":2,"upgrade_aquatic:pickerelweed":12,"minecraft:sugar_cane":14,"minecraft:raw_iron":330,"projectvibrantjourneys:bark_mushroom":5,"quark:deepslate_furnace":2,"minecraft:arrow":15,"born_in_chaos_v1:corpse_maggot":20,"treasure2:vanilla_chest":3,"treasure2:chipped_copper_short_sword":1,"minecraft:leather":18,"minecraft:birch_planks":256,"minecraft:gunpowder":2,"iter_rpg:potsherd":1,"minecraft:iron_ingot":6,"projectvibrantjourneys:light_brown_bark_mushroom":10,"mores:cobalt_apple":5,"minecraft:stone_brick_slab":1,"minecraft:dandelion":6,"minecraft:raw_iron_block":2,"minecraft:amethyst_shard":1452,"minecraft:blast_furnace":3,"minecraft:spider_eye":2,"simplefarming:blackberries":9,"minecraft:iron_helmet":2,"treasure2:gold_coin":1,"minecraft:cherry_sapling":30,"tombstone:magic_scroll":1,"minecraft:coal":367},"minecraft:crafted":{"minecraft:smooth_stone":9,"ecologics:walnut_planks":16,"minecraft:diamond_shovel":1,"upgrade_aquatic:glass_door":3,"quark:deepslate_furnace":1,"minecraft:glass":125,"vanillaplustools:iron_hammer":1,"minecraft:diamond_helmet":1,"minecraft:diamond_leggings":1,"minecraft:diamond_axe":1,"woodworks:sawmill":1,"travelersbackpack:standard":1,"minecraft:smithing_table":1,"minecraft:copper_ingot":237,"minecraft:campfire":1,"minecraft:iron_pickaxe":13,"minecraft:iron_block":3,"minecraft:gold_ingot":58,"spartanshields:wooden_basic_shield":1,"minecraft:birch_stairs":76,"minecraft:iron_nugget":9,"minecraft:bone_meal":93,"minecraft:spruce_fence":54,"travelersbackpack:blank_upgrade":4,"travelersbackpack:gold_tier_upgrade":1,"minecraft:spruce_stairs":168,"travelersbackpack:white_sleeping_bag":1,"minecraft:spruce_slab":30,"minecraft:stone_pickaxe":9,"minecraft:diamond_boots":1,"minecraft:dark_oak_planks":20,"mores:obsidian_boots":1,"quark:blossom_sign":3,"minecraft:enchanting_table":1,"treasure2:pilferers_lock_pick":4,"minecraft:wooden_axe":1,"argentinas_delight:pava":1,"minecraft:iron_shovel":3,"minecraft:iron_leggings":2,"minecraft:white_bed":1,"minecraft:oak_planks":96,"minecraft:cherry_boat":2,"minecraft:stone":17,"spartanshields:iron_basic_shield":1,"minecraft:iron_boots":2,"minecraft:chest":44,"treasure2:thiefs_lock_pick":11,"treasure2:treasure_tool":1,"travelersbackpack:iron_tier_upgrade":1,"quark:blossom_planks":136,"minecraft:crafting_table":11,"minecraft:spruce_planks":1504,"minecraft:iron_helmet":2,"minecraft:baked_potato":74,"minecraft:birch_planks":1444,"farmersdelight:cutting_board":1,"minecraft:paper":3,"travelersbackpack:wolf":2,"minecraft:book":1,"minecraft:iron_chestplate":2,"minecraft:charcoal":1,"minecraft:diamond_pickaxe":1,"minecraft:shield":1,"minecraft:birch_fence":3,"minecraft:stick":356,"minecraft:iron_ingot":268,"mores:obsidian_upgrade_smithing_template":8,"mores:obsidian_ingot":4,"mcwfences:spruce_highley_gate":4,"minecraft:shears":11,"minecraft:cherry_planks":72,"minecraft:raw_iron":18,"iter_rpg:void_maw":1,"minecraft:furnace":19,"minecraft:blast_furnace":3,"minecraft:glass_pane":112,"minecraft:iron_axe":11,"minecraft:birch_sign":30,"travelersbackpack:diamond_tier_upgrade":1,"minecraft:cooked_beef":5,"minecraft:diamond_sword":1,"elevatorid:elevator_white":3,"travelersbackpack:backpack_tank":4,"minecraft:iron_sword":2,"minecraft:bucket":1,"minecraft:stone_axe":1,"minecraft:bread":42,"minecraft:air":0,"woodworks:oak_chest":2,"minecraft:oak_boat":1,"minecraft:anvil":1,"minecraft:torch":424,"minecraft:diamond_chestplate":1}},"DataVersion":3465}