{"stats":{"minecraft:picked_up":{"minecraft:crafting_table":1,"minecraft:wheat":1,"iter_rpg:pearl":1,"vinery:red_grape_seeds":2,"minecraft:enchanted_book":1,"minecraft:chain":1,"farm_and_charm:fertilized_soil":3,"minecraft:string":5,"minecraft:moss_carpet":3,"projectvibrantjourneys:reeds":14,"simplefarming:plum":1,"bakery:linzer_tart":5,"minecraft:beetroot":14,"minecraft:beef":5,"minecraft:poppy":1,"crittersandcompanions:clam":2,"minecraft:egg":1,"simplefarming:spinach_seeds":2,"minecraft:furnace":1,"minecraft:stick":8,"minecraft:raw_iron":4,"farm_and_charm:oat_ball":5,"croptopia:corn_seed":2,"projectvibrantjourneys:bark_mushroom":1,"simplefarming:yam_seeds":1,"bakery:toast":1,"simplefarming:onion_seeds":2,"tombstone:grave_dust":2,"simplefarming:eggplant_seeds":2,"mores:raw_tin":9,"minecraft:orange_bed":1,"minecraft:rotten_flesh":16,"minecraft:arrow":2,"croptopia:persimmon":5,"simplefarming:pepper_seeds":2,"simplefarming:strawberries":3,"farm_and_charm:strawberry":26,"simplefarming:ginger_seeds":1,"projectvibrantjourneys:cattail":42,"tombstone:essence_of_undeath":1,"born_in_chaos_v1:trident_hayfork":1,"minecraft:mutton":3,"minecraft:white_wool":2,"minecraft:cobblestone":1928,"born_in_chaos_v1:fused_bone":2,"born_in_chaos_v1:corpse_maggot":6,"minecraft:cooked_beef":1,"simplefarming:soybean_seeds":2,"born_in_chaos_v1:monster_flesh":1,"minecraft:red_mushroom":2,"minecraft:flint":1,"simplefarming:rye_seeds":2,"minecraft:oak_log":33,"minecraft:lily_pad":43,"projectvibrantjourneys:oak_hollow_log":5,"simplefarming:broccoli_seeds":1,"minecraft:lapis_lazuli":12,"minecraft:dirt":3193,"tombstone:gift":1,"spartanweaponry:iron_rapier":1,"born_in_chaos_v1:monster_skin":1,"simplefarming:cucumber_seeds":1,"minecraft:bone":7,"croptopia:corn":1,"minecraft:apple":7,"simplefarming:kenaf_seeds":1,"minecraft:wheat_seeds":65,"simplefarming:lettuce_seeds":1,"simplefarming:honeydew_seeds":2,"minecraft:stone_pickaxe":3,"simplefarming:tomato_seeds":1,"simplefarming:blueberry_bush":4,"projectvibrantjourneys:light_brown_bark_mushroom":1,"simplefarming:corn_seeds":1,"minecraft:pumpkin":13,"simplefarming:radish_seeds":2,"croptopia:starfruit":3,"farm_and_charm:strawberry_seeds":1,"minecraft:dandelion":5,"minecraft:gravel":11,"simplefarming:blueberries":4,"minecraft:sand":12,"simplefarming:squash_seeds":2,"minecraft:spider_eye":1,"minecraft:dark_oak_log":2,"farm_and_charm:wild_nettle":6,"minecraft:bundle":1,"mores:raw_silver":2,"projectvibrantjourneys:orange_bark_mushroom":1,"minecraft:oak_sapling":6,"simplefarming:cassava_seeds":2,"minecraft:coal":12,"minecraft:sunflower":12},"minecraft:broken":{"minecraft:iron_shovel":1,"vanillaplustools:stone_hammer":1,"minecraft:stone_axe":1,"minecraft:iron_pickaxe":1,"vanillaplustools:stone_shovel":2,"minecraft:stone_shovel":8},"minecraft:dropped":{"minecraft:cooked_beef":1,"crittersandcompanions:clam":1,"simplefarming:soybean_seeds":1,"farm_and_charm:wild_nettle":4,"minecraft:sunflower":4,"minecraft:sand":8,"minecraft:string":2,"projectvibrantjourneys:reeds":1,"minecraft:dandelion":1,"minecraft:bone":1,"simplefarming:onion_seeds":1,"croptopia:corn_seed":1,"simplefarming:honeydew_seeds":1,"born_in_chaos_v1:corpse_maggot":4,"minecraft:stone_pickaxe":3,"projectvibrantjourneys:cattail":2},"minecraft:mined":{"farm_and_charm:wild_nettle":4,"projectvibrantjourneys:rocks":1,"croptopia:persimmon_crop":5,"minecraft:grass_block":1352,"simplefarming:plum_leaves":1,"minecraft:tall_seagrass":10,"farm_and_charm:oat_ball":5,"projectvibrantjourneys:reeds":15,"minecraft:furnace":1,"minecraft:iron_ore":1,"croptopia:corn_crop":1,"projectvibrantjourneys:bark_mushroom":1,"minecraft:pumpkin":14,"minecraft:dirt_path":4,"farm_and_charm:wild_strawberries":9,"projectvibrantjourneys:seashells":1,"minecraft:stone":1928,"simplefarming:blueberry_bush":4,"minecraft:orange_bed":1,"projectvibrantjourneys:cattail":41,"minecraft:dandelion":3,"farm_and_charm:wild_beetroots":4,"minecraft:crafting_table":1,"projectvibrantjourneys:twigs":3,"vinery:red_grape_bush":4,"projectvibrantjourneys:natural_cobweb":1,"minecraft:tall_grass":18,"minecraft:cobblestone":6,"minecraft:lapis_ore":2,"minecraft:lily_pad":45,"mores:tin_ore":2,"minecraft:seagrass":3,"farm_and_charm:fertilized_soil":3,"minecraft:birch_leaves":1,"minecraft:grass":87,"minecraft:oak_log":38,"minecraft:coal_ore":3,"projectvibrantjourneys:short_grass":57,"minecraft:sunflower":11,"minecraft:gravel":13,"minecraft:sand":13,"minecraft:dirt":1838,"mores:silver_ore":2,"minecraft:oak_leaves":12,"projectvibrantjourneys:oak_hollow_log":5},"minecraft:crafted":{"minecraft:oak_planks":110,"minecraft:stone_shovel":35,"vanillaplustools:stone_hammer":2,"minecraft:furnace":1,"minecraft:cooked_mutton":6,"minecraft:stone_pickaxe":20,"minecraft:chest":4,"vanillaplustools:stone_shovel":3,"minecraft:cooked_beef":5,"minecraft:crafting_table":1,"minecraft:wooden_pickaxe":1,"minecraft:stone_axe":1,"iter_rpg:stone_spear":1,"minecraft:air":0,"woodworks:oak_chest":2,"minecraft:stick":160,"minecraft:iron_ingot":4,"minecraft:iron_pickaxe":1,"minecraft:iron_shovel":1},"minecraft:custom":{"minecraft:mob_kills":44,"minecraft:interact_with_crafting_table":28,"minecraft:open_barrel":4,"minecraft:damage_dealt_resisted":309,"minecraft:time_since_death":1274,"minecraft:climb_one_cm":220,"minecraft:sprint_one_cm":400603,"minecraft:walk_one_cm":653520,"minecraft:drop":23,"minecraft:play_time":229169,"minecraft:deaths":14,"minecraft:sneak_time":10261,"minecraft:walk_under_water_one_cm":63114,"minecraft:jump":3131,"minecraft:interact_with_blast_furnace":4,"minecraft:walk_on_water_one_cm":25449,"minecraft:total_world_time":229169,"minecraft:interact_with_furnace":20,"tombstone:raider_killed":1,"minecraft:sleep_in_bed":2,"minecraft:time_since_rest":1038,"minecraft:damage_taken":4844,"minecraft:damage_dealt":7870,"minecraft:swim_one_cm":50707,"minecraft:fly_one_cm":738943,"minecraft:open_chest":62,"minecraft:crouch_one_cm":58439,"tombstone:undead_killed":19,"minecraft:interact_with_smoker":6,"minecraft:fall_one_cm":74034},"minecraft:killed":{"minecraft:witch":1,"born_in_chaos_v1:restless_spirit":1,"born_in_chaos_v1:zombie_lumberjack":1,"minecraft:spider":3,"born_in_chaos_v1:siamese_skeletonsright":1,"born_in_chaos_v1:maggot":7,"naturalist:snail":1,"minecraft:skeleton":1,"crittersandcompanions:otter":1,"minecraft:drowned":1,"born_in_chaos_v1:barrel_zombie":1,"born_in_chaos_v1:baby_skeleton":1,"minecraft:salmon":1,"born_in_chaos_v1:decrepit_skeleton":2,"minecraft:sheep":2,"born_in_chaos_v1:bloody_gadfly":1,"minecraft:zombie":8,"born_in_chaos_v1:dread_hound":1,"iter_rpg:bloated":1,"iter_rpg:scallop":1,"born_in_chaos_v1:door_knight":1,"born_in_chaos_v1:siamese_skeletonsleft":1,"minecraft:cow":2},"minecraft:used":{"bakery:linzer_tart":5,"minecraft:iron_shovel":262,"minecraft:stone_shovel":1320,"woodworks:oak_chest":2,"minecraft:chest":4,"vanillaplustools:stone_hammer":199,"minecraft:orange_bed":1,"minecraft:dirt":1791,"simplefarming:blueberries":3,"iter_rpg:stone_spear":70,"spartanweaponry:iron_rapier":18,"minecraft:furnace":2,"tombstone:gift":5,"minecraft:egg":1,"minecraft:cooked_beef":5,"born_in_chaos_v1:trident_hayfork":35,"minecraft:cooked_mutton":6,"minecraft:stone_pickaxe":201,"minecraft:wooden_pickaxe":12,"simplefarming:strawberries":3,"farm_and_charm:strawberry":26,"minecraft:crafting_table":2,"vanillaplustools:stone_shovel":300,"minecraft:apple":7,"minecraft:sunflower":1,"born_in_chaos_v1:monster_flesh":1,"minecraft:iron_pickaxe":250,"tombstone:grave_key":3,"bakery:toast":1,"minecraft:stone_axe":101,"minecraft:cobblestone":6,"minecraft:dandelion":4}},"DataVersion":3465}