{"stats":{"minecraft:picked_up":{"vinery:savanna_grape_seeds_white":1,"minecraft:crafting_table":1,"vinery:red_grape":2,"minecraft:wheat":1,"croptopia:grape_seed":1,"minecraft:clay_ball":170,"simplefarming:yam":1,"farm_and_charm:kernels":2,"iter_rpg:pearl":1,"vinery:red_grape_seeds":4,"minecraft:enchanted_book":1,"minecraft:chain":1,"vinery:savanna_grape_seeds_red":2,"farm_and_charm:fertilized_soil":3,"minecraft:string":9,"minecraft:moss_carpet":3,"minecraft:raw_copper":49,"born_in_chaos_v1:intoxicating_decoction":2,"projectvibrantjourneys:reeds":14,"simplefarming:plum":9,"bakery:linzer_tart":6,"brewery:hops":6,"minecraft:beetroot":14,"minecraft:beef":5,"minecraft:wooden_shovel":1,"minecraft:poppy":1,"vinery:jungle_grape_seeds_white":2,"crittersandcompanions:clam":2,"minecraft:egg":1,"simplefarming:spinach_seeds":2,"minecraft:furnace":1,"minecraft:stick":11,"minecraft:raw_iron":8,"farm_and_charm:oat_ball":5,"croptopia:corn_seed":2,"ecologics:coconut_slice":2,"projectvibrantjourneys:bark_mushroom":1,"simplefarming:yam_seeds":3,"bakery:toast":1,"farm_and_charm:wild_corn":1,"farm_and_charm:barley_seeds":3,"simplefarming:raspberries":2,"simplefarming:onion_seeds":2,"tombstone:grave_dust":4,"minecraft:diorite":1,"farm_and_charm:lettuce_seeds":3,"simplefarming:eggplant_seeds":2,"vinery:white_grape_seeds":2,"croptopia:grape":1,"mores:raw_tin":21,"minecraft:orange_bed":1,"minecraft:rotten_flesh":27,"minecraft:arrow":2,"croptopia:persimmon":5,"simplefarming:pepper_seeds":2,"croptopia:salt":142,"simplefarming:strawberries":14,"farm_and_charm:strawberry":39,"simplefarming:ginger_seeds":1,"projectvibrantjourneys:cattail":45,"tombstone:essence_of_undeath":1,"born_in_chaos_v1:trident_hayfork":1,"minecraft:mutton":3,"minecraft:white_wool":2,"minecraft:cobblestone":2434,"born_in_chaos_v1:fused_bone":2,"born_in_chaos_v1:corpse_maggot":10,"minecraft:cooked_beef":1,"simplefarming:soybean_seeds":2,"farmersdelight:rice":1,"born_in_chaos_v1:monster_flesh":1,"minecraft:salmon":1,"vinery:jungle_grape_seeds_red":2,"minecraft:red_mushroom":2,"minecraft:potato":7,"minecraft:flint":1,"simplefarming:rye_seeds":2,"minecraft:oak_log":42,"minecraft:lily_pad":54,"farm_and_charm:wild_beetroots":1,"projectvibrantjourneys:oak_hollow_log":5,"farm_and_charm:onion":4,"simplefarming:broccoli_seeds":1,"minecraft:lapis_lazuli":12,"minecraft:dirt":3300,"tombstone:gift":1,"spartanweaponry:iron_rapier":1,"born_in_chaos_v1:monster_skin":1,"simplefarming:cucumber_seeds":1,"minecraft:bone":15,"croptopia:corn":1,"minecraft:apple":7,"simplefarming:kenaf_seeds":1,"minecraft:wheat_seeds":71,"simplefarming:lettuce_seeds":3,"simplefarming:honeydew_seeds":2,"minecraft:iron_ingot":1,"minecraft:stone_pickaxe":3,"tombstone:bag_of_seeds":1,"simplefarming:tomato_seeds":1,"simplefarming:blueberry_bush":11,"croptopia:roe":1,"croptopia:plum":8,"projectvibrantjourneys:light_brown_bark_mushroom":2,"simplefarming:peanut_seeds":1,"simplefarming:corn_seeds":1,"farm_and_charm:wild_onions":1,"farm_and_charm:lettuce":1,"vinery:taiga_grape_seeds_white":2,"minecraft:pumpkin":13,"simplefarming:radish_seeds":3,"vinery:taiga_grape_seeds_red":2,"croptopia:starfruit":3,"farm_and_charm:strawberry_seeds":2,"farm_and_charm:wild_ribwort":1,"born_in_chaos_v1:ethereal_spirit":1,"minecraft:dandelion":5,"minecraft:gravel":11,"simplefarming:blueberries":17,"farm_and_charm:rotten_tomato":1,"ecologics:coconut_husk":1,"minecraft:sand":13,"minecraft:spruce_log":2,"simplefarming:squash_seeds":2,"simplefarming:raspberry_bush":1,"minecraft:spider_eye":2,"minecraft:dark_oak_log":2,"farm_and_charm:wild_nettle":6,"farm_and_charm:tomato":2,"farm_and_charm:tomato_seeds":4,"minecraft:bundle":1,"simplefarming:strawberry_bush":7,"farm_and_charm:oat_seeds":3,"croptopia:orange":1,"born_in_chaos_v1:rotten_fish":5,"mores:raw_silver":2,"projectvibrantjourneys:orange_bark_mushroom":1,"minecraft:oak_sapling":7,"simplefarming:cassava_seeds":2,"minecraft:coal":34,"minecraft:sunflower":21},"minecraft:dropped":{"minecraft:cooked_beef":1,"crittersandcompanions:clam":1,"minecraft:cobblestone":1,"minecraft:stick":2,"ecologics:walnut_planks":10,"minecraft:dirt":2,"simplefarming:soybean_seeds":1,"farm_and_charm:wild_nettle":4,"minecraft:sunflower":6,"minecraft:sand":8,"minecraft:lily_pad":2,"simplefarming:lettuce_seeds":1,"minecraft:string":3,"projectvibrantjourneys:bark_mushroom":1,"projectvibrantjourneys:reeds":1,"minecraft:dandelion":1,"minecraft:bone":3,"simplefarming:onion_seeds":1,"minecraft:rotten_flesh":4,"croptopia:corn_seed":1,"simplefarming:honeydew_seeds":1,"born_in_chaos_v1:corpse_maggot":4,"ecologics:coconut_husk":1,"bakery:sweet_dough":1,"minecraft:spruce_log":2,"minecraft:stone_pickaxe":3,"projectvibrantjourneys:cattail":4},"minecraft:broken":{"spartanweaponry:iron_rapier":1,"minecraft:iron_shovel":1,"vanillaplustools:stone_hammer":2,"minecraft:stone_axe":1,"minecraft:iron_pickaxe":1,"vanillaplustools:stone_shovel":2,"minecraft:stone_shovel":8},"minecraft:mined":{"simplefarming:raspberry_bush":1,"farm_and_charm:wild_nettle":4,"croptopia:grape_crop":1,"projectvibrantjourneys:rocks":1,"croptopia:persimmon_crop":5,"minecraft:grass_block":1414,"simplefarming:plum_leaves":1,"minecraft:tall_seagrass":14,"farm_and_charm:oat_ball":5,"projectvibrantjourneys:reeds":16,"minecraft:furnace":1,"minecraft:iron_ore":2,"croptopia:corn_crop":1,"projectvibrantjourneys:bark_mushroom":1,"minecraft:pumpkin":14,"autumnity:maple_leaves":1,"minecraft:dirt_path":4,"simplefarming:strawberry_bush":7,"simplefarming:fruit_log":3,"farm_and_charm:wild_strawberries":13,"projectvibrantjourneys:seashells":1,"minecraft:stone":2444,"simplefarming:blueberry_bush":11,"minecraft:orange_bed":1,"projectvibrantjourneys:cattail":44,"minecraft:dandelion":3,"farm_and_charm:wild_beetroots":4,"minecraft:clay":43,"minecraft:crafting_table":1,"projectvibrantjourneys:twigs":5,"vinery:red_grape_bush":4,"projectvibrantjourneys:natural_cobweb":1,"minecraft:copper_ore":7,"minecraft:tall_grass":19,"minecraft:cobblestone":6,"minecraft:lapis_ore":2,"minecraft:lily_pad":55,"projectvibrantjourneys:fallen_leaves":1,"minecraft:oak_planks":1,"minecraft:diorite":1,"mores:tin_ore":6,"minecraft:seagrass":8,"croptopia:plum_crop":3,"farm_and_charm:wild_ribwort":1,"projectvibrantjourneys:light_brown_bark_mushroom":1,"farm_and_charm:fertilized_soil":3,"bakery:linzer_tart":1,"minecraft:birch_leaves":1,"minecraft:grass":98,"minecraft:oak_log":45,"minecraft:coal_ore":4,"croptopia:salt_ore":42,"projectvibrantjourneys:short_grass":62,"minecraft:sunflower":15,"minecraft:gravel":13,"minecraft:sand":14,"minecraft:dirt":1888,"mores:silver_ore":2,"minecraft:oak_leaves":24,"projectvibrantjourneys:oak_hollow_log":5},"minecraft:crafted":{"minecraft:oak_planks":146,"minecraft:stone_shovel":35,"vanillaplustools:stone_hammer":2,"ecologics:walnut_planks":12,"minecraft:furnace":1,"minecraft:cooked_mutton":6,"minecraft:stone_pickaxe":20,"minecraft:chest":4,"vanillaplustools:stone_shovel":3,"minecraft:stone_hoe":1,"minecraft:cooked_beef":5,"minecraft:crafting_table":1,"minecraft:wooden_pickaxe":1,"minecraft:stone_axe":1,"iter_rpg:stone_spear":1,"minecraft:air":0,"woodworks:oak_chest":4,"minecraft:stick":164,"minecraft:iron_ingot":8,"minecraft:iron_pickaxe":2,"minecraft:iron_shovel":1},"minecraft:custom":{"minecraft:mob_kills":68,"minecraft:interact_with_crafting_table":34,"minecraft:open_barrel":4,"minecraft:damage_dealt_resisted":418,"minecraft:time_since_death":14736,"minecraft:climb_one_cm":543,"minecraft:sprint_one_cm":561221,"minecraft:walk_one_cm":862546,"minecraft:drop":40,"minecraft:play_time":313169,"minecraft:deaths":18,"minecraft:sneak_time":15665,"minecraft:walk_under_water_one_cm":89992,"minecraft:jump":4705,"minecraft:interact_with_blast_furnace":4,"minecraft:walk_on_water_one_cm":38175,"minecraft:total_world_time":313169,"minecraft:interact_with_furnace":23,"tombstone:raider_killed":1,"minecraft:sleep_in_bed":3,"minecraft:time_since_rest":14520,"minecraft:damage_taken":6545,"minecraft:damage_dealt":12027,"minecraft:swim_one_cm":69503,"minecraft:fly_one_cm":1094717,"minecraft:open_chest":93,"minecraft:crouch_one_cm":82835,"tombstone:undead_killed":30,"minecraft:interact_with_smoker":7,"minecraft:fall_one_cm":104161},"minecraft:killed":{"born_in_chaos_v1:zombie_clown":1,"minecraft:witch":1,"born_in_chaos_v1:restless_spirit":2,"born_in_chaos_v1:zombie_lumberjack":2,"minecraft:spider":6,"born_in_chaos_v1:siamese_skeletonsright":1,"born_in_chaos_v1:maggot":7,"naturalist:snail":1,"minecraft:skeleton":1,"ecologics:coconut_crab":1,"born_in_chaos_v1:corpse_fish":4,"crittersandcompanions:otter":1,"minecraft:drowned":1,"born_in_chaos_v1:barrel_zombie":2,"born_in_chaos_v1:baby_skeleton":5,"minecraft:salmon":1,"born_in_chaos_v1:decrepit_skeleton":4,"minecraft:sheep":2,"born_in_chaos_v1:bloody_gadfly":2,"minecraft:zombie":10,"born_in_chaos_v1:dread_hound":1,"born_in_chaos_v1:corpse_fly":2,"iter_rpg:bloated":1,"iter_rpg:scallop":1,"born_in_chaos_v1:door_knight":1,"born_in_chaos_v1:siamese_skeletonsleft":1,"minecraft:cow":2},"minecraft:used":{"bakery:linzer_tart":6,"minecraft:beetroot":6,"simplefarming:plum":8,"minecraft:iron_shovel":262,"simplefarming:soybean_seeds":1,"minecraft:stone_shovel":1320,"simplefarming:cassava_seeds":2,"woodworks:oak_chest":3,"minecraft:chest":4,"vanillaplustools:stone_hammer":262,"minecraft:stone_hoe":37,"minecraft:wooden_shovel":181,"minecraft:orange_bed":1,"minecraft:dirt":2340,"simplefarming:squash_seeds":2,"simplefarming:yam_seeds":3,"simplefarming:blueberries":4,"vinery:taiga_grape_seeds_red":2,"simplefarming:onion_seeds":1,"simplefarming:kenaf_seeds":1,"iter_rpg:stone_spear":70,"spartanweaponry:iron_rapier":29,"simplefarming:honeydew_seeds":1,"simplefarming:rye_seeds":2,"simplefarming:eggplant_seeds":1,"simplefarming:tomato_seeds":1,"minecraft:furnace":2,"croptopia:roe":1,"tombstone:gift":5,"minecraft:egg":1,"minecraft:potato":7,"minecraft:cooked_beef":5,"vinery:white_grape_seeds":2,"born_in_chaos_v1:trident_hayfork":99,"minecraft:cooked_mutton":6,"minecraft:stone_pickaxe":244,"minecraft:oak_planks":1,"bakery:sweet_dough":1,"minecraft:wooden_pickaxe":12,"simplefarming:blueberry_bush":11,"minecraft:salmon":1,"simplefarming:strawberries":3,"simplefarming:cucumber_seeds":1,"farm_and_charm:strawberry":38,"minecraft:crafting_table":2,"vanillaplustools:stone_shovel":300,"tombstone:bag_of_seeds":1,"simplefarming:radish_seeds":1,"minecraft:apple":7,"simplefarming:strawberry_bush":7,"minecraft:sunflower":1,"born_in_chaos_v1:monster_flesh":1,"minecraft:iron_pickaxe":250,"vinery:savanna_grape_seeds_white":1,"farm_and_charm:strawberry_seeds":1,"simplefarming:spinach_seeds":1,"simplefarming:lettuce_seeds":1,"simplefarming:corn_seeds":1,"tombstone:grave_key":4,"bakery:toast":1,"minecraft:stone_axe":101,"ecologics:coconut_slice":2,"vinery:savanna_grape_seeds_red":2,"simplefarming:raspberry_bush":1,"minecraft:cobblestone":9,"vinery:red_grape_seeds":2,"minecraft:dandelion":4,"vinery:taiga_grape_seeds_white":2}},"DataVersion":3465}