{"stats":{"minecraft:mined":{"minecraft:birch_leaves":1,"farm_and_charm:wild_beetroots":3,"croptopia:persimmon_crop":5},"minecraft:custom":{"minecraft:jump":101,"minecraft:open_chest":2,"minecraft:time_since_rest":4621,"minecraft:damage_dealt":12,"minecraft:crouch_one_cm":167,"minecraft:sneak_time":45,"minecraft:damage_taken":60,"minecraft:sprint_one_cm":12501,"minecraft:play_time":4621,"minecraft:walk_on_water_one_cm":12,"minecraft:time_since_death":4621,"minecraft:walk_one_cm":7820,"minecraft:total_world_time":4621,"minecraft:mob_kills":1,"minecraft:fall_one_cm":4496,"minecraft:fly_one_cm":27072},"minecraft:picked_up":{"minecraft:apple":6,"croptopia:persimmon":5,"minecraft:beetroot":13},"minecraft:used":{"minecraft:apple":2},"minecraft:killed":{"naturalist:snail":1}},"DataVersion":3465}