{"stats":{"minecraft:crafted":{"minecraft:oak_planks":146,"ecologics:walnut_planks":12,"minecraft:cooked_mutton":6,"minecraft:chest":4,"vanillaplustools:stone_shovel":3,"minecraft:stone_hoe":1,"minecraft:crafting_table":1,"minecraft:wooden_pickaxe":1,"minecraft:stick":200,"minecraft:iron_pickaxe":2,"minecraft:iron_ingot":8,"minecraft:stone_shovel":46,"vanillaplustools:stone_hammer":2,"minecraft:furnace":1,"minecraft:stone_pickaxe":20,"minecraft:cooked_beef":5,"minecraft:stone_axe":1,"iter_rpg:stone_spear":1,"minecraft:air":0,"woodworks:oak_chest":4,"mores:stone_mace":1,"minecraft:iron_shovel":1},"minecraft:dropped":{"minecraft:iron_sword":1,"crittersandcompanions:clam":1,"minecraft:cooked_beef":1,"minecraft:crafting_table":1,"ecologics:walnut_planks":10,"minecraft:dirt":2,"minecraft:sunflower":7,"minecraft:sand":8,"simplefarming:lettuce_seeds":1,"projectvibrantjourneys:bark_mushroom":1,"projectvibrantjourneys:reeds":1,"minecraft:bone":3,"mores:stone_mace":2,"minecraft:rotten_flesh":12,"simplefarming:honeydew_seeds":1,"born_in_chaos_v1:corpse_maggot":4,"ecologics:coconut_husk":1,"minecraft:arrow":2,"projectvibrantjourneys:cattail":4,"minecraft:wheat_seeds":11,"minecraft:cobblestone":1,"minecraft:stick":5,"simplefarming:broccoli_seeds":1,"simplefarming:soybean_seeds":1,"farm_and_charm:wild_nettle":4,"minecraft:string":3,"minecraft:lily_pad":3,"minecraft:dandelion":1,"simplefarming:onion_seeds":1,"minecraft:stone_shovel":13,"croptopia:corn_seed":1,"simplefarming:cucumber_seeds":1,"minecraft:wooden_shovel":1,"minecraft:spruce_log":2,"bakery:sweet_dough":1,"minecraft:stone_pickaxe":3,"simplefarming:eggplant_seeds":1},"minecraft:mined":{"simplefarming:raspberry_bush":1,"minecraft:spruce_planks":60,"croptopia:grape_crop":1,"farm_and_charm:window_sill":2,"minecraft:grass_block":1508,"minecraft:oxeye_daisy":2,"minecraft:tall_seagrass":31,"farm_and_charm:oat_ball":5,"projectvibrantjourneys:reeds":16,"minecraft:iron_ore":3,"minecraft:fire":2,"minecraft:barrel":3,"projectvibrantjourneys:bark_mushroom":1,"minecraft:pumpkin":14,"minecraft:anvil":1,"autumnity:maple_leaves":1,"minecraft:dirt_path":4,"minecraft:oak_stairs":4,"farm_and_charm:wild_strawberries":13,"simplefarming:fruit_log":3,"minecraft:spruce_slab":2,"minecraft:orange_bed":3,"projectvibrantjourneys:cattail":48,"farm_and_charm:wild_beetroots":4,"minecraft:clay":43,"projectvibrantjourneys:twigs":5,"vinery:red_grape_bush":4,"projectvibrantjourneys:natural_cobweb":1,"minecraft:cobblestone":6,"projectvibrantjourneys:fallen_leaves":3,"minecraft:oak_planks":1,"minecraft:bricks":32,"minecraft:seagrass":27,"projectvibrantjourneys:light_brown_bark_mushroom":1,"farm_and_charm:fertilized_soil":3,"minecraft:stone_brick_stairs":6,"minecraft:grass":105,"minecraft:oak_log":45,"croptopia:salt_ore":42,"projectvibrantjourneys:short_grass":65,"minecraft:sand":14,"minecraft:dirt":1997,"mores:silver_ore":2,"minecraft:oak_leaves":24,"farm_and_charm:wild_nettle":4,"projectvibrantjourneys:rocks":1,"croptopia:persimmon_crop":5,"minecraft:spruce_fence":8,"minecraft:brick_stairs":5,"simplefarming:plum_leaves":1,"minecraft:furnace":1,"croptopia:corn_crop":1,"minecraft:stripped_oak_log":10,"projectvibrantjourneys:seashells":1,"minecraft:stone":2786,"simplefarming:strawberry_bush":7,"simplefarming:blueberry_bush":11,"minecraft:brick_wall":2,"minecraft:dandelion":8,"minecraft:crafting_table":2,"minecraft:campfire":12,"minecraft:tall_grass":19,"minecraft:copper_ore":7,"minecraft:lapis_ore":2,"minecraft:lily_pad":56,"minecraft:diorite":1,"mores:tin_ore":6,"bakery:drawer":4,"minecraft:spruce_stairs":16,"minecraft:brick_slab":1,"croptopia:plum_crop":3,"minecraft:birch_leaves":1,"farm_and_charm:wild_ribwort":1,"bakery:linzer_tart":1,"minecraft:coal_ore":4,"minecraft:sunflower":17,"minecraft:gravel":13,"minecraft:stone_bricks":117,"minecraft:mossy_stone_bricks":4,"projectvibrantjourneys:oak_hollow_log":5},"minecraft:picked_up":{"minecraft:iron_chestplate":1,"minecraft:wheat":32,"vinery:red_grape":10,"minecraft:anvil":1,"croptopia:grape_seed":1,"farm_and_charm:kernels":2,"vinery:red_grape_seeds":4,"minecraft:oak_stairs":3,"vanillaplustools:diamond_shovel":1,"minecraft:enchanted_book":1,"minecraft:stone_brick_stairs":6,"vinery:savanna_grape_seeds_red":3,"farm_and_charm:fertilized_soil":3,"minecraft:string":11,"minecraft:raw_copper":49,"minecraft:iron_leggings":1,"simplefarming:plum":9,"bakery:linzer_tart":6,"vinery:savanna_grapes_red":9,"brewery:hops":6,"minecraft:beetroot":14,"minecraft:spruce_planks":59,"minecraft:wooden_shovel":2,"simplefarming:spinach_seeds":2,"minecraft:iron_boots":1,"vinery:jungle_grape_seeds_white":2,"minecraft:furnace":1,"minecraft:stick":14,"farm_and_charm:oat_ball":5,"born_in_chaos_v1:shattered_skull":1,"minecraft:brick_wall":1,"bakery:toast":1,"minecraft:spruce_stairs":16,"farm_and_charm:barley_seeds":3,"simplefarming:raspberries":4,"tombstone:grave_dust":7,"minecraft:diorite":1,"mores:raw_tin":21,"minecraft:orange_bed":3,"farm_and_charm:lettuce_seeds":3,"minecraft:rotten_flesh":50,"croptopia:persimmon":5,"simplefarming:pepper_seeds":2,"projectvibrantjourneys:cattail":71,"minecraft:cobblestone":2782,"minecraft:cooked_beef":1,"farmersdelight:rice":1,"vanillaplustools:diamond_hammer":1,"minecraft:potato":7,"minecraft:flint":1,"projectvibrantjourneys:oak_hollow_log":5,"minecraft:lapis_lazuli":12,"minecraft:dirt":3498,"minecraft:lantern":2,"spartanweaponry:iron_rapier":1,"born_in_chaos_v1:monster_skin":3,"simplefarming:cucumber_seeds":2,"minecraft:bone":24,"croptopia:corn":1,"minecraft:wheat_seeds":82,"simplefarming:kenaf_seeds":1,"simplefarming:lettuce_seeds":3,"simplefarming:blueberry_bush":11,"simplefarming:tomato_seeds":1,"minecraft:mossy_stone_bricks":4,"croptopia:roe":1,"minecraft:oak_planks":6,"simplefarming:peanut_seeds":1,"simplefarming:corn_seeds":1,"bakery:bun":5,"vinery:taiga_grape_seeds_white":2,"croptopia:plum":8,"simplefarming:radish_seeds":3,"farm_and_charm:strawberry_seeds":2,"vinery:white_grape":5,"ecologics:coconut_husk":1,"minecraft:sand":13,"minecraft:dark_oak_log":2,"farm_and_charm:window_sill":2,"minecraft:barrel":3,"farm_and_charm:wild_nettle":6,"minecraft:bundle":1,"farm_and_charm:tomato_seeds":4,"farm_and_charm:wild_onions":1,"farm_and_charm:tomato":2,"farm_and_charm:wild_ribwort":1,"farm_and_charm:oat_seeds":7,"minecraft:oak_sapling":7,"born_in_chaos_v1:rotten_fish":5,"mores:raw_silver":2,"simplefarming:cassava_seeds":2,"minecraft:bricks":27,"minecraft:diamond_pickaxe":1,"vinery:savanna_grape_seeds_white":1,"minecraft:charcoal":24,"minecraft:crafting_table":2,"travelersbackpack:hay":1,"minecraft:clay_ball":170,"vinery:taiga_grapes_white":5,"simplefarming:yam":1,"iter_rpg:pearl":1,"minecraft:chain":1,"minecraft:moss_carpet":3,"minecraft:iron_axe":1,"projectvibrantjourneys:reeds":14,"born_in_chaos_v1:intoxicating_decoction":2,"minecraft:beef":5,"born_in_chaos_v1:gnawed_bones":1,"minecraft:poppy":3,"minecraft:spruce_slab":2,"crittersandcompanions:clam":2,"minecraft:egg":1,"minecraft:raw_iron":10,"croptopia:corn_seed":2,"ecologics:coconut_slice":2,"projectvibrantjourneys:bark_mushroom":1,"simplefarming:yam_seeds":3,"minecraft:spruce_fence":8,"farm_and_charm:wild_corn":1,"simplefarming:onion_seeds":2,"born_in_chaos_v1:pieceofdarkmetal":3,"simplefarming:eggplant_seeds":3,"croptopia:grape":1,"minecraft:stone_shovel":8,"minecraft:arrow":6,"simplefarming:strawberries":32,"vinery:white_grape_seeds":2,"mores:stone_mace":1,"farm_and_charm:strawberry":39,"simplefarming:ginger_seeds":1,"tombstone:essence_of_undeath":1,"croptopia:salt":142,"minecraft:brick_stairs":4,"born_in_chaos_v1:trident_hayfork":1,"minecraft:mutton":3,"minecraft:white_wool":8,"minecraft:oxeye_daisy":2,"born_in_chaos_v1:fused_bone":2,"minecraft:stripped_oak_log":10,"born_in_chaos_v1:corpse_maggot":10,"simplefarming:soybean_seeds":2,"born_in_chaos_v1:monster_flesh":4,"minecraft:salmon":1,"vinery:jungle_grape_seeds_red":2,"minecraft:red_mushroom":2,"simplefarming:rye_seeds":2,"minecraft:oak_log":42,"minecraft:lily_pad":55,"vinery:taiga_grapes_red":8,"simplefarming:broccoli_seeds":3,"farm_and_charm:wild_beetroots":1,"farm_and_charm:onion":4,"vinery:savanna_grapes_white":5,"farm_and_charm:oat":4,"tombstone:gift":1,"minecraft:apple":7,"minecraft:stone_bricks":113,"simplefarming:honeydew_seeds":2,"minecraft:iron_ingot":1,"minecraft:stone_pickaxe":3,"tombstone:bag_of_seeds":1,"minecraft:iron_sword":1,"travelersbackpack:blank_upgrade":1,"projectvibrantjourneys:light_brown_bark_mushroom":2,"farm_and_charm:lettuce":1,"minecraft:pumpkin":13,"vinery:taiga_grape_seeds_red":2,"croptopia:starfruit":3,"born_in_chaos_v1:ethereal_spirit":1,"minecraft:dandelion":10,"minecraft:gravel":11,"simplefarming:blueberries":45,"minecraft:spruce_log":2,"simplefarming:squash_seeds":2,"simplefarming:raspberry_bush":1,"minecraft:spruce_door":2,"minecraft:spider_eye":3,"farm_and_charm:rotten_tomato":1,"minecraft:brick_slab":1,"minecraft:diamond_shovel":1,"minecraft:slime_ball":1,"simplefarming:strawberry_bush":7,"croptopia:orange":1,"minecraft:iron_helmet":1,"projectvibrantjourneys:orange_bark_mushroom":1,"minecraft:coal":34,"bakery:drawer":4,"minecraft:sunflower":23},"minecraft:custom":{"minecraft:interact_with_crafting_table":35,"minecraft:open_barrel":4,"minecraft:leave_game":1,"minecraft:time_since_death":8759,"minecraft:sprint_one_cm":671985,"minecraft:drop":68,"minecraft:play_time":376697,"minecraft:deaths":21,"minecraft:jump":5799,"minecraft:walk_on_water_one_cm":44254,"minecraft:interact_with_furnace":24,"minecraft:sleep_in_bed":3,"minecraft:damage_dealt":15653,"minecraft:crouch_one_cm":92386,"tombstone:undead_killed":41,"minecraft:interact_with_smoker":7,"minecraft:interact_with_smithing_table":1,"minecraft:mob_kills":89,"minecraft:damage_dealt_resisted":418,"minecraft:climb_one_cm":724,"minecraft:walk_one_cm":1081436,"minecraft:sneak_time":18275,"minecraft:walk_under_water_one_cm":102350,"minecraft:interact_with_blast_furnace":4,"minecraft:total_world_time":376697,"tombstone:raider_killed":2,"minecraft:time_since_rest":8578,"minecraft:damage_taken":7644,"minecraft:swim_one_cm":78233,"minecraft:fly_one_cm":1265388,"minecraft:open_chest":119,"minecraft:fall_one_cm":122670},"minecraft:used":{"bakery:linzer_tart":6,"minecraft:beetroot":6,"simplefarming:plum":8,"minecraft:iron_shovel":262,"minecraft:chest":4,"vinery:white_grape":1,"travelersbackpack:hay":3,"simplefarming:squash_seeds":2,"vinery:savanna_grapes_white":2,"simplefarming:yam_seeds":3,"simplefarming:blueberries":14,"vinery:taiga_grape_seeds_red":2,"simplefarming:raspberries":1,"simplefarming:kenaf_seeds":1,"vinery:savanna_grapes_red":2,"simplefarming:honeydew_seeds":1,"simplefarming:rye_seeds":2,"simplefarming:tomato_seeds":1,"minecraft:furnace":2,"croptopia:roe":1,"minecraft:egg":1,"minecraft:potato":7,"vinery:white_grape_seeds":2,"minecraft:stone_pickaxe":244,"minecraft:oak_planks":1,"bakery:sweet_dough":1,"minecraft:wooden_pickaxe":12,"simplefarming:blueberry_bush":11,"simplefarming:strawberries":8,"vanillaplustools:diamond_hammer":93,"simplefarming:cucumber_seeds":1,"simplefarming:radish_seeds":1,"born_in_chaos_v1:monster_flesh":1,"farm_and_charm:strawberry_seeds":1,"simplefarming:spinach_seeds":1,"simplefarming:corn_seeds":1,"tombstone:grave_key":5,"vinery:savanna_grape_seeds_white":1,"bakery:toast":1,"ecologics:coconut_slice":2,"vinery:taiga_grapes_red":2,"vanillaplustools:diamond_shovel":31,"minecraft:stone_shovel":1320,"simplefarming:soybean_seeds":1,"simplefarming:cassava_seeds":2,"woodworks:oak_chest":4,"vanillaplustools:stone_hammer":262,"minecraft:wooden_shovel":181,"minecraft:stone_hoe":37,"minecraft:orange_bed":1,"minecraft:dirt":3344,"simplefarming:onion_seeds":1,"iter_rpg:stone_spear":70,"minecraft:iron_axe":127,"spartanweaponry:iron_rapier":29,"simplefarming:eggplant_seeds":1,"tombstone:gift":5,"minecraft:cooked_beef":5,"vinery:red_grape":3,"born_in_chaos_v1:trident_hayfork":146,"minecraft:cooked_mutton":6,"minecraft:salmon":1,"farm_and_charm:strawberry":38,"minecraft:crafting_table":2,"vanillaplustools:stone_shovel":300,"tombstone:bag_of_seeds":1,"minecraft:diamond_pickaxe":72,"minecraft:apple":7,"minecraft:diamond_shovel":5,"simplefarming:strawberry_bush":7,"minecraft:sunflower":2,"minecraft:iron_pickaxe":252,"simplefarming:lettuce_seeds":1,"minecraft:stone_axe":101,"bakery:bun":6,"vinery:savanna_grape_seeds_red":2,"minecraft:cobblestone":9,"simplefarming:raspberry_bush":1,"minecraft:dandelion":4,"vinery:red_grape_seeds":2,"vinery:taiga_grape_seeds_white":2},"minecraft:broken":{"spartanweaponry:iron_rapier":1,"minecraft:iron_shovel":1,"minecraft:stone_axe":1,"minecraft:stone_shovel":8,"vanillaplustools:stone_hammer":2,"minecraft:iron_pickaxe":1,"vanillaplustools:stone_shovel":2},"minecraft:killed":{"born_in_chaos_v1:zombie_clown":1,"minecraft:witch":1,"born_in_chaos_v1:zombie_lumberjack":2,"born_in_chaos_v1:restless_spirit":2,"minecraft:spider":7,"born_in_chaos_v1:siamese_skeletonsright":1,"naturalist:snail":2,"minecraft:skeleton":2,"born_in_chaos_v1:skeleton_thrasher":1,"ecologics:coconut_crab":1,"minecraft:salmon":1,"minecraft:sheep":2,"minecraft:pillager":1,"minecraft:zombie":17,"born_in_chaos_v1:dread_hound":5,"born_in_chaos_v1:corpse_fly":2,"iter_rpg:bloated":1,"born_in_chaos_v1:door_knight":1,"born_in_chaos_v1:siamese_skeletonsleft":1,"minecraft:cow":2,"born_in_chaos_v1:maggot":10,"crittersandcompanions:otter":1,"minecraft:drowned":1,"born_in_chaos_v1:corpse_fish":4,"born_in_chaos_v1:barrel_zombie":2,"born_in_chaos_v1:baby_skeleton":5,"born_in_chaos_v1:decrepit_skeleton":5,"born_in_chaos_v1:bloody_gadfly":2,"born_in_chaos_v1:decaying_zombie":1,"iter_rpg:scallop":1}},"DataVersion":3465}