{"stats":{"minecraft:broken":{"minecraft:iron_shovel":1,"minecraft:stone_shovel":7},"minecraft:dropped":{"crittersandcompanions:clam":1,"croptopia:corn_seed":1,"born_in_chaos_v1:corpse_maggot":3,"minecraft:sunflower":2,"projectvibrantjourneys:reeds":1},"minecraft:custom":{"minecraft:interact_with_furnace":18,"minecraft:mob_kills":13,"minecraft:interact_with_crafting_table":15,"minecraft:time_since_death":3687,"minecraft:time_since_rest":3368,"minecraft:sprint_one_cm":153334,"minecraft:damage_taken":1353,"minecraft:walk_one_cm":309611,"minecraft:drop":6,"minecraft:damage_dealt":1972,"minecraft:swim_one_cm":32544,"minecraft:fly_one_cm":286971,"minecraft:open_chest":22,"minecraft:crouch_one_cm":20836,"minecraft:play_time":94621,"tombstone:undead_killed":6,"minecraft:deaths":3,"minecraft:sneak_time":3686,"minecraft:walk_under_water_one_cm":16967,"minecraft:jump":1160,"minecraft:walk_on_water_one_cm":11654,"minecraft:total_world_time":94621,"minecraft:fall_one_cm":33304},"minecraft:mined":{"projectvibrantjourneys:cattail":19,"farm_and_charm:wild_beetroots":3,"projectvibrantjourneys:rocks":1,"minecraft:crafting_table":1,"croptopia:persimmon_crop":5,"projectvibrantjourneys:twigs":3,"vinery:red_grape_bush":4,"minecraft:grass_block":685,"minecraft:lily_pad":25,"minecraft:seagrass":1,"minecraft:tall_seagrass":7,"projectvibrantjourneys:reeds":15,"minecraft:furnace":1,"minecraft:iron_ore":1,"croptopia:corn_crop":1,"minecraft:birch_leaves":1,"minecraft:pumpkin":12,"minecraft:grass":44,"minecraft:oak_log":19,"minecraft:coal_ore":3,"projectvibrantjourneys:short_grass":43,"minecraft:gravel":13,"minecraft:sunflower":3,"minecraft:sand":12,"minecraft:dirt":534,"farm_and_charm:wild_strawberries":9,"minecraft:stone":291,"minecraft:oak_leaves":3,"projectvibrantjourneys:oak_hollow_log":5,"simplefarming:blueberry_bush":4},"minecraft:picked_up":{"born_in_chaos_v1:corpse_maggot":3,"minecraft:crafting_table":1,"simplefarming:soybean_seeds":1,"minecraft:red_mushroom":2,"vinery:red_grape_seeds":2,"minecraft:flint":1,"simplefarming:rye_seeds":2,"minecraft:oak_log":17,"minecraft:lily_pad":23,"projectvibrantjourneys:oak_hollow_log":5,"minecraft:dirt":1252,"minecraft:moss_carpet":3,"projectvibrantjourneys:reeds":14,"simplefarming:cucumber_seeds":1,"minecraft:bone":4,"croptopia:corn":1,"minecraft:beetroot":13,"minecraft:apple":7,"minecraft:wheat_seeds":34,"simplefarming:blueberry_bush":4,"crittersandcompanions:clam":2,"minecraft:furnace":1,"simplefarming:spinach_seeds":1,"projectvibrantjourneys:light_brown_bark_mushroom":1,"minecraft:stick":7,"minecraft:raw_iron":4,"simplefarming:corn_seeds":1,"croptopia:corn_seed":2,"minecraft:pumpkin":11,"croptopia:starfruit":3,"farm_and_charm:strawberry_seeds":1,"simplefarming:yam_seeds":1,"simplefarming:blueberries":4,"minecraft:gravel":11,"minecraft:sand":12,"simplefarming:squash_seeds":2,"minecraft:dark_oak_log":2,"minecraft:rotten_flesh":7,"croptopia:persimmon":5,"simplefarming:strawberries":3,"farm_and_charm:strawberry":26,"projectvibrantjourneys:cattail":18,"projectvibrantjourneys:orange_bark_mushroom":1,"minecraft:oak_sapling":6,"simplefarming:cassava_seeds":1,"minecraft:mutton":3,"minecraft:coal":12,"minecraft:white_wool":2,"minecraft:cobblestone":286,"minecraft:sunflower":4},"minecraft:used":{"minecraft:cooked_mutton":3,"minecraft:iron_shovel":262,"minecraft:stone_shovel":1049,"minecraft:stone_pickaxe":61,"minecraft:chest":4,"woodworks:oak_chest":2,"minecraft:wooden_pickaxe":12,"simplefarming:strawberries":1,"minecraft:dirt":641,"farm_and_charm:strawberry":14,"minecraft:crafting_table":2,"simplefarming:blueberries":3,"minecraft:apple":7,"minecraft:iron_pickaxe":224,"minecraft:stone_axe":76,"minecraft:furnace":1},"minecraft:killed":{"alexsmobs:hummingbird":1,"born_in_chaos_v1:zombie_lumberjack":1,"born_in_chaos_v1:decrepit_skeleton":2,"born_in_chaos_v1:maggot":1,"naturalist:snail":1,"minecraft:sheep":2,"born_in_chaos_v1:bloody_gadfly":1,"minecraft:zombie":2,"alexsmobs:terrapin":1,"minecraft:drowned":1},"minecraft:crafted":{"minecraft:oak_planks":46,"minecraft:stone_shovel":10,"minecraft:crafting_table":1,"minecraft:wooden_pickaxe":1,"minecraft:furnace":1,"minecraft:stone_axe":1,"minecraft:cooked_mutton":3,"minecraft:air":0,"woodworks:oak_chest":2,"minecraft:stick":24,"minecraft:iron_ingot":4,"minecraft:iron_pickaxe":1,"minecraft:stone_pickaxe":1,"minecraft:chest":4,"minecraft:iron_shovel":1}},"DataVersion":3465}