{"stats":{"minecraft:picked_up":{"minecraft:iron_chestplate":1,"minecraft:wheat":1,"vinery:red_grape":3,"minecraft:anvil":1,"croptopia:grape_seed":1,"farm_and_charm:kernels":2,"vinery:red_grape_seeds":4,"vanillaplustools:diamond_shovel":1,"minecraft:enchanted_book":1,"vinery:savanna_grape_seeds_red":3,"farm_and_charm:fertilized_soil":3,"minecraft:string":9,"minecraft:raw_copper":49,"minecraft:iron_leggings":1,"simplefarming:plum":9,"bakery:linzer_tart":6,"vinery:savanna_grapes_red":4,"brewery:hops":6,"minecraft:beetroot":14,"minecraft:wooden_shovel":1,"minecraft:iron_boots":1,"minecraft:furnace":1,"vinery:jungle_grape_seeds_white":2,"simplefarming:spinach_seeds":2,"minecraft:stick":11,"farm_and_charm:oat_ball":5,"bakery:toast":1,"farm_and_charm:barley_seeds":3,"simplefarming:raspberries":3,"tombstone:grave_dust":4,"minecraft:diorite":1,"mores:raw_tin":21,"minecraft:orange_bed":1,"farm_and_charm:lettuce_seeds":3,"minecraft:rotten_flesh":27,"croptopia:persimmon":5,"simplefarming:pepper_seeds":2,"projectvibrantjourneys:cattail":45,"minecraft:cobblestone":2773,"minecraft:cooked_beef":1,"farmersdelight:rice":1,"vanillaplustools:diamond_hammer":1,"minecraft:potato":7,"minecraft:flint":1,"projectvibrantjourneys:oak_hollow_log":5,"minecraft:lapis_lazuli":12,"minecraft:dirt":3318,"spartanweaponry:iron_rapier":1,"born_in_chaos_v1:monster_skin":1,"simplefarming:cucumber_seeds":1,"minecraft:bone":15,"croptopia:corn":1,"minecraft:wheat_seeds":71,"simplefarming:kenaf_seeds":1,"simplefarming:lettuce_seeds":3,"simplefarming:blueberry_bush":11,"simplefarming:tomato_seeds":1,"croptopia:roe":1,"simplefarming:peanut_seeds":1,"simplefarming:corn_seeds":1,"vinery:taiga_grape_seeds_white":2,"simplefarming:radish_seeds":3,"croptopia:plum":8,"farm_and_charm:strawberry_seeds":2,"vinery:white_grape":1,"minecraft:sand":13,"ecologics:coconut_husk":1,"minecraft:dark_oak_log":2,"farm_and_charm:wild_nettle":6,"minecraft:bundle":1,"farm_and_charm:tomato_seeds":4,"farm_and_charm:tomato":2,"farm_and_charm:wild_onions":1,"farm_and_charm:wild_ribwort":1,"farm_and_charm:oat_seeds":3,"minecraft:oak_sapling":7,"born_in_chaos_v1:rotten_fish":5,"mores:raw_silver":2,"simplefarming:cassava_seeds":2,"minecraft:diamond_pickaxe":1,"vinery:savanna_grape_seeds_white":1,"minecraft:crafting_table":1,"travelersbackpack:hay":1,"minecraft:clay_ball":170,"simplefarming:yam":1,"iter_rpg:pearl":1,"minecraft:chain":1,"minecraft:moss_carpet":3,"minecraft:iron_axe":1,"projectvibrantjourneys:reeds":14,"born_in_chaos_v1:intoxicating_decoction":2,"minecraft:beef":5,"minecraft:poppy":1,"crittersandcompanions:clam":2,"minecraft:egg":1,"minecraft:raw_iron":10,"croptopia:corn_seed":2,"ecologics:coconut_slice":2,"projectvibrantjourneys:bark_mushroom":1,"simplefarming:yam_seeds":3,"farm_and_charm:wild_corn":1,"simplefarming:onion_seeds":2,"simplefarming:eggplant_seeds":2,"croptopia:grape":1,"minecraft:stone_shovel":8,"minecraft:arrow":2,"simplefarming:strawberries":20,"vinery:white_grape_seeds":2,"mores:stone_mace":1,"farm_and_charm:strawberry":39,"simplefarming:ginger_seeds":1,"tombstone:essence_of_undeath":1,"croptopia:salt":142,"born_in_chaos_v1:trident_hayfork":1,"minecraft:mutton":3,"minecraft:white_wool":2,"born_in_chaos_v1:fused_bone":2,"born_in_chaos_v1:corpse_maggot":10,"simplefarming:soybean_seeds":2,"born_in_chaos_v1:monster_flesh":1,"minecraft:salmon":1,"vinery:jungle_grape_seeds_red":2,"minecraft:red_mushroom":2,"simplefarming:rye_seeds":2,"minecraft:oak_log":42,"minecraft:lily_pad":54,"vinery:taiga_grapes_red":4,"simplefarming:broccoli_seeds":1,"farm_and_charm:onion":4,"farm_and_charm:wild_beetroots":1,"vinery:savanna_grapes_white":1,"tombstone:gift":1,"minecraft:apple":7,"simplefarming:honeydew_seeds":2,"minecraft:iron_ingot":1,"minecraft:stone_pickaxe":3,"tombstone:bag_of_seeds":1,"minecraft:iron_sword":1,"travelersbackpack:blank_upgrade":1,"projectvibrantjourneys:light_brown_bark_mushroom":2,"farm_and_charm:lettuce":1,"minecraft:pumpkin":13,"croptopia:starfruit":3,"vinery:taiga_grape_seeds_red":2,"born_in_chaos_v1:ethereal_spirit":1,"minecraft:dandelion":5,"simplefarming:blueberries":25,"minecraft:gravel":11,"simplefarming:squash_seeds":2,"minecraft:spruce_log":2,"minecraft:spider_eye":2,"simplefarming:raspberry_bush":1,"farm_and_charm:rotten_tomato":1,"minecraft:diamond_shovel":1,"simplefarming:strawberry_bush":7,"minecraft:iron_helmet":1,"croptopia:orange":1,"projectvibrantjourneys:orange_bark_mushroom":1,"minecraft:coal":34,"minecraft:sunflower":21},"minecraft:dropped":{"crittersandcompanions:clam":1,"minecraft:cooked_beef":1,"ecologics:walnut_planks":10,"minecraft:dirt":2,"minecraft:sunflower":6,"minecraft:sand":8,"simplefarming:lettuce_seeds":1,"projectvibrantjourneys:reeds":1,"projectvibrantjourneys:bark_mushroom":1,"minecraft:bone":3,"mores:stone_mace":2,"minecraft:rotten_flesh":4,"simplefarming:honeydew_seeds":1,"born_in_chaos_v1:corpse_maggot":4,"ecologics:coconut_husk":1,"projectvibrantjourneys:cattail":4,"minecraft:cobblestone":1,"minecraft:stick":2,"simplefarming:soybean_seeds":1,"farm_and_charm:wild_nettle":4,"minecraft:string":3,"minecraft:lily_pad":2,"minecraft:dandelion":1,"simplefarming:onion_seeds":1,"minecraft:stone_shovel":13,"croptopia:corn_seed":1,"minecraft:spruce_log":2,"bakery:sweet_dough":1,"minecraft:stone_pickaxe":3},"minecraft:broken":{"spartanweaponry:iron_rapier":1,"minecraft:iron_shovel":1,"minecraft:stone_axe":1,"minecraft:stone_shovel":8,"vanillaplustools:stone_hammer":2,"minecraft:iron_pickaxe":1,"vanillaplustools:stone_shovel":2},"minecraft:mined":{"simplefarming:raspberry_bush":1,"croptopia:grape_crop":1,"minecraft:grass_block":1415,"minecraft:tall_seagrass":31,"farm_and_charm:oat_ball":5,"projectvibrantjourneys:reeds":16,"minecraft:iron_ore":3,"projectvibrantjourneys:bark_mushroom":1,"minecraft:pumpkin":14,"minecraft:anvil":1,"autumnity:maple_leaves":1,"minecraft:dirt_path":4,"farm_and_charm:wild_strawberries":13,"simplefarming:fruit_log":3,"minecraft:orange_bed":1,"projectvibrantjourneys:cattail":44,"farm_and_charm:wild_beetroots":4,"minecraft:clay":43,"projectvibrantjourneys:twigs":5,"vinery:red_grape_bush":4,"projectvibrantjourneys:natural_cobweb":1,"minecraft:cobblestone":6,"projectvibrantjourneys:fallen_leaves":1,"minecraft:oak_planks":1,"minecraft:seagrass":27,"projectvibrantjourneys:light_brown_bark_mushroom":1,"farm_and_charm:fertilized_soil":3,"minecraft:grass":98,"projectvibrantjourneys:short_grass":62,"croptopia:salt_ore":42,"minecraft:oak_log":45,"minecraft:dirt":1905,"minecraft:sand":14,"mores:silver_ore":2,"minecraft:oak_leaves":24,"farm_and_charm:wild_nettle":4,"projectvibrantjourneys:rocks":1,"croptopia:persimmon_crop":5,"simplefarming:plum_leaves":1,"minecraft:furnace":1,"croptopia:corn_crop":1,"projectvibrantjourneys:seashells":1,"minecraft:stone":2786,"simplefarming:strawberry_bush":7,"simplefarming:blueberry_bush":11,"minecraft:dandelion":3,"minecraft:crafting_table":1,"minecraft:tall_grass":19,"minecraft:copper_ore":7,"minecraft:lapis_ore":2,"minecraft:lily_pad":55,"minecraft:diorite":1,"mores:tin_ore":6,"croptopia:plum_crop":3,"minecraft:birch_leaves":1,"farm_and_charm:wild_ribwort":1,"bakery:linzer_tart":1,"minecraft:coal_ore":4,"minecraft:sunflower":15,"minecraft:gravel":13,"projectvibrantjourneys:oak_hollow_log":5},"minecraft:crafted":{"minecraft:oak_planks":146,"ecologics:walnut_planks":12,"minecraft:cooked_mutton":6,"minecraft:chest":4,"vanillaplustools:stone_shovel":3,"minecraft:stone_hoe":1,"minecraft:crafting_table":1,"minecraft:wooden_pickaxe":1,"minecraft:stick":200,"minecraft:iron_ingot":8,"minecraft:iron_pickaxe":2,"minecraft:stone_shovel":46,"vanillaplustools:stone_hammer":2,"minecraft:furnace":1,"minecraft:stone_pickaxe":20,"minecraft:cooked_beef":5,"minecraft:stone_axe":1,"iter_rpg:stone_spear":1,"minecraft:air":0,"woodworks:oak_chest":4,"mores:stone_mace":1,"minecraft:iron_shovel":1},"minecraft:custom":{"minecraft:interact_with_crafting_table":34,"minecraft:open_barrel":4,"minecraft:time_since_death":38736,"minecraft:sprint_one_cm":593082,"minecraft:drop":55,"minecraft:play_time":337169,"minecraft:deaths":18,"minecraft:jump":4955,"minecraft:walk_on_water_one_cm":41486,"minecraft:interact_with_furnace":23,"minecraft:sleep_in_bed":3,"minecraft:damage_dealt":12027,"minecraft:crouch_one_cm":83957,"tombstone:undead_killed":30,"minecraft:interact_with_smoker":7,"minecraft:interact_with_smithing_table":1,"minecraft:mob_kills":68,"minecraft:damage_dealt_resisted":418,"minecraft:climb_one_cm":724,"minecraft:walk_one_cm":950921,"minecraft:sneak_time":16154,"minecraft:walk_under_water_one_cm":91660,"minecraft:interact_with_blast_furnace":4,"minecraft:total_world_time":337169,"tombstone:raider_killed":1,"minecraft:time_since_rest":38520,"minecraft:damage_taken":6656,"minecraft:swim_one_cm":76824,"minecraft:fly_one_cm":1130434,"minecraft:open_chest":103,"minecraft:fall_one_cm":107562},"minecraft:killed":{"born_in_chaos_v1:zombie_clown":1,"minecraft:witch":1,"born_in_chaos_v1:zombie_lumberjack":2,"born_in_chaos_v1:restless_spirit":2,"minecraft:spider":6,"born_in_chaos_v1:siamese_skeletonsright":1,"naturalist:snail":1,"minecraft:skeleton":1,"ecologics:coconut_crab":1,"minecraft:salmon":1,"minecraft:sheep":2,"minecraft:zombie":10,"born_in_chaos_v1:dread_hound":1,"born_in_chaos_v1:corpse_fly":2,"iter_rpg:bloated":1,"born_in_chaos_v1:door_knight":1,"born_in_chaos_v1:siamese_skeletonsleft":1,"minecraft:cow":2,"born_in_chaos_v1:maggot":7,"minecraft:drowned":1,"crittersandcompanions:otter":1,"born_in_chaos_v1:corpse_fish":4,"born_in_chaos_v1:barrel_zombie":2,"born_in_chaos_v1:baby_skeleton":5,"born_in_chaos_v1:decrepit_skeleton":4,"born_in_chaos_v1:bloody_gadfly":2,"iter_rpg:scallop":1},"minecraft:used":{"bakery:linzer_tart":6,"minecraft:beetroot":6,"simplefarming:plum":8,"minecraft:iron_shovel":262,"minecraft:chest":4,"travelersbackpack:hay":3,"simplefarming:squash_seeds":2,"simplefarming:yam_seeds":3,"simplefarming:blueberries":4,"simplefarming:raspberries":1,"vinery:taiga_grape_seeds_red":2,"simplefarming:kenaf_seeds":1,"vinery:savanna_grapes_red":2,"simplefarming:honeydew_seeds":1,"simplefarming:rye_seeds":2,"simplefarming:tomato_seeds":1,"minecraft:furnace":2,"croptopia:roe":1,"minecraft:egg":1,"minecraft:potato":7,"vinery:white_grape_seeds":2,"minecraft:stone_pickaxe":244,"minecraft:oak_planks":1,"bakery:sweet_dough":1,"minecraft:wooden_pickaxe":12,"simplefarming:blueberry_bush":11,"simplefarming:strawberries":3,"vanillaplustools:diamond_hammer":47,"simplefarming:cucumber_seeds":1,"simplefarming:radish_seeds":1,"born_in_chaos_v1:monster_flesh":1,"simplefarming:spinach_seeds":1,"farm_and_charm:strawberry_seeds":1,"simplefarming:corn_seeds":1,"tombstone:grave_key":4,"vinery:savanna_grape_seeds_white":1,"bakery:toast":1,"ecologics:coconut_slice":2,"vinery:taiga_grapes_red":2,"minecraft:stone_shovel":1320,"simplefarming:soybean_seeds":1,"simplefarming:cassava_seeds":2,"woodworks:oak_chest":4,"vanillaplustools:stone_hammer":262,"minecraft:wooden_shovel":181,"minecraft:stone_hoe":37,"minecraft:orange_bed":1,"minecraft:dirt":2861,"simplefarming:onion_seeds":1,"iter_rpg:stone_spear":70,"spartanweaponry:iron_rapier":29,"simplefarming:eggplant_seeds":1,"tombstone:gift":5,"minecraft:cooked_beef":5,"born_in_chaos_v1:trident_hayfork":99,"minecraft:cooked_mutton":6,"minecraft:salmon":1,"farm_and_charm:strawberry":38,"minecraft:crafting_table":2,"vanillaplustools:stone_shovel":300,"tombstone:bag_of_seeds":1,"minecraft:diamond_pickaxe":72,"minecraft:apple":7,"minecraft:diamond_shovel":4,"minecraft:sunflower":1,"simplefarming:strawberry_bush":7,"minecraft:iron_pickaxe":251,"simplefarming:lettuce_seeds":1,"minecraft:stone_axe":101,"vinery:savanna_grape_seeds_red":2,"minecraft:cobblestone":9,"simplefarming:raspberry_bush":1,"minecraft:dandelion":4,"vinery:red_grape_seeds":2,"vinery:taiga_grape_seeds_white":2}},"DataVersion":3465}