{"stats":{"minecraft:picked_up":{"minecraft:crafting_table":1,"minecraft:wheat":1,"iter_rpg:pearl":1,"vinery:red_grape_seeds":2,"minecraft:enchanted_book":1,"farm_and_charm:fertilized_soil":3,"minecraft:string":2,"minecraft:moss_carpet":3,"projectvibrantjourneys:reeds":14,"simplefarming:plum":1,"bakery:linzer_tart":5,"minecraft:beetroot":14,"minecraft:beef":5,"minecraft:poppy":1,"crittersandcompanions:clam":2,"minecraft:egg":1,"simplefarming:spinach_seeds":1,"minecraft:furnace":1,"minecraft:stick":7,"minecraft:raw_iron":4,"farm_and_charm:oat_ball":5,"croptopia:corn_seed":2,"simplefarming:yam_seeds":1,"bakery:toast":1,"simplefarming:onion_seeds":1,"simplefarming:eggplant_seeds":1,"minecraft:orange_bed":1,"minecraft:rotten_flesh":15,"minecraft:arrow":2,"croptopia:persimmon":5,"simplefarming:pepper_seeds":1,"simplefarming:strawberries":3,"farm_and_charm:strawberry":26,"projectvibrantjourneys:cattail":42,"tombstone:essence_of_undeath":1,"born_in_chaos_v1:trident_hayfork":1,"minecraft:mutton":3,"minecraft:white_wool":2,"minecraft:cobblestone":425,"born_in_chaos_v1:corpse_maggot":5,"simplefarming:soybean_seeds":2,"minecraft:red_mushroom":2,"minecraft:flint":1,"simplefarming:rye_seeds":2,"minecraft:oak_log":17,"minecraft:lily_pad":33,"projectvibrantjourneys:oak_hollow_log":5,"minecraft:lapis_lazuli":12,"minecraft:dirt":1454,"tombstone:gift":1,"simplefarming:cucumber_seeds":1,"minecraft:bone":6,"croptopia:corn":1,"minecraft:apple":7,"simplefarming:kenaf_seeds":1,"minecraft:wheat_seeds":51,"simplefarming:lettuce_seeds":1,"simplefarming:honeydew_seeds":1,"simplefarming:tomato_seeds":1,"simplefarming:blueberry_bush":4,"projectvibrantjourneys:light_brown_bark_mushroom":1,"simplefarming:corn_seeds":1,"minecraft:pumpkin":13,"croptopia:starfruit":3,"farm_and_charm:strawberry_seeds":1,"minecraft:dandelion":4,"minecraft:gravel":11,"simplefarming:blueberries":4,"minecraft:sand":12,"simplefarming:squash_seeds":2,"minecraft:dark_oak_log":2,"farm_and_charm:wild_nettle":2,"minecraft:bundle":1,"projectvibrantjourneys:orange_bark_mushroom":1,"minecraft:oak_sapling":6,"simplefarming:cassava_seeds":1,"minecraft:coal":12,"minecraft:sunflower":6},"minecraft:broken":{"minecraft:iron_shovel":1,"minecraft:iron_pickaxe":1,"minecraft:stone_shovel":8},"minecraft:dropped":{"crittersandcompanions:clam":1,"simplefarming:soybean_seeds":1,"minecraft:sunflower":2,"minecraft:sand":8,"minecraft:string":2,"projectvibrantjourneys:reeds":1,"minecraft:dandelion":1,"croptopia:corn_seed":1,"born_in_chaos_v1:corpse_maggot":4,"projectvibrantjourneys:cattail":2},"minecraft:mined":{"farm_and_charm:wild_nettle":4,"projectvibrantjourneys:rocks":1,"croptopia:persimmon_crop":5,"minecraft:grass_block":762,"simplefarming:plum_leaves":1,"minecraft:tall_seagrass":8,"farm_and_charm:oat_ball":5,"projectvibrantjourneys:reeds":15,"minecraft:furnace":1,"minecraft:iron_ore":1,"croptopia:corn_crop":1,"minecraft:pumpkin":14,"minecraft:dirt_path":4,"farm_and_charm:wild_strawberries":9,"minecraft:stone":430,"simplefarming:blueberry_bush":4,"minecraft:orange_bed":1,"projectvibrantjourneys:cattail":41,"minecraft:dandelion":3,"farm_and_charm:wild_beetroots":4,"minecraft:crafting_table":1,"projectvibrantjourneys:twigs":3,"vinery:red_grape_bush":4,"minecraft:tall_grass":18,"minecraft:cobblestone":1,"minecraft:lapis_ore":2,"minecraft:lily_pad":36,"minecraft:seagrass":2,"farm_and_charm:fertilized_soil":3,"minecraft:birch_leaves":1,"minecraft:grass":84,"minecraft:oak_log":19,"minecraft:coal_ore":3,"projectvibrantjourneys:short_grass":50,"minecraft:sunflower":7,"minecraft:gravel":13,"minecraft:sand":12,"minecraft:dirt":655,"minecraft:oak_leaves":5,"projectvibrantjourneys:oak_hollow_log":5},"minecraft:crafted":{"minecraft:oak_planks":46,"minecraft:stone_shovel":10,"minecraft:furnace":1,"minecraft:cooked_mutton":6,"minecraft:stone_pickaxe":3,"minecraft:chest":4,"minecraft:crafting_table":1,"minecraft:wooden_pickaxe":1,"minecraft:stone_axe":1,"iter_rpg:stone_spear":1,"minecraft:air":0,"woodworks:oak_chest":2,"minecraft:stick":32,"minecraft:iron_ingot":4,"minecraft:iron_pickaxe":1,"minecraft:iron_shovel":1},"minecraft:custom":{"minecraft:mob_kills":33,"minecraft:interact_with_crafting_table":19,"minecraft:open_barrel":4,"minecraft:damage_dealt_resisted":281,"minecraft:time_since_death":23634,"minecraft:climb_one_cm":220,"minecraft:sprint_one_cm":287568,"minecraft:walk_one_cm":480994,"minecraft:drop":12,"minecraft:play_time":175169,"minecraft:deaths":8,"minecraft:sneak_time":5971,"minecraft:walk_under_water_one_cm":24813,"minecraft:jump":2268,"minecraft:interact_with_blast_furnace":4,"minecraft:walk_on_water_one_cm":13552,"minecraft:total_world_time":175169,"minecraft:interact_with_furnace":18,"tombstone:raider_killed":1,"minecraft:sleep_in_bed":1,"minecraft:time_since_rest":23412,"minecraft:damage_taken":3116,"minecraft:damage_dealt":5569,"minecraft:swim_one_cm":33051,"minecraft:fly_one_cm":542839,"minecraft:open_chest":45,"minecraft:crouch_one_cm":34844,"tombstone:undead_killed":15,"minecraft:interact_with_smoker":6,"minecraft:fall_one_cm":60719},"minecraft:killed":{"minecraft:witch":1,"born_in_chaos_v1:zombie_lumberjack":1,"minecraft:spider":1,"born_in_chaos_v1:maggot":6,"naturalist:snail":1,"minecraft:skeleton":1,"minecraft:drowned":1,"born_in_chaos_v1:barrel_zombie":1,"born_in_chaos_v1:baby_skeleton":1,"born_in_chaos_v1:decrepit_skeleton":2,"minecraft:sheep":2,"born_in_chaos_v1:bloody_gadfly":1,"minecraft:zombie":6,"iter_rpg:bloated":1,"iter_rpg:scallop":1,"born_in_chaos_v1:door_knight":1,"minecraft:cow":2},"minecraft:used":{"bakery:linzer_tart":5,"minecraft:iron_shovel":262,"minecraft:stone_shovel":1308,"woodworks:oak_chest":2,"minecraft:chest":4,"minecraft:orange_bed":1,"minecraft:dirt":1008,"simplefarming:blueberries":3,"iter_rpg:stone_spear":70,"minecraft:furnace":1,"tombstone:gift":5,"minecraft:egg":1,"born_in_chaos_v1:trident_hayfork":11,"minecraft:cooked_mutton":6,"minecraft:stone_pickaxe":178,"minecraft:wooden_pickaxe":12,"simplefarming:strawberries":1,"farm_and_charm:strawberry":26,"minecraft:crafting_table":2,"minecraft:apple":7,"minecraft:sunflower":1,"minecraft:iron_pickaxe":250,"bakery:toast":1,"minecraft:stone_axe":81,"minecraft:cobblestone":1}},"DataVersion":3465}