{"stats":{"minecraft:crafted":{"minecraft:oak_planks":146,"ecologics:walnut_planks":12,"minecraft:cooked_mutton":6,"minecraft:chest":4,"vanillaplustools:stone_shovel":3,"minecraft:stone_hoe":1,"minecraft:crafting_table":1,"minecraft:wooden_pickaxe":1,"minecraft:stick":208,"minecraft:iron_pickaxe":2,"minecraft:iron_ingot":10,"minecraft:stone_shovel":46,"vanillaplustools:stone_hammer":2,"minecraft:furnace":1,"minecraft:stone_pickaxe":20,"minecraft:cooked_beef":7,"minecraft:stone_axe":1,"born_in_chaos_v1:scorched_planks":12,"minecraft:bread":16,"iter_rpg:stone_spear":1,"minecraft:air":0,"woodworks:oak_chest":4,"mores:stone_mace":1,"minecraft:iron_shovel":1,"minecraft:torch":4},"minecraft:dropped":{"minecraft:iron_sword":1,"minecraft:lapis_lazuli":7,"crittersandcompanions:clam":1,"minecraft:cooked_beef":1,"minecraft:diamond":2,"minecraft:crafting_table":1,"minecraft:saddle":1,"born_in_chaos_v1:pieceofdarkmetal":8,"ecologics:walnut_planks":10,"born_in_chaos_v1:monster_flesh":1,"minecraft:dirt":2,"minecraft:crimson_roots":2,"minecraft:sunflower":7,"minecraft:sand":9,"simplefarming:lettuce_seeds":1,"projectvibrantjourneys:bark_mushroom":1,"projectvibrantjourneys:reeds":1,"minecraft:bone":3,"simplefarming:raspberry_bush":3,"born_in_chaos_v1:fire_dust":1,"minecraft:cobbled_deepslate":251,"mores:stone_mace":2,"minecraft:oak_planks":104,"minecraft:rotten_flesh":22,"simplefarming:cassava_seeds":1,"simplefarming:honeydew_seeds":1,"born_in_chaos_v1:chipped_black_argillite_brick":2,"born_in_chaos_v1:corpse_maggot":4,"ecologics:coconut_husk":1,"minecraft:arrow":2,"projectvibrantjourneys:cattail":4,"minecraft:wheat_seeds":21,"minecraft:cobblestone":159,"mores:obsidian_horse_armor":1,"minecraft:stick":19,"simplefarming:broccoli_seeds":1,"simplefarming:soybean_seeds":1,"minecraft:diorite":14,"minecraft:torch":4,"farm_and_charm:wild_nettle":4,"minecraft:string":9,"minecraft:lily_pad":3,"minecraft:dandelion":1,"simplefarming:onion_seeds":1,"minecraft:raw_copper":6,"minecraft:tuff":10,"farmersdelight:cabbage_seeds":1,"minecraft:stone_shovel":13,"born_in_chaos_v1:black_argillite_button":2,"simplefarming:raspberries":2,"minecraft:iron_boots":1,"croptopia:corn_seed":1,"born_in_chaos_v1:spiritual_dust":1,"simplefarming:kenaf_seeds":2,"minecraft:potato":2,"simplefarming:cucumber_seeds":1,"minecraft:wooden_shovel":1,"minecraft:spruce_log":2,"bakery:sweet_dough":1,"minecraft:stone_pickaxe":3,"vanillaplustools:diamond_shovel":1,"simplefarming:eggplant_seeds":1},"minecraft:mined":{"simplefarming:raspberry_bush":1,"minecraft:spruce_planks":60,"croptopia:grape_crop":1,"farm_and_charm:window_sill":2,"minecraft:brewing_stand":2,"minecraft:obsidian":4,"minecraft:granite":62,"minecraft:budding_amethyst":2,"minecraft:grass_block":1517,"minecraft:oxeye_daisy":2,"minecraft:tall_seagrass":31,"minecraft:magma_block":6,"mores:deepslate_tourmaline_ore":27,"farm_and_charm:oat_ball":5,"farm_and_charm:grandmothers_strawberry_cake_block":1,"projectvibrantjourneys:reeds":16,"born_in_chaos_v1:black_argillite_brick_slab":8,"minecraft:iron_ore":7,"minecraft:fire":2,"minecraft:barrel":3,"projectvibrantjourneys:bark_mushroom":1,"minecraft:pumpkin":14,"minecraft:deepslate_lapis_ore":8,"minecraft:anvil":1,"autumnity:maple_leaves":1,"mores:deepslate_sapphire_ore":10,"treasure2:onyx_ore":2,"minecraft:dirt_path":6,"minecraft:oak_stairs":4,"minecraft:black_candle":3,"farm_and_charm:wild_strawberries":13,"bakery:tray":1,"bakery:cabinet":1,"simplefarming:fruit_log":3,"minecraft:spruce_slab":2,"minecraft:orange_bed":3,"projectvibrantjourneys:cattail":48,"mores:deepslate_moissanite_ore":8,"minecraft:deepslate_redstone_ore":14,"minecraft:crimson_nylium":1,"mores:deepslate_anthracite_ore":14,"farm_and_charm:wild_beetroots":4,"born_in_chaos_v1:infected_deepslate_diamond_ore":4,"minecraft:clay":43,"projectvibrantjourneys:twigs":5,"minecraft:calcite":8,"vinery:red_grape_bush":4,"projectvibrantjourneys:natural_cobweb":1,"mores:anthracite_ore":12,"minecraft:cobblestone":6,"projectvibrantjourneys:fallen_leaves":4,"minecraft:oak_planks":1,"minecraft:bricks":32,"minecraft:wall_torch":2,"mores:deepslate_turquoise_ore":38,"vinery:white_grape_bush":1,"minecraft:amethyst_block":5,"minecraft:deepslate_copper_ore":5,"minecraft:seagrass":27,"minecraft:light_blue_terracotta":4,"projectvibrantjourneys:light_brown_bark_mushroom":1,"farm_and_charm:fertilized_soil":3,"butcher:sulfurore":2,"born_in_chaos_v1:black_argillite_brick":6,"minecraft:stone_brick_stairs":6,"minecraft:grass":124,"minecraft:oak_log":45,"croptopia:salt_ore":42,"projectvibrantjourneys:short_grass":77,"bakery:wall_cabinet":2,"minecraft:sand":14,"minecraft:dirt":1999,"mores:silver_ore":17,"minecraft:smooth_basalt":9,"minecraft:deepslate":2892,"mores:deepslate_topaz_ore":11,"born_in_chaos_v1:infernal_evil_pumpkin_s":1,"minecraft:netherrack":11,"minecraft:oak_leaves":24,"minecraft:tuff":318,"farm_and_charm:wild_nettle":4,"minecraft:deepslate_diamond_ore":7,"projectvibrantjourneys:rocks":1,"croptopia:persimmon_crop":5,"minecraft:spruce_fence":8,"born_in_chaos_v1:black_argillite":30,"minecraft:brick_stairs":5,"simplefarming:plum_leaves":1,"born_in_chaos_v1:black_argillite_column":5,"minecraft:furnace":1,"croptopia:corn_crop":1,"mores:deepslate_cobalt_ore":4,"minecraft:potatoes":2,"minecraft:deepslate_iron_ore":18,"minecraft:stripped_oak_log":10,"projectvibrantjourneys:seashells":1,"minecraft:stone":3287,"simplefarming:strawberry_bush":7,"minecraft:pink_terracotta":2,"simplefarming:blueberry_bush":11,"simplefarming:banana_leaves":1,"mores:cobalt_ore":16,"minecraft:brick_wall":2,"minecraft:dandelion":8,"minecraft:crafting_table":2,"minecraft:campfire":12,"minecraft:tall_grass":22,"minecraft:copper_ore":9,"born_in_chaos_v1:chipped_black_argillite_brick":4,"minecraft:deepslate_gold_ore":3,"minecraft:lapis_ore":2,"minecraft:lily_pad":56,"minecraft:diorite":15,"mores:tin_ore":10,"bakery:drawer":10,"minecraft:spruce_stairs":16,"mores:deepslate_ruby_ore":4,"minecraft:brick_slab":1,"croptopia:plum_crop":3,"iter_rpg:abyss_quartz":1,"mores:deepslate_tin_ore":5,"minecraft:birch_leaves":1,"farm_and_charm:wild_ribwort":1,"bakery:linzer_tart":1,"minecraft:coal_ore":5,"minecraft:sunflower":17,"minecraft:gravel":31,"mores:deepslate_silver_ore":17,"minecraft:gold_ore":2,"minecraft:stone_bricks":117,"minecraft:mossy_stone_bricks":4,"projectvibrantjourneys:oak_hollow_log":5},"minecraft:killed_by":{"naturalist:rattlesnake":1},"minecraft:picked_up":{"minecraft:iron_chestplate":1,"minecraft:wheat":78,"vinery:red_grape":10,"minecraft:anvil":1,"croptopia:grape_seed":1,"farm_and_charm:kernels":2,"farm_and_charm:stove":2,"vinery:red_grape_seeds":4,"minecraft:oak_stairs":6,"vanillaplustools:diamond_shovel":2,"minecraft:potion":3,"minecraft:enchanted_book":1,"minecraft:stone_brick_stairs":12,"minecraft:brewing_stand":2,"vinery:savanna_grape_seeds_red":3,"farm_and_charm:fertilized_soil":3,"minecraft:string":17,"minecraft:raw_copper":69,"mores:tourmaline_gem":27,"minecraft:iron_leggings":1,"simplefarming:plum":9,"bakery:linzer_tart":6,"vinery:savanna_grapes_red":9,"brewery:hops":6,"minecraft:beetroot":14,"minecraft:cobbled_deepslate":296,"minecraft:bucket":1,"minecraft:spruce_planks":118,"minecraft:wooden_shovel":2,"born_in_chaos_v1:stimulating_decoction":1,"simplefarming:spinach_seeds":2,"minecraft:iron_boots":1,"vinery:jungle_grape_seeds_white":2,"minecraft:furnace":1,"minecraft:stick":22,"farm_and_charm:oat_ball":5,"bakery:small_cooking_pot":1,"born_in_chaos_v1:shattered_skull":1,"minecraft:torch":26,"minecraft:brick_wall":2,"bakery:toast":3,"minecraft:spruce_stairs":32,"farm_and_charm:barley_seeds":3,"simplefarming:raspberries":6,"mores:topaz_gem":10,"tombstone:grave_dust":12,"minecraft:diorite":15,"minecraft:pink_terracotta":1,"mores:raw_tin":21,"bakery:rolling_pin":1,"minecraft:orange_bed":5,"farm_and_charm:lettuce_seeds":3,"minecraft:rotten_flesh":73,"croptopia:persimmon":5,"simplefarming:pepper_seeds":2,"bakery:cake_stand":1,"projectvibrantjourneys:cattail":71,"minecraft:obsidian":2,"minecraft:cobblestone":3102,"minecraft:magma_block":6,"minecraft:cooked_beef":1,"farmersdelight:rice":1,"born_in_chaos_v1:spiritual_dust":1,"minecraft:jungle_log":1,"bakery:cabinet":1,"vanillaplustools:diamond_hammer":1,"minecraft:potato":9,"minecraft:flint":2,"minecraft:tuff":10,"born_in_chaos_v1:black_argillite_button":2,"bakery:baker_station":4,"projectvibrantjourneys:oak_hollow_log":5,"minecraft:lapis_lazuli":19,"minecraft:dirt":3536,"minecraft:lantern":4,"spartanweaponry:iron_rapier":1,"born_in_chaos_v1:monster_skin":5,"farm_and_charm:tool_rack":2,"simplefarming:cucumber_seeds":2,"minecraft:bone":35,"croptopia:corn":1,"minecraft:wheat_seeds":96,"minecraft:raw_gold":5,"simplefarming:kenaf_seeds":3,"simplefarming:lettuce_seeds":3,"simplefarming:blueberry_bush":11,"simplefarming:tomato_seeds":1,"minecraft:mossy_stone_bricks":8,"croptopia:roe":1,"mores:turquoise_gem":36,"minecraft:oak_planks":30,"bakery:chocolate_glazed_cookie":2,"simplefarming:peanut_seeds":1,"simplefarming:corn_seeds":2,"simplefarming:banana":1,"bakery:bun":5,"vinery:taiga_grape_seeds_white":2,"croptopia:plum":8,"simplefarming:radish_seeds":3,"farm_and_charm:strawberry_seeds":2,"iter_rpg:spider_silk":2,"vinery:white_grape":5,"ecologics:coconut_husk":1,"minecraft:sand":141,"mores:raw_cobalt":20,"minecraft:dark_oak_log":2,"farm_and_charm:window_sill":4,"minecraft:barrel":3,"farm_and_charm:wild_nettle":11,"butcher:sulfur":2,"minecraft:bundle":1,"farm_and_charm:tomato_seeds":4,"farm_and_charm:wild_onions":1,"farm_and_charm:tomato":2,"minecraft:diamond":12,"born_in_chaos_v1:fire_dust":1,"minecraft:light_blue_terracotta":3,"bakery:brick_counter":4,"farm_and_charm:wild_ribwort":1,"autumnity:maple_sapling":6,"iter_rpg:abyssquartz_shard":8,"bakery:wall_cabinet":2,"farm_and_charm:oat_seeds":15,"bakery:tray":1,"minecraft:bread":23,"minecraft:netherrack":12,"minecraft:oak_sapling":7,"born_in_chaos_v1:rotten_fish":5,"mores:raw_silver":31,"simplefarming:cassava_seeds":3,"minecraft:bricks":54,"minecraft:crimson_roots":3,"minecraft:diamond_pickaxe":1,"vinery:savanna_grape_seeds_white":1,"minecraft:charcoal":24,"simplefarming:pea_seeds":1,"minecraft:crafting_table":2,"travelersbackpack:hay":1,"born_in_chaos_v1:seedof_chaos":2,"minecraft:clay_ball":170,"vinery:taiga_grapes_white":5,"simplefarming:yam":1,"iter_rpg:pearl":1,"minecraft:chain":2,"farm_and_charm:cooking_pot":1,"born_in_chaos_v1:black_argillite_column":2,"minecraft:moss_carpet":3,"minecraft:iron_axe":1,"projectvibrantjourneys:reeds":14,"born_in_chaos_v1:intoxicating_decoction":2,"minecraft:beef":11,"born_in_chaos_v1:gnawed_bones":1,"minecraft:poppy":5,"minecraft:spruce_slab":2,"crittersandcompanions:clam":2,"treasure2:onyx":2,"minecraft:egg":1,"minecraft:raw_iron":33,"croptopia:corn_seed":2,"ecologics:coconut_slice":2,"projectvibrantjourneys:bark_mushroom":1,"simplefarming:yam_seeds":3,"minecraft:spruce_fence":8,"farm_and_charm:wild_corn":1,"simplefarming:onion_seeds":2,"born_in_chaos_v1:pieceofdarkmetal":19,"simplefarming:eggplant_seeds":3,"croptopia:grape":1,"minecraft:stone_shovel":8,"minecraft:arrow":8,"minecraft:hay_block":1,"simplefarming:strawberries":32,"vinery:white_grape_seeds":4,"mores:stone_mace":1,"farm_and_charm:strawberry":39,"simplefarming:ginger_seeds":1,"tombstone:essence_of_undeath":1,"croptopia:salt":142,"minecraft:brick_stairs":12,"born_in_chaos_v1:trident_hayfork":1,"minecraft:mutton":3,"minecraft:white_wool":14,"minecraft:oxeye_daisy":2,"born_in_chaos_v1:fused_bone":2,"minecraft:stripped_oak_log":30,"born_in_chaos_v1:corpse_maggot":12,"simplefarming:soybean_seeds":2,"born_in_chaos_v1:monster_flesh":9,"minecraft:salmon":1,"minecraft:leather":4,"vinery:jungle_grape_seeds_red":2,"minecraft:red_mushroom":2,"simplefarming:rye_seeds":2,"minecraft:oak_log":42,"minecraft:lily_pad":55,"vinery:taiga_grapes_red":8,"minecraft:gunpowder":2,"simplefarming:broccoli_seeds":3,"farm_and_charm:wild_beetroots":1,"farm_and_charm:onion":4,"vinery:savanna_grapes_white":5,"farm_and_charm:oat":4,"tombstone:gift":1,"minecraft:apple":7,"minecraft:stone_bricks":177,"simplefarming:honeydew_seeds":2,"minecraft:iron_ingot":3,"minecraft:stone_pickaxe":3,"born_in_chaos_v1:chipped_black_argillite_brick":2,"tombstone:bag_of_seeds":2,"minecraft:iron_sword":1,"travelersbackpack:blank_upgrade":1,"projectvibrantjourneys:light_brown_bark_mushroom":2,"minecraft:black_candle":8,"farm_and_charm:lettuce":1,"minecraft:pumpkin":15,"vinery:taiga_grape_seeds_red":2,"croptopia:starfruit":3,"born_in_chaos_v1:ethereal_spirit":3,"minecraft:dandelion":10,"minecraft:gravel":21,"simplefarming:blueberries":45,"mores:ruby_gem":4,"mores:moissanite_gem":8,"minecraft:spruce_log":2,"simplefarming:squash_seeds":2,"simplefarming:raspberry_bush":4,"minecraft:spruce_door":4,"minecraft:spider_eye":3,"farm_and_charm:rotten_tomato":1,"minecraft:brick_slab":2,"spartanweaponry:iron_battle_hammer":1,"minecraft:diamond_shovel":1,"mores:sapphire_gem":10,"born_in_chaos_v1:black_argillite_brick_slab":4,"minecraft:slime_ball":1,"simplefarming:strawberry_bush":7,"mores:anthracite":26,"croptopia:orange":1,"minecraft:iron_helmet":1,"tombstone:magic_scroll":2,"argentinas_delight:cuernodetoro":1,"projectvibrantjourneys:orange_bark_mushroom":1,"bakery:baguette":6,"minecraft:coal":35,"bakery:drawer":14,"minecraft:sunflower":23},"minecraft:custom":{"minecraft:interact_with_crafting_table":36,"minecraft:open_barrel":49,"minecraft:bell_ring":1,"minecraft:leave_game":1,"minecraft:time_since_death":16701,"minecraft:sprint_one_cm":886043,"minecraft:drop":121,"minecraft:talked_to_villager":2,"minecraft:play_time":478697,"minecraft:deaths":37,"minecraft:interact_with_brewingstand":1,"minecraft:jump":8085,"minecraft:walk_on_water_one_cm":51485,"minecraft:interact_with_furnace":27,"minecraft:sleep_in_bed":3,"minecraft:damage_dealt":29062,"minecraft:crouch_one_cm":100291,"tombstone:undead_killed":80,"minecraft:interact_with_smoker":7,"minecraft:interact_with_smithing_table":1,"minecraft:mob_kills":157,"minecraft:damage_dealt_resisted":2937,"minecraft:climb_one_cm":1580,"minecraft:walk_one_cm":1269545,"minecraft:sneak_time":21358,"minecraft:walk_under_water_one_cm":108790,"minecraft:interact_with_blast_furnace":4,"minecraft:total_world_time":478697,"tombstone:raider_killed":2,"minecraft:time_since_rest":16433,"minecraft:damage_taken":13379,"minecraft:swim_one_cm":90876,"minecraft:fly_one_cm":1653546,"minecraft:open_chest":149,"minecraft:fall_one_cm":188283},"minecraft:used":{"bakery:linzer_tart":6,"minecraft:beetroot":6,"simplefarming:plum":8,"minecraft:iron_shovel":262,"minecraft:chest":4,"vinery:white_grape":1,"travelersbackpack:hay":3,"simplefarming:squash_seeds":2,"vinery:savanna_grapes_white":2,"simplefarming:yam_seeds":3,"simplefarming:blueberries":14,"vinery:taiga_grape_seeds_red":2,"simplefarming:raspberries":1,"simplefarming:kenaf_seeds":1,"minecraft:crimson_roots":1,"vinery:savanna_grapes_red":2,"simplefarming:honeydew_seeds":1,"minecraft:magma_block":2,"simplefarming:rye_seeds":2,"simplefarming:tomato_seeds":1,"minecraft:furnace":2,"croptopia:roe":1,"minecraft:egg":1,"minecraft:potato":7,"vinery:white_grape_seeds":2,"simplefarming:banana":1,"minecraft:stone_pickaxe":244,"minecraft:oak_planks":1,"bakery:sweet_dough":1,"minecraft:wooden_pickaxe":12,"simplefarming:blueberry_bush":11,"simplefarming:strawberries":8,"vanillaplustools:diamond_hammer":609,"simplefarming:cucumber_seeds":1,"bakery:drawer":9,"simplefarming:radish_seeds":1,"bakery:bread_knife":1,"born_in_chaos_v1:monster_flesh":1,"minecraft:bread":8,"farm_and_charm:strawberry_seeds":1,"simplefarming:spinach_seeds":1,"simplefarming:corn_seeds":1,"tombstone:grave_key":6,"vinery:savanna_grape_seeds_white":1,"bakery:toast":6,"ecologics:coconut_slice":2,"vinery:taiga_grapes_red":2,"minecraft:air":2,"vanillaplustools:diamond_shovel":36,"bakery:chocolate_glazed_cookie":2,"minecraft:stone_shovel":1320,"simplefarming:soybean_seeds":1,"simplefarming:cassava_seeds":2,"woodworks:oak_chest":4,"vanillaplustools:stone_hammer":262,"minecraft:wooden_shovel":181,"minecraft:stone_hoe":37,"minecraft:netherrack":11,"minecraft:orange_bed":1,"minecraft:torch":2,"minecraft:dirt":3347,"simplefarming:onion_seeds":1,"iter_rpg:stone_spear":70,"minecraft:iron_axe":175,"spartanweaponry:iron_rapier":29,"minecraft:barrel":3,"simplefarming:eggplant_seeds":1,"spartanweaponry:iron_battle_hammer":18,"ecologics:walnut":6,"tombstone:gift":9,"born_in_chaos_v1:black_argillite_brick_slab":4,"minecraft:cooked_beef":7,"minecraft:cobbled_deepslate":18,"vinery:red_grape":3,"born_in_chaos_v1:trident_hayfork":313,"minecraft:cooked_mutton":6,"minecraft:salmon":1,"farm_and_charm:strawberry":38,"minecraft:crafting_table":2,"vanillaplustools:stone_shovel":300,"tombstone:bag_of_seeds":3,"minecraft:diamond_pickaxe":72,"minecraft:apple":7,"minecraft:diamond_shovel":17,"simplefarming:strawberry_bush":7,"minecraft:sunflower":2,"minecraft:iron_pickaxe":252,"simplefarming:lettuce_seeds":1,"bakery:baguette":18,"mores:sterling_boots":1,"minecraft:stone_axe":101,"bakery:bun":6,"vinery:savanna_grape_seeds_red":2,"minecraft:cobblestone":34,"simplefarming:raspberry_bush":1,"minecraft:dandelion":4,"vinery:red_grape_seeds":2,"vinery:taiga_grape_seeds_white":2},"minecraft:broken":{"spartanweaponry:iron_rapier":1,"spartanweaponry:iron_battle_hammer":1,"minecraft:iron_shovel":1,"minecraft:iron_leggings":1,"minecraft:stone_axe":1,"minecraft:stone_shovel":8,"vanillaplustools:stone_hammer":2,"minecraft:iron_pickaxe":1,"minecraft:iron_helmet":1,"born_in_chaos_v1:trident_hayfork":1,"vanillaplustools:stone_shovel":2},"minecraft:killed":{"born_in_chaos_v1:zombie_clown":2,"naturalist:rattlesnake":1,"minecraft:cave_spider":1,"born_in_chaos_v1:mr_pumpkin":1,"minecraft:witch":1,"born_in_chaos_v1:zombie_lumberjack":2,"born_in_chaos_v1:restless_spirit":4,"born_in_chaos_v1:skeleton_demoman":2,"born_in_chaos_v1:pumpkin_spirit":1,"minecraft:spider":9,"born_in_chaos_v1:siamese_skeletonsright":1,"born_in_chaos_v1:baby_skeleton_minion":4,"naturalist:snail":2,"minecraft:skeleton":4,"born_in_chaos_v1:skeleton_thrasher":1,"ecologics:coconut_crab":1,"born_in_chaos_v1:firelight_not_despawn":2,"born_in_chaos_v1:bonescaller":1,"born_in_chaos_v1:diamond_termite":2,"minecraft:salmon":1,"minecraft:sheep":2,"born_in_chaos_v1:zombie_fisherman":2,"minecraft:pillager":1,"minecraft:zombie":35,"born_in_chaos_v1:dread_hound":12,"born_in_chaos_v1:corpse_fly":2,"iter_rpg:bloated":1,"born_in_chaos_v1:door_knight":3,"born_in_chaos_v1:siamese_skeletonsleft":1,"minecraft:cow":5,"quark:toretoise":1,"born_in_chaos_v1:zombie_bruiser":2,"born_in_chaos_v1:maggot":14,"crittersandcompanions:otter":1,"minecraft:drowned":1,"born_in_chaos_v1:corpse_fish":4,"born_in_chaos_v1:barrel_zombie":2,"born_in_chaos_v1:fallen_chaos_knight":1,"born_in_chaos_v1:baby_skeleton":6,"born_in_chaos_v1:spirit_guide_assistant":1,"minecraft:bat":1,"born_in_chaos_v1:decrepit_skeleton":7,"born_in_chaos_v1:bloody_gadfly":2,"born_in_chaos_v1:decaying_zombie":1,"iter_rpg:giant_spider":1,"iter_rpg:scallop":1}},"DataVersion":3465}