{"stats":{"minecraft:mined":{"projectvibrantjourneys:rocks":1,"croptopia:persimmon_crop":5,"minecraft:grass_block":748,"minecraft:tall_seagrass":8,"projectvibrantjourneys:reeds":15,"minecraft:furnace":1,"minecraft:iron_ore":1,"croptopia:corn_crop":1,"minecraft:pumpkin":14,"minecraft:dirt_path":4,"farm_and_charm:wild_strawberries":9,"minecraft:stone":425,"simplefarming:blueberry_bush":4,"minecraft:orange_bed":1,"projectvibrantjourneys:cattail":39,"farm_and_charm:wild_beetroots":4,"minecraft:crafting_table":1,"projectvibrantjourneys:twigs":3,"vinery:red_grape_bush":4,"minecraft:cobblestone":1,"minecraft:lapis_ore":2,"minecraft:lily_pad":36,"minecraft:seagrass":2,"untamedwilds:block_burrow":2,"minecraft:birch_leaves":1,"minecraft:grass":44,"minecraft:coal_ore":3,"minecraft:oak_log":19,"projectvibrantjourneys:short_grass":44,"minecraft:sunflower":3,"minecraft:gravel":13,"minecraft:sand":12,"minecraft:dirt":654,"projectvibrantjourneys:oak_hollow_log":5,"minecraft:oak_leaves":3},"minecraft:broken":{"minecraft:iron_shovel":1,"minecraft:iron_pickaxe":1,"minecraft:stone_shovel":8},"minecraft:dropped":{"crittersandcompanions:clam":1,"simplefarming:soybean_seeds":1,"minecraft:sunflower":2,"minecraft:sand":8,"minecraft:string":2,"projectvibrantjourneys:reeds":1,"minecraft:dandelion":1,"croptopia:corn_seed":1,"born_in_chaos_v1:corpse_maggot":4},"minecraft:custom":{"minecraft:mob_kills":25,"minecraft:interact_with_crafting_table":17,"minecraft:open_barrel":2,"minecraft:time_since_death":19580,"minecraft:climb_one_cm":220,"minecraft:sprint_one_cm":225832,"minecraft:walk_one_cm":405818,"minecraft:drop":11,"minecraft:play_time":124621,"minecraft:sneak_time":5520,"minecraft:deaths":4,"minecraft:walk_under_water_one_cm":24545,"minecraft:jump":1709,"minecraft:interact_with_blast_furnace":4,"minecraft:walk_on_water_one_cm":13222,"minecraft:total_world_time":124621,"minecraft:interact_with_furnace":18,"minecraft:sleep_in_bed":1,"minecraft:time_since_rest":948,"minecraft:damage_taken":2153,"minecraft:damage_dealt":3704,"minecraft:swim_one_cm":33051,"minecraft:fly_one_cm":430143,"minecraft:open_chest":34,"minecraft:crouch_one_cm":33232,"tombstone:undead_killed":12,"minecraft:interact_with_smoker":6,"minecraft:fall_one_cm":45932},"minecraft:picked_up":{"minecraft:crafting_table":1,"minecraft:wheat":1,"iter_rpg:pearl":1,"vinery:red_grape_seeds":2,"minecraft:enchanted_book":1,"minecraft:string":2,"minecraft:moss_carpet":3,"projectvibrantjourneys:reeds":14,"minecraft:beetroot":14,"crittersandcompanions:clam":2,"simplefarming:spinach_seeds":1,"minecraft:furnace":1,"minecraft:egg":1,"minecraft:raw_iron":4,"minecraft:stick":7,"croptopia:corn_seed":2,"simplefarming:yam_seeds":1,"minecraft:orange_bed":1,"coinsje:gold_coin":1,"minecraft:rotten_flesh":13,"minecraft:arrow":2,"croptopia:persimmon":5,"simplefarming:pepper_seeds":1,"simplefarming:strawberries":3,"farm_and_charm:strawberry":26,"projectvibrantjourneys:cattail":40,"tombstone:essence_of_undeath":1,"minecraft:mutton":3,"minecraft:white_wool":2,"minecraft:cobblestone":425,"born_in_chaos_v1:corpse_maggot":4,"simplefarming:soybean_seeds":1,"minecraft:red_mushroom":2,"minecraft:flint":1,"simplefarming:rye_seeds":2,"minecraft:oak_log":17,"minecraft:lily_pad":33,"projectvibrantjourneys:oak_hollow_log":5,"minecraft:lapis_lazuli":12,"minecraft:dirt":1440,"tombstone:gift":1,"simplefarming:cucumber_seeds":1,"minecraft:bone":5,"croptopia:corn":1,"minecraft:apple":7,"minecraft:wheat_seeds":45,"simplefarming:blueberry_bush":4,"projectvibrantjourneys:light_brown_bark_mushroom":1,"simplefarming:corn_seeds":1,"minecraft:pumpkin":13,"croptopia:starfruit":3,"farm_and_charm:strawberry_seeds":1,"minecraft:dandelion":1,"minecraft:gravel":11,"simplefarming:blueberries":4,"minecraft:sand":12,"simplefarming:squash_seeds":2,"minecraft:dark_oak_log":2,"minecraft:bundle":1,"alexsmobs:maggot":2,"projectvibrantjourneys:orange_bark_mushroom":1,"minecraft:oak_sapling":6,"simplefarming:cassava_seeds":1,"minecraft:coal":12,"minecraft:sunflower":4},"minecraft:used":{"minecraft:iron_shovel":262,"minecraft:stone_shovel":1239,"woodworks:oak_chest":2,"minecraft:chest":4,"minecraft:orange_bed":1,"minecraft:dirt":995,"simplefarming:blueberries":3,"iter_rpg:stone_spear":39,"minecraft:furnace":1,"tombstone:gift":4,"minecraft:egg":1,"minecraft:cooked_mutton":6,"minecraft:stone_pickaxe":173,"minecraft:wooden_pickaxe":12,"simplefarming:strawberries":1,"farm_and_charm:strawberry":26,"minecraft:crafting_table":2,"minecraft:apple":7,"minecraft:iron_pickaxe":250,"minecraft:stone_axe":78,"minecraft:cobblestone":1},"minecraft:killed":{"alexsmobs:hummingbird":1,"born_in_chaos_v1:zombie_lumberjack":1,"minecraft:spider":1,"born_in_chaos_v1:maggot":4,"naturalist:snail":1,"minecraft:skeleton":1,"minecraft:drowned":1,"born_in_chaos_v1:barrel_zombie":1,"born_in_chaos_v1:decrepit_skeleton":2,"minecraft:sheep":2,"born_in_chaos_v1:bloody_gadfly":1,"minecraft:zombie":5,"alexsmobs:terrapin":1,"iter_rpg:bloated":1,"alexsmobs:fly":1,"iter_rpg:scallop":1},"minecraft:crafted":{"minecraft:oak_planks":46,"minecraft:stone_shovel":10,"minecraft:furnace":1,"minecraft:cooked_mutton":6,"minecraft:stone_pickaxe":3,"minecraft:chest":4,"minecraft:crafting_table":1,"minecraft:wooden_pickaxe":1,"minecraft:stone_axe":1,"iter_rpg:stone_spear":1,"minecraft:air":0,"woodworks:oak_chest":2,"minecraft:stick":32,"minecraft:iron_ingot":4,"minecraft:iron_pickaxe":1,"minecraft:iron_shovel":1}},"DataVersion":3465}