{"stats":{"minecraft:picked_up":{"minecraft:crafting_table":1,"minecraft:wheat":1,"iter_rpg:pearl":1,"vinery:red_grape_seeds":2,"minecraft:enchanted_book":1,"minecraft:chain":1,"farm_and_charm:fertilized_soil":3,"minecraft:string":4,"minecraft:moss_carpet":3,"projectvibrantjourneys:reeds":14,"simplefarming:plum":1,"bakery:linzer_tart":5,"minecraft:beetroot":14,"minecraft:beef":5,"minecraft:poppy":1,"crittersandcompanions:clam":2,"minecraft:egg":1,"simplefarming:spinach_seeds":2,"minecraft:furnace":1,"minecraft:stick":8,"minecraft:raw_iron":4,"farm_and_charm:oat_ball":5,"croptopia:corn_seed":2,"simplefarming:yam_seeds":1,"bakery:toast":1,"simplefarming:onion_seeds":2,"tombstone:grave_dust":2,"simplefarming:eggplant_seeds":2,"minecraft:orange_bed":1,"minecraft:rotten_flesh":16,"minecraft:arrow":2,"croptopia:persimmon":5,"simplefarming:pepper_seeds":2,"simplefarming:strawberries":3,"farm_and_charm:strawberry":26,"simplefarming:ginger_seeds":1,"projectvibrantjourneys:cattail":42,"tombstone:essence_of_undeath":1,"born_in_chaos_v1:trident_hayfork":1,"minecraft:mutton":3,"minecraft:white_wool":2,"minecraft:cobblestone":1199,"born_in_chaos_v1:fused_bone":2,"born_in_chaos_v1:corpse_maggot":5,"minecraft:cooked_beef":1,"simplefarming:soybean_seeds":2,"minecraft:red_mushroom":2,"minecraft:flint":1,"simplefarming:rye_seeds":2,"minecraft:oak_log":33,"minecraft:lily_pad":33,"projectvibrantjourneys:oak_hollow_log":5,"simplefarming:broccoli_seeds":1,"minecraft:lapis_lazuli":12,"minecraft:dirt":3162,"tombstone:gift":1,"spartanweaponry:iron_rapier":1,"simplefarming:cucumber_seeds":1,"minecraft:bone":6,"croptopia:corn":1,"minecraft:apple":7,"simplefarming:kenaf_seeds":1,"minecraft:wheat_seeds":64,"simplefarming:lettuce_seeds":1,"simplefarming:honeydew_seeds":2,"minecraft:stone_pickaxe":3,"simplefarming:tomato_seeds":1,"simplefarming:blueberry_bush":4,"projectvibrantjourneys:light_brown_bark_mushroom":1,"simplefarming:corn_seeds":1,"minecraft:pumpkin":13,"simplefarming:radish_seeds":2,"croptopia:starfruit":3,"farm_and_charm:strawberry_seeds":1,"minecraft:dandelion":5,"minecraft:gravel":11,"simplefarming:blueberries":4,"minecraft:sand":12,"simplefarming:squash_seeds":2,"minecraft:spider_eye":1,"minecraft:dark_oak_log":2,"farm_and_charm:wild_nettle":6,"minecraft:bundle":1,"projectvibrantjourneys:orange_bark_mushroom":1,"minecraft:oak_sapling":6,"simplefarming:cassava_seeds":2,"minecraft:coal":12,"minecraft:sunflower":10},"minecraft:broken":{"minecraft:iron_shovel":1,"minecraft:stone_axe":1,"minecraft:iron_pickaxe":1,"vanillaplustools:stone_shovel":2,"minecraft:stone_shovel":8},"minecraft:dropped":{"minecraft:cooked_beef":1,"crittersandcompanions:clam":1,"simplefarming:soybean_seeds":1,"farm_and_charm:wild_nettle":4,"minecraft:sunflower":4,"minecraft:sand":8,"minecraft:string":2,"projectvibrantjourneys:reeds":1,"minecraft:dandelion":1,"simplefarming:onion_seeds":1,"croptopia:corn_seed":1,"simplefarming:honeydew_seeds":1,"born_in_chaos_v1:corpse_maggot":4,"minecraft:stone_pickaxe":3,"projectvibrantjourneys:cattail":2},"minecraft:mined":{"farm_and_charm:wild_nettle":4,"projectvibrantjourneys:rocks":1,"croptopia:persimmon_crop":5,"minecraft:grass_block":1349,"simplefarming:plum_leaves":1,"minecraft:tall_seagrass":8,"farm_and_charm:oat_ball":5,"projectvibrantjourneys:reeds":15,"minecraft:furnace":1,"minecraft:iron_ore":1,"croptopia:corn_crop":1,"minecraft:pumpkin":14,"minecraft:dirt_path":4,"farm_and_charm:wild_strawberries":9,"minecraft:stone":1254,"simplefarming:blueberry_bush":4,"minecraft:orange_bed":1,"projectvibrantjourneys:cattail":41,"minecraft:dandelion":3,"farm_and_charm:wild_beetroots":4,"minecraft:crafting_table":1,"projectvibrantjourneys:twigs":3,"vinery:red_grape_bush":4,"minecraft:tall_grass":18,"minecraft:cobblestone":3,"minecraft:lapis_ore":2,"minecraft:lily_pad":36,"minecraft:seagrass":2,"farm_and_charm:fertilized_soil":3,"minecraft:birch_leaves":1,"minecraft:grass":87,"minecraft:oak_log":38,"minecraft:coal_ore":3,"projectvibrantjourneys:short_grass":56,"minecraft:sunflower":8,"minecraft:gravel":13,"minecraft:sand":12,"minecraft:dirt":1818,"minecraft:oak_leaves":12,"projectvibrantjourneys:oak_hollow_log":5},"minecraft:crafted":{"minecraft:oak_planks":110,"minecraft:stone_shovel":35,"vanillaplustools:stone_hammer":2,"minecraft:furnace":1,"minecraft:cooked_mutton":6,"minecraft:stone_pickaxe":20,"minecraft:chest":4,"vanillaplustools:stone_shovel":3,"minecraft:cooked_beef":5,"minecraft:crafting_table":1,"minecraft:wooden_pickaxe":1,"minecraft:stone_axe":1,"iter_rpg:stone_spear":1,"minecraft:air":0,"woodworks:oak_chest":2,"minecraft:stick":160,"minecraft:iron_ingot":4,"minecraft:iron_pickaxe":1,"minecraft:iron_shovel":1},"minecraft:custom":{"minecraft:mob_kills":38,"minecraft:interact_with_crafting_table":28,"minecraft:open_barrel":4,"minecraft:damage_dealt_resisted":281,"minecraft:time_since_death":9712,"minecraft:climb_one_cm":220,"minecraft:sprint_one_cm":350134,"minecraft:walk_one_cm":599667,"minecraft:drop":22,"minecraft:play_time":205169,"minecraft:deaths":10,"minecraft:sneak_time":6967,"minecraft:walk_under_water_one_cm":29288,"minecraft:jump":2746,"minecraft:interact_with_blast_furnace":4,"minecraft:walk_on_water_one_cm":16146,"minecraft:total_world_time":205169,"minecraft:interact_with_furnace":20,"tombstone:raider_killed":1,"minecraft:sleep_in_bed":2,"minecraft:time_since_rest":8117,"minecraft:damage_taken":3566,"minecraft:damage_dealt":6491,"minecraft:swim_one_cm":35100,"minecraft:fly_one_cm":639005,"minecraft:open_chest":60,"minecraft:crouch_one_cm":41827,"tombstone:undead_killed":18,"minecraft:interact_with_smoker":6,"minecraft:fall_one_cm":69775},"minecraft:killed":{"minecraft:witch":1,"born_in_chaos_v1:restless_spirit":1,"born_in_chaos_v1:zombie_lumberjack":1,"minecraft:spider":2,"born_in_chaos_v1:siamese_skeletonsright":1,"born_in_chaos_v1:maggot":6,"naturalist:snail":1,"minecraft:skeleton":1,"minecraft:drowned":1,"born_in_chaos_v1:barrel_zombie":1,"born_in_chaos_v1:baby_skeleton":1,"born_in_chaos_v1:decrepit_skeleton":2,"minecraft:sheep":2,"born_in_chaos_v1:bloody_gadfly":1,"minecraft:zombie":7,"iter_rpg:bloated":1,"iter_rpg:scallop":1,"born_in_chaos_v1:door_knight":1,"born_in_chaos_v1:siamese_skeletonsleft":1,"minecraft:cow":2},"minecraft:used":{"bakery:linzer_tart":5,"minecraft:iron_shovel":262,"minecraft:stone_shovel":1320,"woodworks:oak_chest":2,"minecraft:chest":4,"vanillaplustools:stone_hammer":107,"minecraft:orange_bed":1,"minecraft:dirt":1183,"simplefarming:blueberries":3,"iter_rpg:stone_spear":70,"minecraft:furnace":2,"tombstone:gift":5,"minecraft:egg":1,"minecraft:cooked_beef":1,"born_in_chaos_v1:trident_hayfork":27,"minecraft:cooked_mutton":6,"minecraft:stone_pickaxe":185,"minecraft:wooden_pickaxe":12,"simplefarming:strawberries":3,"farm_and_charm:strawberry":26,"minecraft:crafting_table":2,"vanillaplustools:stone_shovel":297,"minecraft:apple":7,"minecraft:sunflower":1,"minecraft:iron_pickaxe":250,"tombstone:grave_key":1,"bakery:toast":1,"minecraft:stone_axe":101,"minecraft:cobblestone":3,"minecraft:dandelion":4}},"DataVersion":3465}