{"stats":{"minecraft:picked_up":{"minecraft:crafting_table":1,"minecraft:wheat":1,"croptopia:grape_seed":1,"minecraft:clay_ball":62,"simplefarming:yam":1,"iter_rpg:pearl":1,"vinery:red_grape_seeds":2,"minecraft:enchanted_book":1,"minecraft:chain":1,"farm_and_charm:fertilized_soil":3,"minecraft:string":6,"minecraft:moss_carpet":3,"minecraft:raw_copper":20,"projectvibrantjourneys:reeds":14,"simplefarming:plum":9,"bakery:linzer_tart":6,"minecraft:beetroot":14,"minecraft:beef":5,"minecraft:wooden_shovel":1,"minecraft:poppy":1,"crittersandcompanions:clam":2,"minecraft:egg":1,"simplefarming:spinach_seeds":2,"minecraft:furnace":1,"minecraft:stick":10,"minecraft:raw_iron":4,"farm_and_charm:oat_ball":5,"croptopia:corn_seed":2,"ecologics:coconut_slice":2,"projectvibrantjourneys:bark_mushroom":1,"simplefarming:yam_seeds":3,"bakery:toast":1,"simplefarming:raspberries":1,"simplefarming:onion_seeds":2,"tombstone:grave_dust":3,"minecraft:diorite":1,"simplefarming:eggplant_seeds":2,"croptopia:grape":1,"mores:raw_tin":9,"minecraft:orange_bed":1,"minecraft:rotten_flesh":19,"minecraft:arrow":2,"croptopia:persimmon":5,"simplefarming:pepper_seeds":2,"simplefarming:strawberries":10,"farm_and_charm:strawberry":38,"simplefarming:ginger_seeds":1,"projectvibrantjourneys:cattail":43,"tombstone:essence_of_undeath":1,"born_in_chaos_v1:trident_hayfork":1,"minecraft:mutton":3,"minecraft:white_wool":2,"minecraft:cobblestone":2181,"born_in_chaos_v1:fused_bone":2,"born_in_chaos_v1:corpse_maggot":10,"minecraft:cooked_beef":1,"simplefarming:soybean_seeds":2,"born_in_chaos_v1:monster_flesh":1,"minecraft:salmon":1,"minecraft:red_mushroom":2,"minecraft:potato":7,"minecraft:flint":1,"simplefarming:rye_seeds":2,"minecraft:oak_log":33,"minecraft:lily_pad":48,"projectvibrantjourneys:oak_hollow_log":5,"simplefarming:broccoli_seeds":1,"minecraft:lapis_lazuli":12,"minecraft:dirt":3224,"tombstone:gift":1,"spartanweaponry:iron_rapier":1,"born_in_chaos_v1:monster_skin":1,"simplefarming:cucumber_seeds":1,"minecraft:bone":7,"croptopia:corn":1,"minecraft:apple":7,"simplefarming:kenaf_seeds":1,"minecraft:wheat_seeds":66,"simplefarming:lettuce_seeds":1,"simplefarming:honeydew_seeds":2,"minecraft:stone_pickaxe":3,"simplefarming:tomato_seeds":1,"simplefarming:blueberry_bush":11,"croptopia:roe":1,"projectvibrantjourneys:light_brown_bark_mushroom":2,"simplefarming:peanut_seeds":1,"simplefarming:corn_seeds":1,"minecraft:pumpkin":13,"simplefarming:radish_seeds":2,"croptopia:starfruit":3,"farm_and_charm:strawberry_seeds":1,"born_in_chaos_v1:ethereal_spirit":1,"minecraft:dandelion":5,"minecraft:gravel":11,"simplefarming:blueberries":11,"ecologics:coconut_husk":1,"minecraft:sand":13,"minecraft:spruce_log":2,"simplefarming:squash_seeds":2,"simplefarming:raspberry_bush":1,"minecraft:spider_eye":2,"minecraft:dark_oak_log":2,"farm_and_charm:wild_nettle":6,"minecraft:bundle":1,"simplefarming:strawberry_bush":7,"croptopia:orange":1,"born_in_chaos_v1:rotten_fish":5,"mores:raw_silver":2,"projectvibrantjourneys:orange_bark_mushroom":1,"minecraft:oak_sapling":6,"simplefarming:cassava_seeds":2,"minecraft:coal":12,"minecraft:sunflower":16},"minecraft:dropped":{"minecraft:cooked_beef":1,"crittersandcompanions:clam":1,"minecraft:stick":2,"ecologics:walnut_planks":10,"simplefarming:soybean_seeds":1,"farm_and_charm:wild_nettle":4,"minecraft:sunflower":6,"minecraft:sand":8,"minecraft:string":2,"projectvibrantjourneys:bark_mushroom":1,"projectvibrantjourneys:reeds":1,"minecraft:dandelion":1,"minecraft:bone":1,"simplefarming:onion_seeds":1,"croptopia:corn_seed":1,"simplefarming:honeydew_seeds":1,"born_in_chaos_v1:corpse_maggot":4,"ecologics:coconut_husk":1,"minecraft:spruce_log":2,"minecraft:stone_pickaxe":3,"projectvibrantjourneys:cattail":3},"minecraft:broken":{"spartanweaponry:iron_rapier":1,"minecraft:iron_shovel":1,"vanillaplustools:stone_hammer":1,"minecraft:stone_axe":1,"minecraft:iron_pickaxe":1,"vanillaplustools:stone_shovel":2,"minecraft:stone_shovel":8},"minecraft:mined":{"simplefarming:raspberry_bush":1,"farm_and_charm:wild_nettle":4,"croptopia:grape_crop":1,"projectvibrantjourneys:rocks":1,"croptopia:persimmon_crop":5,"minecraft:grass_block":1359,"simplefarming:plum_leaves":1,"minecraft:tall_seagrass":12,"farm_and_charm:oat_ball":5,"projectvibrantjourneys:reeds":16,"minecraft:furnace":1,"minecraft:iron_ore":1,"croptopia:corn_crop":1,"projectvibrantjourneys:bark_mushroom":1,"minecraft:pumpkin":14,"minecraft:dirt_path":4,"simplefarming:strawberry_bush":7,"simplefarming:fruit_log":3,"farm_and_charm:wild_strawberries":13,"projectvibrantjourneys:seashells":1,"minecraft:stone":2219,"simplefarming:blueberry_bush":11,"minecraft:orange_bed":1,"projectvibrantjourneys:cattail":42,"minecraft:dandelion":3,"farm_and_charm:wild_beetroots":4,"minecraft:clay":16,"minecraft:crafting_table":1,"projectvibrantjourneys:twigs":5,"vinery:red_grape_bush":4,"projectvibrantjourneys:natural_cobweb":1,"minecraft:copper_ore":5,"minecraft:tall_grass":19,"minecraft:cobblestone":6,"minecraft:lapis_ore":2,"minecraft:lily_pad":50,"projectvibrantjourneys:fallen_leaves":1,"minecraft:diorite":1,"mores:tin_ore":2,"minecraft:seagrass":4,"projectvibrantjourneys:light_brown_bark_mushroom":1,"farm_and_charm:fertilized_soil":3,"bakery:linzer_tart":1,"minecraft:birch_leaves":1,"minecraft:grass":95,"minecraft:oak_log":38,"minecraft:coal_ore":3,"projectvibrantjourneys:short_grass":61,"minecraft:sunflower":13,"minecraft:gravel":13,"minecraft:sand":14,"minecraft:dirt":1862,"mores:silver_ore":2,"minecraft:oak_leaves":18,"projectvibrantjourneys:oak_hollow_log":5},"minecraft:crafted":{"minecraft:oak_planks":110,"minecraft:stone_shovel":35,"vanillaplustools:stone_hammer":2,"ecologics:walnut_planks":12,"minecraft:furnace":1,"minecraft:cooked_mutton":6,"minecraft:stone_pickaxe":20,"minecraft:chest":4,"vanillaplustools:stone_shovel":3,"minecraft:stone_hoe":1,"minecraft:cooked_beef":5,"minecraft:crafting_table":1,"minecraft:wooden_pickaxe":1,"minecraft:stone_axe":1,"iter_rpg:stone_spear":1,"minecraft:air":0,"woodworks:oak_chest":2,"minecraft:stick":164,"minecraft:iron_ingot":4,"minecraft:iron_pickaxe":1,"minecraft:iron_shovel":1},"minecraft:custom":{"minecraft:mob_kills":57,"minecraft:interact_with_crafting_table":30,"minecraft:open_barrel":4,"minecraft:damage_dealt_resisted":309,"minecraft:time_since_death":35017,"minecraft:climb_one_cm":543,"minecraft:sprint_one_cm":515898,"minecraft:walk_one_cm":762962,"minecraft:drop":30,"minecraft:play_time":271169,"minecraft:deaths":15,"minecraft:sneak_time":13636,"minecraft:walk_under_water_one_cm":80266,"minecraft:jump":4293,"minecraft:interact_with_blast_furnace":4,"minecraft:walk_on_water_one_cm":33285,"minecraft:total_world_time":271169,"minecraft:interact_with_furnace":20,"tombstone:raider_killed":1,"minecraft:sleep_in_bed":2,"minecraft:time_since_rest":34785,"minecraft:damage_taken":5388,"minecraft:damage_dealt":9995,"minecraft:swim_one_cm":55630,"minecraft:fly_one_cm":1016421,"minecraft:open_chest":75,"minecraft:crouch_one_cm":75146,"tombstone:undead_killed":21,"minecraft:interact_with_smoker":7,"minecraft:fall_one_cm":98460},"minecraft:killed":{"minecraft:witch":1,"born_in_chaos_v1:restless_spirit":2,"born_in_chaos_v1:zombie_lumberjack":1,"minecraft:spider":4,"born_in_chaos_v1:siamese_skeletonsright":1,"born_in_chaos_v1:maggot":7,"naturalist:snail":1,"minecraft:skeleton":1,"ecologics:coconut_crab":1,"born_in_chaos_v1:corpse_fish":4,"crittersandcompanions:otter":1,"minecraft:drowned":1,"born_in_chaos_v1:barrel_zombie":2,"born_in_chaos_v1:baby_skeleton":1,"minecraft:salmon":1,"born_in_chaos_v1:decrepit_skeleton":2,"minecraft:sheep":2,"born_in_chaos_v1:bloody_gadfly":2,"minecraft:zombie":9,"born_in_chaos_v1:dread_hound":1,"born_in_chaos_v1:corpse_fly":2,"iter_rpg:bloated":1,"iter_rpg:scallop":1,"born_in_chaos_v1:door_knight":1,"born_in_chaos_v1:siamese_skeletonsleft":1,"minecraft:cow":2},"minecraft:used":{"bakery:linzer_tart":6,"minecraft:beetroot":6,"simplefarming:plum":2,"minecraft:iron_shovel":262,"simplefarming:soybean_seeds":1,"minecraft:stone_shovel":1320,"simplefarming:cassava_seeds":2,"woodworks:oak_chest":2,"minecraft:chest":4,"vanillaplustools:stone_hammer":235,"minecraft:stone_hoe":37,"minecraft:wooden_shovel":40,"minecraft:orange_bed":1,"minecraft:dirt":2199,"simplefarming:squash_seeds":2,"simplefarming:yam_seeds":3,"simplefarming:blueberries":3,"simplefarming:onion_seeds":1,"simplefarming:kenaf_seeds":1,"iter_rpg:stone_spear":70,"spartanweaponry:iron_rapier":29,"simplefarming:honeydew_seeds":1,"simplefarming:rye_seeds":2,"simplefarming:eggplant_seeds":1,"simplefarming:tomato_seeds":1,"minecraft:furnace":2,"croptopia:roe":1,"tombstone:gift":5,"minecraft:egg":1,"minecraft:potato":7,"minecraft:cooked_beef":5,"born_in_chaos_v1:trident_hayfork":68,"minecraft:cooked_mutton":6,"minecraft:stone_pickaxe":213,"minecraft:wooden_pickaxe":12,"minecraft:salmon":1,"simplefarming:strawberries":3,"simplefarming:cucumber_seeds":1,"farm_and_charm:strawberry":38,"minecraft:crafting_table":2,"vanillaplustools:stone_shovel":300,"simplefarming:radish_seeds":1,"minecraft:apple":7,"minecraft:sunflower":1,"born_in_chaos_v1:monster_flesh":1,"minecraft:iron_pickaxe":250,"farm_and_charm:strawberry_seeds":1,"simplefarming:spinach_seeds":1,"simplefarming:lettuce_seeds":1,"simplefarming:corn_seeds":1,"tombstone:grave_key":3,"bakery:toast":1,"minecraft:stone_axe":101,"ecologics:coconut_slice":2,"minecraft:cobblestone":8,"minecraft:dandelion":4}},"DataVersion":3465}