{"stats":{"minecraft:broken":{"minecraft:stone_shovel":1},"minecraft:dropped":{"crittersandcompanions:clam":1,"minecraft:sunflower":2,"projectvibrantjourneys:reeds":1},"minecraft:custom":{"minecraft:interact_with_furnace":5,"minecraft:mob_kills":6,"minecraft:interact_with_crafting_table":6,"minecraft:time_since_death":15825,"minecraft:time_since_rest":15599,"minecraft:sprint_one_cm":47048,"minecraft:damage_taken":348,"minecraft:walk_one_cm":48751,"minecraft:drop":4,"minecraft:damage_dealt":1093,"minecraft:swim_one_cm":27042,"minecraft:fly_one_cm":117309,"minecraft:open_chest":7,"minecraft:crouch_one_cm":2329,"minecraft:play_time":22621,"tombstone:undead_killed":4,"minecraft:deaths":1,"minecraft:sneak_time":960,"minecraft:walk_under_water_one_cm":5974,"minecraft:jump":414,"minecraft:walk_on_water_one_cm":4853,"minecraft:total_world_time":22621,"minecraft:fall_one_cm":17028},"minecraft:mined":{"projectvibrantjourneys:cattail":2,"farm_and_charm:wild_beetroots":3,"minecraft:crafting_table":1,"croptopia:persimmon_crop":5,"projectvibrantjourneys:twigs":2,"minecraft:grass_block":117,"minecraft:lily_pad":7,"minecraft:tall_seagrass":3,"projectvibrantjourneys:reeds":1,"minecraft:iron_ore":1,"croptopia:corn_crop":1,"minecraft:birch_leaves":1,"minecraft:grass":5,"minecraft:oak_log":4,"minecraft:coal_ore":2,"projectvibrantjourneys:short_grass":7,"minecraft:gravel":7,"minecraft:sunflower":3,"minecraft:dirt":10,"farm_and_charm:wild_strawberries":9,"minecraft:stone":37,"minecraft:oak_leaves":3,"projectvibrantjourneys:oak_hollow_log":5},"minecraft:picked_up":{"minecraft:crafting_table":1,"minecraft:red_mushroom":2,"minecraft:oak_log":4,"minecraft:lily_pad":7,"projectvibrantjourneys:oak_hollow_log":5,"minecraft:dirt":136,"minecraft:moss_carpet":3,"projectvibrantjourneys:reeds":1,"croptopia:corn":1,"minecraft:beetroot":13,"minecraft:apple":7,"minecraft:wheat_seeds":12,"crittersandcompanions:clam":2,"simplefarming:spinach_seeds":1,"projectvibrantjourneys:light_brown_bark_mushroom":1,"minecraft:stick":3,"minecraft:raw_iron":4,"simplefarming:corn_seeds":1,"croptopia:corn_seed":1,"croptopia:starfruit":3,"farm_and_charm:strawberry_seeds":1,"minecraft:gravel":7,"minecraft:dark_oak_log":2,"minecraft:rotten_flesh":3,"croptopia:persimmon":5,"simplefarming:strawberries":3,"farm_and_charm:strawberry":26,"projectvibrantjourneys:cattail":2,"projectvibrantjourneys:orange_bark_mushroom":1,"minecraft:oak_sapling":3,"minecraft:coal":6,"minecraft:cobblestone":36,"minecraft:sunflower":4},"minecraft:used":{"minecraft:stone_shovel":141,"minecraft:stone_pickaxe":28,"woodworks:oak_chest":1,"minecraft:wooden_pickaxe":12,"simplefarming:strawberries":1,"minecraft:dirt":6,"minecraft:crafting_table":2,"minecraft:apple":4,"minecraft:stone_axe":25,"minecraft:furnace":1},"minecraft:killed":{"alexsmobs:hummingbird":1,"born_in_chaos_v1:zombie_lumberjack":1,"born_in_chaos_v1:decrepit_skeleton":1,"naturalist:snail":1,"minecraft:zombie":1,"minecraft:drowned":1},"minecraft:crafted":{"minecraft:oak_planks":26,"minecraft:stone_shovel":1,"minecraft:crafting_table":1,"minecraft:wooden_pickaxe":1,"minecraft:furnace":1,"minecraft:stone_axe":1,"woodworks:oak_chest":1,"minecraft:stick":8,"minecraft:stone_pickaxe":1}},"DataVersion":3465}