{"stats":{"minecraft:broken":{"minecraft:iron_shovel":1,"minecraft:stone_shovel":6},"minecraft:dropped":{"crittersandcompanions:clam":1,"croptopia:corn_seed":1,"born_in_chaos_v1:corpse_maggot":3,"minecraft:sunflower":2,"projectvibrantjourneys:reeds":1},"minecraft:custom":{"minecraft:interact_with_furnace":17,"minecraft:mob_kills":13,"minecraft:interact_with_crafting_table":13,"minecraft:time_since_death":11616,"minecraft:time_since_rest":11068,"minecraft:sprint_one_cm":139731,"minecraft:damage_taken":1128,"minecraft:walk_one_cm":273109,"minecraft:drop":6,"minecraft:damage_dealt":1972,"minecraft:swim_one_cm":28580,"minecraft:fly_one_cm":262226,"minecraft:open_chest":17,"minecraft:crouch_one_cm":20079,"minecraft:play_time":64621,"tombstone:undead_killed":6,"minecraft:deaths":2,"minecraft:sneak_time":3577,"minecraft:walk_under_water_one_cm":16615,"minecraft:jump":1018,"minecraft:walk_on_water_one_cm":10823,"minecraft:total_world_time":64621,"minecraft:fall_one_cm":32677},"minecraft:mined":{"projectvibrantjourneys:cattail":19,"farm_and_charm:wild_beetroots":3,"minecraft:crafting_table":1,"croptopia:persimmon_crop":5,"projectvibrantjourneys:twigs":3,"vinery:red_grape_bush":4,"minecraft:grass_block":630,"minecraft:lily_pad":20,"minecraft:seagrass":1,"minecraft:tall_seagrass":7,"projectvibrantjourneys:reeds":15,"minecraft:iron_ore":1,"croptopia:corn_crop":1,"minecraft:birch_leaves":1,"minecraft:pumpkin":12,"minecraft:grass":43,"minecraft:oak_log":19,"minecraft:coal_ore":3,"projectvibrantjourneys:short_grass":42,"minecraft:gravel":13,"minecraft:sunflower":3,"minecraft:sand":4,"minecraft:dirt":487,"farm_and_charm:wild_strawberries":9,"minecraft:stone":177,"minecraft:oak_leaves":3,"projectvibrantjourneys:oak_hollow_log":5,"simplefarming:blueberry_bush":4},"minecraft:picked_up":{"born_in_chaos_v1:corpse_maggot":3,"minecraft:crafting_table":1,"simplefarming:soybean_seeds":1,"minecraft:red_mushroom":2,"vinery:red_grape_seeds":2,"minecraft:flint":1,"simplefarming:rye_seeds":2,"minecraft:oak_log":17,"minecraft:lily_pad":19,"projectvibrantjourneys:oak_hollow_log":5,"minecraft:dirt":1151,"minecraft:moss_carpet":3,"projectvibrantjourneys:reeds":14,"simplefarming:cucumber_seeds":1,"minecraft:bone":4,"croptopia:corn":1,"minecraft:beetroot":13,"minecraft:apple":7,"minecraft:wheat_seeds":34,"simplefarming:blueberry_bush":4,"crittersandcompanions:clam":2,"simplefarming:spinach_seeds":1,"projectvibrantjourneys:light_brown_bark_mushroom":1,"minecraft:stick":7,"minecraft:raw_iron":4,"simplefarming:corn_seeds":1,"croptopia:corn_seed":1,"minecraft:pumpkin":11,"croptopia:starfruit":3,"farm_and_charm:strawberry_seeds":1,"simplefarming:yam_seeds":1,"simplefarming:blueberries":4,"minecraft:gravel":11,"minecraft:sand":4,"simplefarming:squash_seeds":2,"minecraft:dark_oak_log":2,"minecraft:rotten_flesh":7,"croptopia:persimmon":5,"simplefarming:strawberries":3,"farm_and_charm:strawberry":26,"projectvibrantjourneys:cattail":18,"projectvibrantjourneys:orange_bark_mushroom":1,"minecraft:oak_sapling":6,"simplefarming:cassava_seeds":1,"minecraft:mutton":3,"minecraft:coal":7,"minecraft:white_wool":2,"minecraft:cobblestone":176,"minecraft:sunflower":4},"minecraft:used":{"minecraft:cooked_mutton":3,"minecraft:iron_shovel":262,"minecraft:stone_shovel":938,"minecraft:stone_pickaxe":61,"woodworks:oak_chest":1,"minecraft:wooden_pickaxe":12,"simplefarming:strawberries":1,"minecraft:dirt":616,"minecraft:crafting_table":2,"simplefarming:blueberries":3,"minecraft:apple":7,"minecraft:iron_pickaxe":108,"minecraft:stone_axe":76,"minecraft:furnace":1},"minecraft:killed":{"alexsmobs:hummingbird":1,"born_in_chaos_v1:zombie_lumberjack":1,"born_in_chaos_v1:decrepit_skeleton":2,"born_in_chaos_v1:maggot":1,"naturalist:snail":1,"minecraft:sheep":2,"born_in_chaos_v1:bloody_gadfly":1,"minecraft:zombie":2,"alexsmobs:terrapin":1,"minecraft:drowned":1},"minecraft:crafted":{"minecraft:oak_planks":26,"minecraft:stone_shovel":7,"minecraft:crafting_table":1,"minecraft:wooden_pickaxe":1,"minecraft:furnace":1,"minecraft:stone_axe":1,"minecraft:cooked_mutton":3,"minecraft:air":0,"woodworks:oak_chest":1,"minecraft:stick":20,"minecraft:iron_ingot":4,"minecraft:iron_pickaxe":1,"minecraft:stone_pickaxe":1,"minecraft:chest":4,"minecraft:iron_shovel":1}},"DataVersion":3465}