{"stats":{"minecraft:picked_up":{"minecraft:iron_chestplate":1,"vinery:red_grape":12,"minecraft:wheat":78,"minecraft:anvil":1,"croptopia:grape_seed":1,"farm_and_charm:kernels":2,"vinery:red_grape_seeds":4,"minecraft:lead":3,"farm_and_charm:stove":2,"minecraft:oak_stairs":6,"vanillaplustools:diamond_shovel":2,"minecraft:enchanted_book":1,"minecraft:potion":3,"minecraft:stone_brick_stairs":12,"minecraft:brewing_stand":2,"vinery:savanna_grape_seeds_red":3,"farm_and_charm:fertilized_soil":3,"minecraft:string":20,"minecraft:raw_copper":91,"mores:tourmaline_gem":36,"minecraft:iron_leggings":1,"simplefarming:plum":9,"bakery:linzer_tart":6,"vinery:savanna_grapes_red":9,"brewery:hops":7,"minecraft:beetroot":14,"minecraft:cobbled_deepslate":313,"minecraft:bucket":1,"minecraft:spruce_planks":118,"spartanshields:diamond_tower_shield":1,"minecraft:wooden_shovel":2,"born_in_chaos_v1:stimulating_decoction":1,"simplefarming:spinach_seeds":5,"minecraft:iron_boots":1,"vinery:jungle_grape_seeds_white":2,"minecraft:furnace":2,"minecraft:stick":22,"farm_and_charm:oat_ball":5,"born_in_chaos_v1:shattered_skull":1,"bakery:small_cooking_pot":1,"minecraft:torch":32,"minecraft:brick_wall":2,"bakery:toast":3,"minecraft:spruce_stairs":32,"farm_and_charm:barley_seeds":3,"simplefarming:raspberries":6,"tombstone:grave_dust":12,"mores:topaz_gem":22,"minecraft:diorite":15,"simplefarming:radish":3,"minecraft:pink_terracotta":1,"mores:raw_tin":21,"bakery:rolling_pin":1,"minecraft:orange_bed":5,"farm_and_charm:lettuce_seeds":3,"minecraft:rotten_flesh":73,"croptopia:persimmon":5,"simplefarming:pepper_seeds":2,"bakery:cake_stand":1,"projectvibrantjourneys:cattail":71,"minecraft:obsidian":2,"simplefarming:kenaf_fiber":3,"minecraft:cobblestone":3213,"minecraft:magma_block":6,"minecraft:cooked_beef":1,"farmersdelight:rice":1,"born_in_chaos_v1:spiritual_dust":1,"minecraft:jungle_log":1,"bakery:cabinet":1,"vanillaplustools:diamond_hammer":1,"minecraft:potato":9,"minecraft:flint":2,"minecraft:tuff":10,"born_in_chaos_v1:black_argillite_button":2,"bakery:baker_station":4,"minecraft:acacia_boat":1,"projectvibrantjourneys:oak_hollow_log":5,"minecraft:lapis_lazuli":19,"minecraft:dirt":3537,"minecraft:lantern":4,"spartanweaponry:iron_rapier":1,"born_in_chaos_v1:monster_skin":7,"farm_and_charm:tool_rack":2,"simplefarming:cucumber_seeds":4,"minecraft:bone":37,"croptopia:corn":1,"minecraft:wheat_seeds":99,"simplefarming:kenaf_seeds":8,"simplefarming:lettuce_seeds":6,"minecraft:raw_gold":5,"simplefarming:blueberry_bush":11,"minecraft:mossy_stone_bricks":8,"simplefarming:tomato_seeds":3,"croptopia:roe":1,"minecraft:oak_planks":30,"mores:turquoise_gem":54,"bakery:chocolate_glazed_cookie":2,"simplefarming:peanut_seeds":1,"simplefarming:corn_seeds":6,"simplefarming:banana":1,"bakery:bun":5,"vinery:taiga_grape_seeds_white":2,"croptopia:plum":8,"simplefarming:radish_seeds":6,"farm_and_charm:strawberry_seeds":4,"iter_rpg:spider_silk":2,"vinery:white_grape":7,"minecraft:sand":141,"ecologics:coconut_husk":1,"mores:raw_cobalt":22,"farm_and_charm:window_sill":4,"minecraft:dark_oak_log":2,"farm_and_charm:wild_nettle":11,"minecraft:barrel":3,"farm_and_charm:tomato_seeds":4,"minecraft:bundle":1,"butcher:sulfur":2,"farm_and_charm:tomato":2,"farm_and_charm:wild_onions":1,"simplefarming:corn":3,"minecraft:light_blue_terracotta":3,"born_in_chaos_v1:fire_dust":1,"minecraft:diamond":13,"farm_and_charm:wild_ribwort":1,"bakery:brick_counter":4,"autumnity:maple_sapling":6,"iter_rpg:abyssquartz_shard":8,"bakery:wall_cabinet":2,"farm_and_charm:oat_seeds":15,"bakery:tray":1,"minecraft:bread":23,"born_in_chaos_v1:rotten_fish":5,"simplefarming:cassava_seeds":9,"minecraft:oak_sapling":7,"mores:raw_silver":36,"minecraft:netherrack":12,"minecraft:bricks":54,"minecraft:crimson_roots":3,"minecraft:diamond_pickaxe":1,"vinery:savanna_grape_seeds_white":1,"minecraft:charcoal":27,"simplefarming:pea_seeds":1,"minecraft:crafting_table":2,"simplefarming:spinach":2,"minecraft:azure_bluet":2,"travelersbackpack:hay":1,"minecraft:clay_ball":170,"simplefarming:yam":10,"vinery:taiga_grapes_white":15,"born_in_chaos_v1:seedof_chaos":2,"iter_rpg:pearl":1,"farm_and_charm:silo_wood":2,"minecraft:chain":2,"farm_and_charm:cooking_pot":1,"born_in_chaos_v1:black_argillite_column":2,"minecraft:moss_carpet":3,"minecraft:iron_axe":1,"minecraft:white_carpet":3,"projectvibrantjourneys:reeds":14,"born_in_chaos_v1:intoxicating_decoction":2,"iter_rpg:abyssquartz_capacitator":1,"simplefarming:oat_seeds":1,"treasure2:ruby":1,"minecraft:beef":11,"born_in_chaos_v1:gnawed_bones":1,"minecraft:poppy":5,"minecraft:spruce_slab":2,"crittersandcompanions:clam":2,"minecraft:egg":1,"treasure2:onyx":2,"minecraft:raw_iron":49,"croptopia:corn_seed":2,"ecologics:coconut_slice":2,"projectvibrantjourneys:bark_mushroom":1,"simplefarming:yam_seeds":10,"minecraft:spruce_fence":8,"simplefarming:rye":2,"farm_and_charm:wild_corn":1,"simplefarming:onion_seeds":5,"born_in_chaos_v1:pieceofdarkmetal":20,"simplefarming:eggplant_seeds":3,"croptopia:grape":1,"simplefarming:cassava":7,"minecraft:stone_shovel":8,"minecraft:arrow":8,"minecraft:hay_block":1,"simplefarming:strawberries":32,"vinery:white_grape_seeds":4,"mores:stone_mace":1,"farm_and_charm:strawberry":43,"simplefarming:ginger_seeds":1,"tombstone:essence_of_undeath":1,"croptopia:salt":142,"minecraft:brick_stairs":12,"born_in_chaos_v1:trident_hayfork":1,"minecraft:mutton":3,"minecraft:white_wool":23,"minecraft:oxeye_daisy":2,"minecraft:stripped_oak_log":30,"born_in_chaos_v1:fused_bone":2,"born_in_chaos_v1:corpse_maggot":14,"simplefarming:soybean_seeds":2,"born_in_chaos_v1:monster_flesh":12,"minecraft:golden_carrot":2,"minecraft:salmon":1,"minecraft:leather":4,"vinery:jungle_grape_seeds_red":2,"simplefarming:soybean":2,"simplefarming:onion":4,"minecraft:red_mushroom":2,"simplefarming:rye_seeds":8,"minecraft:oak_log":42,"minecraft:lily_pad":55,"vinery:taiga_grapes_red":10,"minecraft:gunpowder":2,"simplefarming:broccoli_seeds":3,"farm_and_charm:onion":4,"farm_and_charm:wild_beetroots":1,"vinery:savanna_grapes_white":9,"farm_and_charm:oat":4,"tombstone:gift":1,"minecraft:apple":7,"minecraft:stone_bricks":177,"simplefarming:honeydew_seeds":2,"minecraft:iron_ingot":3,"minecraft:stone_pickaxe":3,"born_in_chaos_v1:chipped_black_argillite_brick":2,"tombstone:bag_of_seeds":2,"minecraft:iron_sword":1,"travelersbackpack:blank_upgrade":1,"projectvibrantjourneys:light_brown_bark_mushroom":2,"minecraft:black_candle":8,"farm_and_charm:lettuce":1,"minecraft:pumpkin":15,"croptopia:starfruit":3,"vinery:taiga_grape_seeds_red":2,"born_in_chaos_v1:ethereal_spirit":3,"minecraft:dandelion":10,"simplefarming:blueberries":49,"minecraft:gravel":21,"mores:ruby_gem":4,"mores:moissanite_gem":16,"simplefarming:squash_seeds":2,"minecraft:spruce_log":2,"simplefarming:cucumber":2,"minecraft:spider_eye":3,"simplefarming:raspberry_bush":4,"minecraft:spruce_door":4,"farm_and_charm:rotten_tomato":1,"minecraft:brick_slab":2,"spartanweaponry:iron_battle_hammer":1,"simplefarming:tomato":3,"minecraft:diamond_shovel":1,"mores:sapphire_gem":18,"minecraft:slime_ball":1,"simplefarming:strawberry_bush":7,"born_in_chaos_v1:black_argillite_brick_slab":4,"mores:anthracite":26,"croptopia:orange":1,"minecraft:iron_helmet":1,"tombstone:magic_scroll":2,"projectvibrantjourneys:orange_bark_mushroom":1,"argentinas_delight:cuernodetoro":1,"bakery:baguette":6,"minecraft:coal":41,"bakery:drawer":14,"minecraft:sunflower":29},"minecraft:mined":{"simplefarming:raspberry_bush":1,"minecraft:spruce_planks":60,"croptopia:grape_crop":1,"farm_and_charm:window_sill":2,"minecraft:brewing_stand":2,"minecraft:obsidian":4,"minecraft:granite":108,"minecraft:budding_amethyst":2,"minecraft:grass_block":1518,"simplefarming:kenaf_top":1,"minecraft:oxeye_daisy":2,"minecraft:tall_seagrass":32,"minecraft:magma_block":6,"projectvibrantjourneys:reeds":16,"farm_and_charm:oat_ball":5,"mores:deepslate_tourmaline_ore":30,"farm_and_charm:grandmothers_strawberry_cake_block":1,"minecraft:iron_ore":21,"minecraft:barrel":3,"born_in_chaos_v1:black_argillite_brick_slab":8,"minecraft:fire":2,"projectvibrantjourneys:bark_mushroom":1,"minecraft:pumpkin":14,"minecraft:anvil":1,"minecraft:deepslate_lapis_ore":10,"autumnity:maple_leaves":1,"mores:deepslate_sapphire_ore":18,"treasure2:onyx_ore":2,"minecraft:dirt_path":6,"minecraft:oak_stairs":4,"minecraft:black_candle":3,"farm_and_charm:wild_strawberries":13,"bakery:tray":1,"simplefarming:fruit_log":3,"bakery:cabinet":1,"minecraft:spruce_slab":2,"simplefarming:corn_top":1,"minecraft:orange_bed":3,"projectvibrantjourneys:cattail":48,"mores:deepslate_moissanite_ore":16,"minecraft:deepslate_redstone_ore":29,"minecraft:crimson_nylium":1,"mores:deepslate_anthracite_ore":14,"farm_and_charm:wild_beetroots":4,"minecraft:clay":43,"minecraft:torch":2,"born_in_chaos_v1:infected_deepslate_diamond_ore":4,"projectvibrantjourneys:twigs":5,"vinery:red_grape_bush":4,"minecraft:calcite":8,"projectvibrantjourneys:natural_cobweb":1,"mores:anthracite_ore":12,"minecraft:cobblestone":6,"projectvibrantjourneys:fallen_leaves":4,"minecraft:oak_planks":1,"minecraft:bricks":32,"minecraft:wall_torch":2,"mores:deepslate_turquoise_ore":54,"vinery:white_grape_bush":1,"minecraft:amethyst_block":5,"minecraft:deepslate_copper_ore":5,"minecraft:seagrass":27,"minecraft:light_blue_terracotta":4,"projectvibrantjourneys:light_brown_bark_mushroom":1,"farm_and_charm:fertilized_soil":3,"butcher:sulfurore":2,"born_in_chaos_v1:black_argillite_brick":6,"minecraft:stone_brick_stairs":6,"minecraft:grass":130,"projectvibrantjourneys:short_grass":78,"minecraft:oak_log":45,"croptopia:salt_ore":42,"minecraft:dirt":2043,"mores:silver_ore":17,"minecraft:sand":14,"bakery:wall_cabinet":2,"minecraft:smooth_basalt":9,"born_in_chaos_v1:infernal_evil_pumpkin_s":1,"minecraft:deepslate":4304,"minecraft:netherrack":11,"mores:deepslate_topaz_ore":22,"minecraft:oak_leaves":24,"minecraft:tuff":513,"farm_and_charm:wild_nettle":4,"minecraft:deepslate_diamond_ore":8,"projectvibrantjourneys:rocks":1,"croptopia:persimmon_crop":5,"minecraft:spruce_fence":8,"treasure2:deepslate_ruby_ore":1,"born_in_chaos_v1:black_argillite":30,"minecraft:brick_stairs":5,"simplefarming:plum_leaves":1,"born_in_chaos_v1:black_argillite_column":5,"minecraft:furnace":2,"croptopia:corn_crop":1,"mores:deepslate_cobalt_ore":4,"minecraft:potatoes":2,"minecraft:deepslate_iron_ore":20,"minecraft:stripped_oak_log":10,"projectvibrantjourneys:seashells":1,"minecraft:stone":4044,"simplefarming:strawberry_bush":7,"minecraft:white_wool":9,"simplefarming:blueberry_bush":11,"minecraft:pink_terracotta":2,"simplefarming:banana_leaves":1,"mores:cobalt_ore":20,"minecraft:brick_wall":2,"minecraft:dandelion":8,"minecraft:crafting_table":2,"minecraft:campfire":12,"minecraft:copper_ore":15,"minecraft:tall_grass":22,"born_in_chaos_v1:chipped_black_argillite_brick":4,"minecraft:lapis_ore":2,"minecraft:deepslate_gold_ore":3,"minecraft:lily_pad":56,"bakery:drawer":10,"minecraft:diorite":137,"mores:tin_ore":10,"minecraft:spruce_stairs":16,"mores:deepslate_ruby_ore":4,"minecraft:brick_slab":1,"croptopia:plum_crop":3,"iter_rpg:abyss_quartz":1,"mores:deepslate_tin_ore":5,"minecraft:white_carpet":3,"minecraft:birch_leaves":1,"farm_and_charm:wild_ribwort":1,"bakery:linzer_tart":1,"minecraft:coal_ore":19,"minecraft:sunflower":17,"minecraft:gravel":156,"minecraft:mossy_stone_bricks":4,"minecraft:gold_ore":2,"minecraft:stone_bricks":117,"mores:deepslate_silver_ore":22,"projectvibrantjourneys:oak_hollow_log":5},"minecraft:killed_by":{"naturalist:rattlesnake":1},"minecraft:crafted":{"minecraft:smooth_stone":7,"travelersbackpack:iron":1,"minecraft:oak_planks":186,"ecologics:walnut_planks":12,"mores:topaz_leggings":1,"minecraft:stone":29,"iter_rpg:abyssquartz_capacitator":1,"minecraft:cooked_mutton":6,"minecraft:glass":40,"minecraft:chest":4,"vanillaplustools:stone_shovel":3,"mores:topaz_helmet":1,"minecraft:stone_hoe":1,"minecraft:oak_fence":3,"travelersbackpack:iron_tier_upgrade":1,"mores:tourmaline_chestplate":1,"minecraft:crafting_table":1,"mores:tourmaline_boots":1,"travelersbackpack:standard":1,"minecraft:wooden_pickaxe":1,"minecraft:copper_ingot":85,"minecraft:stick":212,"minecraft:iron_ingot":49,"minecraft:iron_pickaxe":2,"mores:obsidian_ingot":2,"minecraft:gold_ingot":5,"mores:tourmaline_helmet":1,"minecraft:stone_shovel":46,"vanillaplustools:stone_hammer":2,"minecraft:furnace":9,"minecraft:blast_furnace":1,"mores:topaz_boots":1,"minecraft:white_carpet":3,"mores:topaz_chestplate":1,"travelersbackpack:white_sleeping_bag":1,"minecraft:leather":4,"minecraft:stone_pickaxe":20,"mores:tourmaline_leggings":1,"minecraft:cooked_beef":11,"travelersbackpack:backpack_tank":2,"minecraft:stone_axe":1,"born_in_chaos_v1:scorched_planks":12,"iter_rpg:stone_spear":1,"minecraft:air":0,"minecraft:bread":16,"woodworks:oak_chest":5,"mores:stone_mace":1,"minecraft:white_wool":1,"minecraft:iron_shovel":1,"minecraft:torch":4},"minecraft:dropped":{"minecraft:iron_sword":1,"minecraft:lapis_lazuli":7,"crittersandcompanions:clam":1,"minecraft:cooked_beef":1,"minecraft:diamond":2,"minecraft:crafting_table":1,"farm_and_charm:strawberry":2,"minecraft:saddle":1,"born_in_chaos_v1:pieceofdarkmetal":8,"born_in_chaos_v1:scorched_planks":12,"ecologics:walnut_planks":10,"born_in_chaos_v1:monster_flesh":1,"minecraft:dirt":2,"simplefarming:cucumber":2,"minecraft:crimson_roots":2,"vinery:taiga_grapes_white":10,"minecraft:sunflower":13,"minecraft:sand":9,"simplefarming:lettuce_seeds":1,"projectvibrantjourneys:reeds":1,"projectvibrantjourneys:bark_mushroom":1,"minecraft:bone":3,"simplefarming:raspberry_bush":3,"simplefarming:blueberries":4,"born_in_chaos_v1:fire_dust":1,"minecraft:cobbled_deepslate":257,"treasure2:gold_coin":1,"mores:stone_mace":2,"minecraft:rotten_flesh":22,"minecraft:oak_planks":104,"simplefarming:cassava_seeds":1,"minecraft:azure_bluet":1,"brewery:hops":1,"simplefarming:honeydew_seeds":1,"born_in_chaos_v1:chipped_black_argillite_brick":2,"born_in_chaos_v1:corpse_maggot":4,"ecologics:coconut_husk":1,"minecraft:arrow":2,"projectvibrantjourneys:cattail":4,"minecraft:bread":6,"minecraft:wheat_seeds":22,"minecraft:oak_fence":2,"minecraft:cobblestone":159,"mores:obsidian_horse_armor":1,"minecraft:stick":19,"simplefarming:broccoli_seeds":1,"simplefarming:soybean_seeds":1,"minecraft:diorite":14,"minecraft:torch":4,"mores:tourmaline_gem":6,"mores:turquoise_gem":54,"farm_and_charm:wild_nettle":4,"minecraft:string":9,"minecraft:lily_pad":3,"minecraft:dandelion":1,"simplefarming:onion_seeds":1,"minecraft:raw_copper":6,"minecraft:tuff":10,"farmersdelight:cabbage_seeds":1,"minecraft:stone_shovel":13,"minecraft:white_carpet":3,"born_in_chaos_v1:black_argillite_button":2,"simplefarming:raspberries":2,"minecraft:iron_boots":1,"croptopia:corn_seed":1,"born_in_chaos_v1:spiritual_dust":1,"iter_rpg:abyssquartz_capacitator":1,"simplefarming:kenaf_seeds":2,"minecraft:potato":2,"vinery:taiga_grapes_red":2,"simplefarming:cucumber_seeds":1,"minecraft:wooden_shovel":1,"bakery:sweet_dough":1,"minecraft:spruce_log":2,"vinery:red_grape":2,"vinery:savanna_grapes_white":4,"minecraft:stone_pickaxe":3,"vanillaplustools:diamond_shovel":1,"simplefarming:eggplant_seeds":1},"minecraft:custom":{"minecraft:interact_with_crafting_table":54,"minecraft:open_barrel":124,"minecraft:bell_ring":1,"minecraft:leave_game":5,"minecraft:time_since_death":15097,"minecraft:sprint_one_cm":1053850,"minecraft:damage_blocked_by_shield":1440,"minecraft:drop":157,"minecraft:talked_to_villager":2,"minecraft:play_time":633264,"minecraft:deaths":45,"minecraft:interact_with_brewingstand":1,"minecraft:jump":10010,"minecraft:walk_on_water_one_cm":54234,"minecraft:interact_with_furnace":75,"minecraft:sleep_in_bed":3,"minecraft:damage_dealt":31616,"minecraft:crouch_one_cm":108820,"tombstone:undead_killed":85,"minecraft:interact_with_smoker":7,"minecraft:horse_one_cm":1077111,"minecraft:interact_with_smithing_table":6,"minecraft:mob_kills":169,"minecraft:damage_dealt_resisted":3015,"minecraft:climb_one_cm":2704,"minecraft:walk_one_cm":1525047,"minecraft:sneak_time":25167,"minecraft:walk_under_water_one_cm":112395,"minecraft:interact_with_blast_furnace":7,"minecraft:total_world_time":633264,"spartanshields:shield_bash_hits":13,"tombstone:raider_killed":2,"minecraft:time_since_rest":14890,"minecraft:damage_taken":16624,"tombstone:cast_on_ally":1,"minecraft:swim_one_cm":93552,"minecraft:fly_one_cm":2058550,"minecraft:open_chest":205,"minecraft:fall_one_cm":228875},"minecraft:used":{"bakery:linzer_tart":6,"minecraft:beetroot":6,"simplefarming:plum":8,"minecraft:iron_shovel":262,"minecraft:chest":4,"vinery:white_grape":1,"minecraft:sculk_sensor":1,"travelersbackpack:hay":3,"vinery:savanna_grapes_white":2,"simplefarming:squash_seeds":2,"simplefarming:yam_seeds":3,"simplefarming:blueberries":14,"travelersbackpack:iron":2,"vinery:taiga_grape_seeds_red":2,"simplefarming:raspberries":1,"simplefarming:kenaf_seeds":1,"bakery:rolling_pin":1,"minecraft:crimson_roots":1,"vinery:savanna_grapes_red":2,"simplefarming:honeydew_seeds":1,"minecraft:magma_block":2,"simplefarming:rye_seeds":2,"simplefarming:tomato_seeds":1,"minecraft:furnace":10,"croptopia:roe":1,"minecraft:egg":1,"minecraft:potato":7,"vinery:white_grape_seeds":2,"simplefarming:banana":1,"minecraft:stone_pickaxe":244,"minecraft:oak_planks":1,"bakery:sweet_dough":1,"minecraft:wooden_pickaxe":12,"minecraft:white_wool":2,"simplefarming:cucumber_seeds":1,"simplefarming:blueberry_bush":11,"vanillaplustools:diamond_hammer":914,"simplefarming:strawberries":8,"farm_and_charm:silo_wood":2,"minecraft:blast_furnace":1,"bakery:drawer":9,"simplefarming:radish_seeds":1,"bakery:bread_knife":1,"born_in_chaos_v1:monster_flesh":1,"minecraft:bread":20,"vinery:savanna_grape_seeds_white":1,"simplefarming:corn_seeds":1,"farm_and_charm:strawberry_seeds":1,"simplefarming:spinach_seeds":1,"tombstone:grave_key":9,"spartanshields:diamond_tower_shield":17,"ecologics:coconut_slice":2,"bakery:toast":6,"vinery:taiga_grapes_red":2,"minecraft:air":2,"mores:tourmaline_helmet":1,"minecraft:oak_fence":1,"vanillaplustools:diamond_shovel":64,"bakery:chocolate_glazed_cookie":2,"minecraft:stone_shovel":1345,"simplefarming:soybean_seeds":1,"simplefarming:cassava_seeds":2,"woodworks:oak_chest":4,"vanillaplustools:stone_hammer":262,"minecraft:wooden_shovel":181,"mores:tourmaline_leggings":1,"minecraft:stone_hoe":37,"minecraft:netherrack":11,"minecraft:orange_bed":1,"minecraft:torch":4,"minecraft:dirt":3348,"minecraft:white_carpet":3,"mores:tourmaline_chestplate":1,"bakery:cabinet":1,"simplefarming:onion_seeds":1,"iter_rpg:stone_spear":70,"minecraft:iron_axe":201,"spartanweaponry:iron_rapier":29,"minecraft:barrel":3,"simplefarming:eggplant_seeds":1,"ecologics:walnut":6,"spartanweaponry:iron_battle_hammer":18,"tombstone:gift":12,"born_in_chaos_v1:black_argillite_brick_slab":4,"minecraft:cooked_beef":11,"minecraft:cobbled_deepslate":97,"vinery:red_grape":3,"born_in_chaos_v1:trident_hayfork":313,"minecraft:cooked_mutton":6,"minecraft:acacia_boat":1,"mores:tourmaline_boots":1,"minecraft:salmon":1,"simplefarming:tomato":3,"minecraft:crafting_table":2,"farm_and_charm:strawberry":40,"vanillaplustools:stone_shovel":300,"minecraft:diamond_shovel":17,"tombstone:bag_of_seeds":3,"minecraft:diamond_pickaxe":73,"minecraft:apple":7,"simplefarming:strawberry_bush":7,"minecraft:sunflower":2,"minecraft:iron_pickaxe":252,"simplefarming:lettuce_seeds":2,"bakery:baguette":18,"mores:sterling_boots":1,"minecraft:stone_axe":101,"vinery:savanna_grape_seeds_red":2,"bakery:bun":6,"minecraft:cobblestone":214,"simplefarming:raspberry_bush":1,"minecraft:dandelion":4,"vinery:red_grape_seeds":2,"minecraft:sculk_catalyst":1,"vinery:taiga_grape_seeds_white":2},"minecraft:broken":{"spartanweaponry:iron_rapier":1,"spartanweaponry:iron_battle_hammer":1,"minecraft:iron_shovel":1,"minecraft:iron_chestplate":1,"minecraft:iron_leggings":1,"minecraft:stone_axe":1,"minecraft:stone_shovel":8,"vanillaplustools:stone_hammer":2,"minecraft:iron_axe":1,"minecraft:iron_pickaxe":1,"minecraft:iron_helmet":1,"born_in_chaos_v1:trident_hayfork":1,"vanillaplustools:stone_shovel":2},"minecraft:killed":{"born_in_chaos_v1:zombie_clown":2,"naturalist:rattlesnake":1,"minecraft:cave_spider":1,"born_in_chaos_v1:mr_pumpkin":1,"minecraft:witch":1,"born_in_chaos_v1:restless_spirit":4,"born_in_chaos_v1:zombie_lumberjack":2,"born_in_chaos_v1:skeleton_demoman":2,"born_in_chaos_v1:pumpkin_spirit":1,"minecraft:spider":11,"born_in_chaos_v1:siamese_skeletonsright":1,"born_in_chaos_v1:baby_skeleton_minion":4,"naturalist:snail":2,"minecraft:skeleton":4,"ecologics:coconut_crab":1,"born_in_chaos_v1:skeleton_thrasher":1,"born_in_chaos_v1:firelight_not_despawn":2,"born_in_chaos_v1:bonescaller":1,"born_in_chaos_v1:diamond_termite":2,"minecraft:salmon":1,"minecraft:sheep":2,"born_in_chaos_v1:zombie_fisherman":2,"minecraft:pillager":1,"minecraft:zombie":37,"born_in_chaos_v1:dread_hound":15,"born_in_chaos_v1:corpse_fly":2,"iter_rpg:bloated":1,"born_in_chaos_v1:door_knight":3,"born_in_chaos_v1:siamese_skeletonsleft":2,"minecraft:cow":5,"quark:toretoise":1,"born_in_chaos_v1:zombie_bruiser":4,"born_in_chaos_v1:maggot":16,"minecraft:drowned":1,"born_in_chaos_v1:corpse_fish":4,"crittersandcompanions:otter":1,"born_in_chaos_v1:barrel_zombie":2,"born_in_chaos_v1:fallen_chaos_knight":1,"born_in_chaos_v1:baby_skeleton":6,"born_in_chaos_v1:spirit_guide_assistant":1,"minecraft:bat":1,"born_in_chaos_v1:decrepit_skeleton":7,"born_in_chaos_v1:bloody_gadfly":2,"born_in_chaos_v1:decaying_zombie":1,"iter_rpg:giant_spider":1,"iter_rpg:scallop":1}},"DataVersion":3465}