{"stats":{"minecraft:broken":{"minecraft:iron_shovel":1,"minecraft:iron_pickaxe":1,"minecraft:stone_shovel":8},"minecraft:dropped":{"crittersandcompanions:clam":1,"croptopia:corn_seed":1,"simplefarming:soybean_seeds":1,"born_in_chaos_v1:corpse_maggot":3,"minecraft:sand":8,"minecraft:sunflower":2,"minecraft:string":2,"projectvibrantjourneys:reeds":1},"minecraft:custom":{"minecraft:interact_with_furnace":18,"minecraft:mob_kills":25,"minecraft:open_barrel":2,"minecraft:interact_with_crafting_table":17,"minecraft:time_since_death":7580,"minecraft:climb_one_cm":220,"minecraft:time_since_rest":7300,"minecraft:sprint_one_cm":215258,"minecraft:damage_taken":1910,"minecraft:walk_one_cm":371749,"minecraft:drop":9,"minecraft:damage_dealt":3704,"minecraft:swim_one_cm":32544,"minecraft:fly_one_cm":413111,"minecraft:open_chest":33,"minecraft:crouch_one_cm":21380,"minecraft:play_time":112621,"tombstone:undead_killed":12,"minecraft:deaths":4,"minecraft:sneak_time":3779,"minecraft:walk_under_water_one_cm":17974,"minecraft:jump":1638,"minecraft:interact_with_blast_furnace":4,"minecraft:walk_on_water_one_cm":11789,"minecraft:interact_with_smoker":6,"minecraft:total_world_time":112621,"minecraft:fall_one_cm":45388},"minecraft:mined":{"projectvibrantjourneys:cattail":19,"farm_and_charm:wild_beetroots":4,"projectvibrantjourneys:rocks":1,"minecraft:crafting_table":1,"croptopia:persimmon_crop":5,"projectvibrantjourneys:twigs":3,"vinery:red_grape_bush":4,"minecraft:grass_block":739,"minecraft:cobblestone":1,"minecraft:lapis_ore":2,"minecraft:lily_pad":25,"untamedwilds:block_burrow":2,"minecraft:seagrass":1,"minecraft:tall_seagrass":7,"projectvibrantjourneys:reeds":15,"minecraft:furnace":1,"minecraft:iron_ore":1,"croptopia:corn_crop":1,"minecraft:birch_leaves":1,"minecraft:pumpkin":14,"minecraft:grass":44,"minecraft:oak_log":19,"minecraft:coal_ore":3,"projectvibrantjourneys:short_grass":43,"minecraft:gravel":13,"minecraft:sunflower":3,"minecraft:sand":12,"minecraft:dirt":621,"farm_and_charm:wild_strawberries":9,"minecraft:stone":381,"minecraft:oak_leaves":3,"projectvibrantjourneys:oak_hollow_log":5,"simplefarming:blueberry_bush":4,"minecraft:orange_bed":1},"minecraft:picked_up":{"born_in_chaos_v1:corpse_maggot":4,"minecraft:crafting_table":1,"minecraft:wheat":1,"simplefarming:soybean_seeds":1,"iter_rpg:pearl":1,"minecraft:red_mushroom":2,"vinery:red_grape_seeds":2,"minecraft:enchanted_book":1,"minecraft:flint":1,"simplefarming:rye_seeds":2,"minecraft:oak_log":17,"minecraft:lily_pad":23,"projectvibrantjourneys:oak_hollow_log":5,"minecraft:lapis_lazuli":12,"minecraft:string":2,"minecraft:dirt":1377,"tombstone:gift":1,"minecraft:moss_carpet":3,"projectvibrantjourneys:reeds":14,"simplefarming:cucumber_seeds":1,"minecraft:bone":5,"croptopia:corn":1,"minecraft:beetroot":14,"minecraft:apple":7,"minecraft:wheat_seeds":45,"simplefarming:blueberry_bush":4,"minecraft:egg":1,"crittersandcompanions:clam":2,"minecraft:furnace":1,"simplefarming:spinach_seeds":1,"projectvibrantjourneys:light_brown_bark_mushroom":1,"minecraft:stick":7,"minecraft:raw_iron":4,"simplefarming:corn_seeds":1,"croptopia:corn_seed":2,"minecraft:pumpkin":13,"croptopia:starfruit":3,"farm_and_charm:strawberry_seeds":1,"minecraft:dandelion":1,"simplefarming:yam_seeds":1,"simplefarming:blueberries":4,"minecraft:gravel":11,"minecraft:sand":12,"minecraft:orange_bed":1,"simplefarming:squash_seeds":2,"minecraft:arrow":2,"minecraft:dark_oak_log":2,"simplefarming:pepper_seeds":1,"minecraft:bundle":1,"coinsje:gold_coin":1,"minecraft:rotten_flesh":13,"croptopia:persimmon":5,"simplefarming:strawberries":3,"farm_and_charm:strawberry":26,"tombstone:essence_of_undeath":1,"projectvibrantjourneys:cattail":18,"alexsmobs:maggot":2,"projectvibrantjourneys:orange_bark_mushroom":1,"minecraft:oak_sapling":6,"simplefarming:cassava_seeds":1,"minecraft:mutton":3,"minecraft:coal":12,"minecraft:white_wool":2,"minecraft:cobblestone":381,"minecraft:sunflower":4},"minecraft:used":{"minecraft:cooked_mutton":6,"minecraft:iron_shovel":262,"minecraft:stone_shovel":1190,"minecraft:stone_pickaxe":129,"minecraft:chest":4,"woodworks:oak_chest":2,"minecraft:wooden_pickaxe":12,"simplefarming:strawberries":1,"minecraft:dirt":650,"farm_and_charm:strawberry":26,"minecraft:crafting_table":2,"simplefarming:blueberries":3,"minecraft:apple":7,"iter_rpg:stone_spear":39,"minecraft:iron_pickaxe":250,"minecraft:stone_axe":78,"minecraft:cobblestone":1,"minecraft:furnace":1,"tombstone:gift":4,"minecraft:egg":1},"minecraft:killed":{"born_in_chaos_v1:barrel_zombie":1,"alexsmobs:hummingbird":1,"born_in_chaos_v1:zombie_lumberjack":1,"minecraft:spider":1,"minecraft:skeleton":1,"born_in_chaos_v1:decrepit_skeleton":2,"born_in_chaos_v1:maggot":4,"naturalist:snail":1,"minecraft:sheep":2,"born_in_chaos_v1:bloody_gadfly":1,"minecraft:zombie":5,"alexsmobs:terrapin":1,"iter_rpg:bloated":1,"alexsmobs:fly":1,"minecraft:drowned":1,"iter_rpg:scallop":1},"minecraft:crafted":{"minecraft:oak_planks":46,"minecraft:stone_shovel":10,"minecraft:crafting_table":1,"minecraft:wooden_pickaxe":1,"minecraft:furnace":1,"minecraft:stone_axe":1,"iter_rpg:stone_spear":1,"minecraft:cooked_mutton":6,"minecraft:air":0,"woodworks:oak_chest":2,"minecraft:stick":32,"minecraft:iron_ingot":4,"minecraft:iron_pickaxe":1,"minecraft:stone_pickaxe":3,"minecraft:chest":4,"minecraft:iron_shovel":1}},"DataVersion":3465}