{"stats":{"minecraft:picked_up":{"minecraft:mud":1,"minecraft:crafting_table":3,"minecraft:chicken":1,"autumnity:maple_log":15,"minecraft:red_bed":1,"minecraft:iron_axe":3,"minecraft:item_frame":3,"ecologics:walnut_sapling":8,"minecraft:beef":6,"minecraft:poppy":1,"minecraft:iron_boots":1,"minecraft:egg":1,"minecraft:stick":52,"autumnity:maple_planks":40,"ecologics:walnut_log":6,"projectvibrantjourneys:bark_mushroom":1,"minecraft:note_block":1,"quark:blossom_log":133,"simplefarming:raspberries":3,"mores:raw_tin":17,"minecraft:arrow":3,"minecraft:rotten_flesh":3,"quark:orange_blossom_sapling":3,"simplefarming:strawberries":2,"minecraft:hay_block":1,"farm_and_charm:strawberry":29,"minecraft:cobblestone":115,"ecologics:walnut":12,"minecraft:lilac":3,"spartanweaponry:iron_battleaxe":1,"minecraft:leather":3,"minecraft:smoker":2,"minecraft:potato":44,"argentinas_delight:maderadeobra":2,"minecraft:oak_log":131,"minecraft:lapis_lazuli":45,"minecraft:dirt":7,"minecraft:orange_terracotta":1,"minecraft:bone":4,"minecraft:apple":12,"minecraft:iron_ingot":3,"vinery:grapevine_stem":24,"minecraft:oak_planks":4,"projectvibrantjourneys:light_brown_bark_mushroom":4,"minecraft:pumpkin":18,"croptopia:plum":5,"farm_and_charm:strawberry_seeds":1,"croptopia:starfruit":12,"simplefarming:blueberries":2,"minecraft:spruce_sapling":4,"minecraft:spruce_log":6,"croptopia:cherry":8,"croptopia:lemon":3,"autumnity:maple_sapling":10,"argentinas_delight:cuernodetoro":1,"projectvibrantjourneys:orange_bark_mushroom":4,"minecraft:oak_sapling":106,"minecraft:coal":100},"minecraft:broken":{"minecraft:wooden_axe":2},"minecraft:mined":{"projectvibrantjourneys:rocks":2,"minecraft:grass_block":3,"minecraft:acacia_slab":1,"autumnity:maple_log":15,"minecraft:hay_block":1,"minecraft:carrots":5,"minecraft:fire":4,"minecraft:pumpkin":6,"minecraft:potatoes":12,"argentinas_delight:basedearbolmate":1,"farm_and_charm:wild_strawberries":9,"ecologics:walnut_log":6,"minecraft:stone":147,"autumnity:orange_maple_leaf_pile":1,"minecraft:glass_pane":1,"minecraft:red_bed":1,"minecraft:smoker":2,"minecraft:orange_terracotta":1,"minecraft:crafting_table":3,"minecraft:torch":1,"minecraft:note_block":1,"ecologics:walnut_leaves":4,"quark:blossom_log":80,"minecraft:copper_ore":1,"minecraft:lapis_ore":1,"projectvibrantjourneys:fallen_leaves":1,"minecraft:oak_planks":6,"mores:tin_ore":4,"minecraft:wall_torch":1,"minecraft:mud":1,"minecraft:lilac":2,"minecraft:grass":9,"minecraft:oak_log":147,"minecraft:coal_ore":8,"projectvibrantjourneys:short_grass":8,"minecraft:acacia_fence":1,"minecraft:dirt":2,"minecraft:acacia_planks":2,"minecraft:oak_leaves":12},"minecraft:dropped":{"minecraft:iron_ingot":3,"minecraft:lapis_lazuli":45,"minecraft:lilac":2,"croptopia:starfruit":12,"spartanweaponry:iron_throwing_knife":1,"minecraft:cobblestone":35,"ecologics:walnut_sapling":8,"projectvibrantjourneys:orange_bark_mushroom":4,"minecraft:item_frame":1,"minecraft:dirt":3,"neapolitan:vanilla_pods":5,"quark:blossom_log":70,"croptopia:lemon":1,"spartanweaponry:iron_battleaxe":1,"minecraft:wooden_axe":1,"minecraft:pumpkin":12,"minecraft:iron_axe":2,"croptopia:plum":5,"projectvibrantjourneys:bark_mushroom":1,"ecologics:walnut_log":3,"minecraft:oak_door":2,"simplefarming:blueberries":2,"minecraft:stone_axe":1,"minecraft:wheat":7,"minecraft:chicken":1,"minecraft:rotten_flesh":3,"simplefarming:raspberries":3,"minecraft:oak_planks":64,"minecraft:iron_boots":1,"argentinas_delight:maderadeobra":2,"autumnity:maple_sapling":10,"minecraft:pumpkin_seeds":24,"argentinas_delight:cuernodetoro":1,"projectvibrantjourneys:light_brown_bark_mushroom":4,"farm_and_charm:strawberry_seeds":1,"ecologics:walnut":5,"autumnity:maple_planks":40,"minecraft:orange_terracotta":1,"simplefarming:strawberries":1,"minecraft:oak_sapling":53,"minecraft:spruce_log":6,"quark:orange_blossom_sapling":3,"vinery:grapevine_stem":24,"minecraft:wooden_pickaxe":1,"minecraft:beef":6,"minecraft:egg":1},"minecraft:crafted":{"minecraft:oak_door":3,"minecraft:oak_planks":328,"minecraft:oak_sign":3,"minecraft:stone_pickaxe":1,"autumnity:maple_planks":60,"minecraft:wheat":9,"minecraft:crafting_table":3,"minecraft:wooden_pickaxe":1,"minecraft:pumpkin_seeds":24,"minecraft:stone_axe":1,"minecraft:stick":80,"minecraft:wooden_axe":3},"minecraft:custom":{"minecraft:mob_kills":12,"minecraft:animals_bred":1,"minecraft:interact_with_crafting_table":9,"minecraft:open_barrel":12,"minecraft:leave_game":2,"minecraft:time_since_death":5754,"minecraft:climb_one_cm":5181,"minecraft:sprint_one_cm":181763,"minecraft:walk_one_cm":184123,"minecraft:drop":55,"minecraft:play_noteblock":3,"minecraft:talked_to_villager":1,"minecraft:play_time":71301,"minecraft:deaths":1,"minecraft:sneak_time":1443,"minecraft:walk_under_water_one_cm":3080,"minecraft:jump":1726,"minecraft:interact_with_blast_furnace":1,"minecraft:walk_on_water_one_cm":4505,"minecraft:total_world_time":71301,"minecraft:interact_with_furnace":5,"minecraft:time_since_rest":4997,"minecraft:damage_taken":1359,"minecraft:damage_dealt":1711,"minecraft:swim_one_cm":10894,"minecraft:fly_one_cm":398466,"minecraft:open_chest":27,"minecraft:crouch_one_cm":7198,"tombstone:undead_killed":2,"minecraft:interact_with_smoker":1,"minecraft:fall_one_cm":61021},"minecraft:killed":{"born_in_chaos_v1:zombie_clown_not_despawn":1,"born_in_chaos_v1:maggot":3,"minecraft:skeleton":1,"minecraft:chicken":1,"minecraft:cow":6},"minecraft:used":{"minecraft:oak_sign":1,"spartanweaponry:iron_halberd":32,"minecraft:oak_door":1,"minecraft:torch":2,"minecraft:dirt":4,"mores:sterling_helmet":1,"minecraft:wooden_axe":183,"autumnity:maple_planks":20,"spartanweaponry:iron_rapier":6,"minecraft:iron_boots":10,"neapolitan:vanilla_fudge":16,"minecraft:item_frame":2,"ecologics:walnut":1,"minecraft:potato":7,"minecraft:water_bucket":5,"croptopia:lemon":2,"minecraft:stone_pickaxe":130,"minecraft:oak_planks":18,"minecraft:wooden_pickaxe":3,"simplefarming:strawberries":1,"minecraft:crafting_table":5,"spartanweaponry:iron_battleaxe":16,"minecraft:oak_log":4,"minecraft:mud":1,"minecraft:apple":12,"minecraft:bread":10,"minecraft:iron_pickaxe":37,"minecraft:lilac":1,"minecraft:stone_axe":137,"minecraft:cobblestone":25,"minecraft:bucket":6}},"DataVersion":3465}