{"stats":{"minecraft:picked_up":{"minecraft:mud":1,"minecraft:crafting_table":3,"minecraft:wheat":95,"minecraft:chicken":1,"autumnity:maple_log":15,"born_in_chaos_v1:fired_black_argillite":3,"born_in_chaos_v1:black_argillite":19,"minecraft:red_bed":1,"minecraft:iron_axe":3,"minecraft:item_frame":3,"born_in_chaos_v1:black_argillite_brick":6,"ecologics:walnut_sapling":8,"minecraft:spruce_planks":81,"minecraft:beef":6,"minecraft:cobblestone_slab":1,"minecraft:poppy":1,"upgrade_aquatic:embedded_ammonite":1,"minecraft:chest":1,"minecraft:iron_boots":1,"minecraft:egg":1,"minecraft:stick":52,"autumnity:maple_planks":40,"ecologics:walnut_log":6,"projectvibrantjourneys:bark_mushroom":1,"minecraft:torch":5,"minecraft:fire_charge":1,"minecraft:note_block":1,"quark:blossom_log":133,"simplefarming:raspberries":5,"simplefarming:onion_seeds":1,"minecraft:diorite":23,"tombstone:grave_dust":1,"born_in_chaos_v1:pieceofdarkmetal":2,"mores:raw_tin":47,"minecraft:arrow":3,"minecraft:rotten_flesh":8,"quark:orange_blossom_sapling":3,"simplefarming:strawberries":2,"minecraft:hay_block":1,"farm_and_charm:strawberry":29,"minecraft:blaze_rod":2,"minecraft:cobblestone":773,"born_in_chaos_v1:corpse_maggot":1,"minecraft:magma_block":19,"simplefarming:soybean_seeds":1,"ecologics:walnut":12,"minecraft:lilac":3,"spartanweaponry:iron_battleaxe":1,"minecraft:leather":3,"minecraft:smoker":2,"minecraft:potato":44,"minecraft:flint":1,"argentinas_delight:maderadeobra":2,"minecraft:oak_log":135,"minecraft:lapis_lazuli":45,"minecraft:dirt":117,"simplefarming:grape_seeds":1,"minecraft:orange_terracotta":1,"minecraft:bone":13,"minecraft:apple":12,"minecraft:wheat_seeds":272,"minecraft:stone_pickaxe":2,"minecraft:iron_ingot":3,"born_in_chaos_v1:chipped_black_argillite_brick":1,"vinery:grapevine_stem":24,"minecraft:oak_planks":77,"projectvibrantjourneys:light_brown_bark_mushroom":4,"minecraft:pumpkin":18,"croptopia:plum":5,"farm_and_charm:strawberry_seeds":1,"croptopia:starfruit":12,"minecraft:gravel":13,"simplefarming:blueberries":2,"minecraft:spruce_sapling":6,"minecraft:spruce_log":68,"croptopia:cherry":8,"croptopia:lemon":3,"simplefarming:sweet_potato_seeds":1,"autumnity:maple_sapling":10,"argentinas_delight:cuernodetoro":1,"projectvibrantjourneys:orange_bark_mushroom":4,"minecraft:oak_sapling":106,"minecraft:netherrack":6,"minecraft:coal":110,"minecraft:crimson_roots":1},"minecraft:broken":{"minecraft:stone_pickaxe":3,"minecraft:wooden_axe":2},"minecraft:mined":{"projectvibrantjourneys:rocks":2,"upgrade_aquatic:embedded_ammonite":1,"minecraft:grass_block":35,"born_in_chaos_v1:black_argillite":20,"minecraft:crimson_roots":1,"minecraft:acacia_slab":1,"autumnity:maple_log":15,"minecraft:hay_block":1,"minecraft:magma_block":16,"minecraft:carrots":5,"minecraft:fire":4,"minecraft:pumpkin":6,"minecraft:potatoes":12,"minecraft:cobblestone_slab":1,"argentinas_delight:basedearbolmate":1,"farm_and_charm:wild_strawberries":9,"ecologics:walnut_log":6,"minecraft:stone":802,"autumnity:orange_maple_leaf_pile":1,"minecraft:glass_pane":1,"minecraft:red_bed":1,"minecraft:crimson_nylium":4,"minecraft:smoker":2,"minecraft:orange_terracotta":1,"minecraft:crafting_table":3,"minecraft:torch":3,"minecraft:note_block":1,"ecologics:walnut_leaves":4,"minecraft:chest":1,"projectvibrantjourneys:mossy_rocks":1,"quark:blossom_log":80,"minecraft:cobblestone":11,"minecraft:tall_grass":8,"minecraft:copper_ore":1,"born_in_chaos_v1:chipped_black_argillite_brick":1,"minecraft:lapis_ore":1,"projectvibrantjourneys:fallen_leaves":1,"minecraft:oak_planks":6,"minecraft:diorite":19,"mores:tin_ore":8,"minecraft:wall_torch":2,"minecraft:mud":1,"born_in_chaos_v1:fired_black_argillite":3,"minecraft:wheat":94,"minecraft:lilac":2,"born_in_chaos_v1:black_argillite_brick":6,"minecraft:grass":89,"minecraft:oak_log":149,"minecraft:coal_ore":8,"projectvibrantjourneys:short_grass":49,"minecraft:gravel":14,"minecraft:acacia_fence":1,"minecraft:dirt":65,"minecraft:acacia_planks":2,"minecraft:netherrack":7,"minecraft:oak_leaves":12},"minecraft:dropped":{"upgrade_aquatic:embedded_ammonite":1,"minecraft:iron_ingot":3,"minecraft:lapis_lazuli":45,"minecraft:lilac":2,"croptopia:starfruit":12,"spartanweaponry:iron_throwing_knife":1,"minecraft:cobblestone":84,"ecologics:walnut_sapling":8,"projectvibrantjourneys:orange_bark_mushroom":4,"minecraft:item_frame":1,"minecraft:dirt":3,"neapolitan:vanilla_pods":5,"quark:blossom_log":70,"croptopia:lemon":1,"spartanweaponry:iron_battleaxe":1,"minecraft:wooden_axe":1,"minecraft:pumpkin":12,"minecraft:iron_axe":2,"minecraft:iron_pickaxe":1,"croptopia:plum":5,"projectvibrantjourneys:bark_mushroom":1,"ecologics:walnut_log":6,"minecraft:oak_door":2,"simplefarming:blueberries":2,"minecraft:stone_axe":1,"minecraft:wheat":7,"minecraft:stone_shovel":1,"minecraft:chicken":1,"minecraft:rotten_flesh":3,"simplefarming:raspberries":3,"minecraft:oak_planks":136,"minecraft:iron_boots":1,"argentinas_delight:maderadeobra":2,"autumnity:maple_sapling":10,"minecraft:pumpkin_seeds":24,"argentinas_delight:cuernodetoro":1,"projectvibrantjourneys:light_brown_bark_mushroom":4,"farm_and_charm:strawberry_seeds":1,"ecologics:walnut":5,"autumnity:maple_planks":40,"minecraft:orange_terracotta":1,"minecraft:spruce_planks":226,"simplefarming:strawberries":1,"minecraft:oak_sapling":106,"minecraft:spruce_log":6,"minecraft:stone_pickaxe":4,"quark:orange_blossom_sapling":3,"vinery:grapevine_stem":48,"minecraft:wooden_pickaxe":1,"minecraft:beef":6,"minecraft:egg":1},"minecraft:crafted":{"minecraft:oak_door":3,"minecraft:oak_planks":492,"minecraft:stone_shovel":2,"minecraft:oak_sign":3,"minecraft:stone":8,"minecraft:bone_meal":27,"minecraft:stone_pickaxe":8,"autumnity:maple_planks":60,"minecraft:stone_hoe":1,"minecraft:wheat":9,"minecraft:crafting_table":3,"minecraft:spruce_planks":248,"minecraft:baked_potato":30,"minecraft:wooden_pickaxe":1,"minecraft:pumpkin_seeds":24,"minecraft:stone_axe":1,"minecraft:bread":26,"minecraft:air":0,"woodworks:oak_chest":4,"minecraft:stick":80,"minecraft:wooden_axe":3,"minecraft:torch":64},"minecraft:custom":{"minecraft:mob_kills":17,"minecraft:animals_bred":1,"minecraft:interact_with_crafting_table":21,"minecraft:open_barrel":12,"minecraft:leave_game":3,"minecraft:time_since_death":55770,"minecraft:climb_one_cm":5193,"minecraft:sprint_one_cm":262650,"minecraft:walk_one_cm":358875,"minecraft:drop":74,"minecraft:play_noteblock":3,"minecraft:talked_to_villager":1,"minecraft:play_time":121317,"minecraft:deaths":1,"minecraft:sneak_time":5458,"minecraft:walk_under_water_one_cm":10560,"minecraft:jump":2161,"minecraft:interact_with_blast_furnace":1,"minecraft:walk_on_water_one_cm":9792,"minecraft:total_world_time":121317,"minecraft:interact_with_furnace":7,"minecraft:time_since_rest":55013,"minecraft:damage_taken":1912,"minecraft:damage_dealt":2100,"minecraft:swim_one_cm":20382,"minecraft:fly_one_cm":478052,"minecraft:open_chest":66,"minecraft:crouch_one_cm":27740,"tombstone:undead_killed":3,"minecraft:interact_with_smoker":6,"minecraft:fall_one_cm":72608},"minecraft:killed":{"born_in_chaos_v1:zombie_clown_not_despawn":1,"born_in_chaos_v1:zombie_bruiser":1,"born_in_chaos_v1:maggot":7,"minecraft:skeleton":1,"minecraft:chicken":1,"minecraft:cow":6},"minecraft:used":{"minecraft:stone_shovel":114,"simplefarming:soybean_seeds":1,"minecraft:oak_sign":1,"minecraft:spruce_planks":30,"woodworks:oak_chest":4,"spartanweaponry:iron_halberd":49,"born_in_chaos_v1:black_argillite":1,"minecraft:stone_hoe":37,"minecraft:netherrack":6,"minecraft:oak_door":1,"minecraft:torch":14,"minecraft:dirt":4,"mores:sterling_helmet":1,"minecraft:wooden_axe":183,"autumnity:maple_planks":20,"spartanweaponry:iron_rapier":6,"minecraft:iron_boots":10,"neapolitan:vanilla_fudge":22,"minecraft:item_frame":2,"minecraft:magma_block":2,"ecologics:walnut":1,"minecraft:potato":16,"minecraft:wheat_seeds":105,"tombstone:scroll_of_knowledge":1,"minecraft:water_bucket":13,"croptopia:lemon":2,"minecraft:stone_pickaxe":696,"minecraft:baked_potato":12,"minecraft:oak_planks":18,"minecraft:wooden_pickaxe":3,"simplefarming:blackberry_bush":4,"simplefarming:strawberries":1,"minecraft:crafting_table":6,"minecraft:red_bed":1,"minecraft:smoker":2,"spartanweaponry:iron_battleaxe":23,"minecraft:oak_log":12,"minecraft:mud":1,"minecraft:apple":12,"minecraft:bread":10,"minecraft:iron_pickaxe":225,"minecraft:spruce_sapling":6,"minecraft:lilac":1,"minecraft:stone_axe":137,"minecraft:cobblestone":62,"minecraft:bucket":14,"minecraft:bone_meal":2}},"DataVersion":3465}