{"stats":{"minecraft:picked_up":{"projectvibrantjourneys:light_brown_bark_mushroom":4,"minecraft:stick":49,"croptopia:plum":5,"minecraft:lilac":2,"minecraft:chicken":1,"autumnity:maple_planks":40,"autumnity:maple_log":15,"croptopia:starfruit":12,"projectvibrantjourneys:bark_mushroom":1,"argentinas_delight:maderadeobra":2,"minecraft:oak_log":129,"croptopia:lemon":3,"croptopia:cherry":8,"minecraft:bone":4,"minecraft:arrow":2,"minecraft:apple":10,"autumnity:maple_sapling":10,"projectvibrantjourneys:orange_bark_mushroom":4,"minecraft:oak_sapling":52,"minecraft:cobblestone":3,"minecraft:egg":1},"minecraft:mined":{"minecraft:lilac":1,"minecraft:oak_log":139,"projectvibrantjourneys:short_grass":1,"argentinas_delight:basedearbolmate":1,"minecraft:stone":3,"mores:tin_ore":2,"autumnity:maple_log":15,"minecraft:oak_leaves":12},"minecraft:broken":{"minecraft:wooden_axe":2},"minecraft:dropped":{"projectvibrantjourneys:light_brown_bark_mushroom":2,"minecraft:lilac":1,"croptopia:starfruit":12,"autumnity:maple_planks":40,"minecraft:wooden_axe":1,"minecraft:wooden_pickaxe":1,"autumnity:maple_sapling":2,"projectvibrantjourneys:bark_mushroom":1,"projectvibrantjourneys:orange_bark_mushroom":2},"minecraft:crafted":{"minecraft:oak_planks":328,"minecraft:crafting_table":3,"minecraft:stick":80,"minecraft:wooden_pickaxe":1,"minecraft:stone_pickaxe":1,"minecraft:wooden_axe":3,"autumnity:maple_planks":60},"minecraft:custom":{"minecraft:time_since_rest":14080,"minecraft:sprint_one_cm":48065,"minecraft:damage_taken":230,"minecraft:walk_one_cm":41375,"minecraft:mob_kills":1,"minecraft:drop":9,"minecraft:damage_dealt":154,"minecraft:swim_one_cm":428,"minecraft:interact_with_crafting_table":5,"minecraft:fly_one_cm":44540,"minecraft:crouch_one_cm":66,"minecraft:play_time":14080,"minecraft:sneak_time":8,"minecraft:walk_under_water_one_cm":199,"minecraft:jump":270,"minecraft:time_since_death":14080,"minecraft:walk_on_water_one_cm":171,"minecraft:total_world_time":14080,"minecraft:fall_one_cm":9877},"minecraft:killed":{"minecraft:chicken":1},"minecraft:used":{"minecraft:oak_log":4,"minecraft:wooden_axe":183,"minecraft:apple":7,"minecraft:stone_pickaxe":2,"autumnity:maple_planks":20,"minecraft:wooden_pickaxe":3,"minecraft:crafting_table":3}},"DataVersion":3465}