{"stats":{"minecraft:picked_up":{"minecraft:mud":1,"minecraft:crafting_table":3,"ecologics:walnut":12,"minecraft:lilac":3,"minecraft:chicken":1,"autumnity:maple_log":15,"argentinas_delight:maderadeobra":2,"minecraft:oak_log":131,"minecraft:lapis_lazuli":45,"minecraft:dirt":7,"minecraft:bone":4,"ecologics:walnut_sapling":8,"minecraft:apple":12,"minecraft:oak_planks":4,"minecraft:egg":1,"projectvibrantjourneys:light_brown_bark_mushroom":4,"minecraft:stick":52,"minecraft:pumpkin":6,"ecologics:walnut_log":3,"autumnity:maple_planks":40,"croptopia:plum":5,"croptopia:starfruit":12,"projectvibrantjourneys:bark_mushroom":1,"simplefarming:raspberries":3,"minecraft:spruce_sapling":4,"minecraft:spruce_log":6,"mores:raw_tin":17,"croptopia:cherry":8,"croptopia:lemon":3,"minecraft:arrow":3,"autumnity:maple_sapling":10,"simplefarming:strawberries":2,"projectvibrantjourneys:orange_bark_mushroom":4,"minecraft:oak_sapling":53,"minecraft:coal":64,"minecraft:cobblestone":115},"minecraft:broken":{"minecraft:wooden_axe":2},"minecraft:mined":{"autumnity:orange_maple_leaf_pile":1,"projectvibrantjourneys:rocks":1,"minecraft:crafting_table":3,"minecraft:grass_block":3,"ecologics:walnut_leaves":4,"minecraft:copper_ore":1,"minecraft:lapis_ore":1,"projectvibrantjourneys:fallen_leaves":1,"minecraft:oak_planks":6,"autumnity:maple_log":15,"mores:tin_ore":4,"minecraft:mud":1,"minecraft:lilac":2,"minecraft:pumpkin":6,"minecraft:coal_ore":5,"minecraft:oak_log":147,"projectvibrantjourneys:short_grass":2,"argentinas_delight:basedearbolmate":1,"minecraft:dirt":2,"ecologics:walnut_log":6,"minecraft:stone":115,"minecraft:oak_leaves":12},"minecraft:dropped":{"minecraft:oak_door":2,"croptopia:starfruit":12,"minecraft:lilac":2,"minecraft:chicken":1,"minecraft:cobblestone":35,"simplefarming:raspberries":3,"ecologics:walnut_sapling":8,"argentinas_delight:maderadeobra":2,"autumnity:maple_sapling":10,"projectvibrantjourneys:orange_bark_mushroom":4,"minecraft:dirt":3,"projectvibrantjourneys:light_brown_bark_mushroom":4,"ecologics:walnut":5,"autumnity:maple_planks":40,"croptopia:lemon":1,"minecraft:wooden_axe":1,"simplefarming:strawberries":1,"minecraft:wooden_pickaxe":1,"croptopia:plum":5,"projectvibrantjourneys:bark_mushroom":1,"minecraft:egg":1},"minecraft:crafted":{"minecraft:oak_door":3,"minecraft:oak_planks":328,"minecraft:oak_sign":3,"minecraft:crafting_table":3,"minecraft:wooden_pickaxe":1,"minecraft:stone_axe":1,"minecraft:stick":80,"minecraft:stone_pickaxe":1,"minecraft:wooden_axe":3,"autumnity:maple_planks":60},"minecraft:custom":{"minecraft:interact_with_furnace":5,"minecraft:mob_kills":2,"minecraft:interact_with_crafting_table":9,"minecraft:leave_game":1,"minecraft:time_since_death":41730,"minecraft:climb_one_cm":123,"minecraft:time_since_rest":41730,"minecraft:sprint_one_cm":97644,"minecraft:damage_taken":670,"minecraft:walk_one_cm":93926,"minecraft:drop":26,"minecraft:damage_dealt":294,"minecraft:swim_one_cm":9152,"minecraft:fly_one_cm":177812,"minecraft:open_chest":8,"tombstone:undead_killed":1,"minecraft:crouch_one_cm":6832,"minecraft:play_time":41730,"minecraft:sneak_time":1356,"minecraft:walk_under_water_one_cm":2172,"minecraft:jump":890,"minecraft:interact_with_blast_furnace":1,"minecraft:walk_on_water_one_cm":3242,"minecraft:total_world_time":41730,"minecraft:interact_with_smoker":1,"minecraft:fall_one_cm":27256},"minecraft:killed":{"minecraft:skeleton":1,"minecraft:chicken":1},"minecraft:used":{"croptopia:lemon":2,"minecraft:stone_pickaxe":126,"minecraft:oak_planks":18,"minecraft:oak_sign":1,"minecraft:wooden_pickaxe":3,"minecraft:oak_door":1,"simplefarming:strawberries":1,"minecraft:dirt":4,"minecraft:crafting_table":5,"minecraft:oak_log":4,"minecraft:mud":1,"minecraft:wooden_axe":183,"minecraft:apple":11,"minecraft:bread":9,"autumnity:maple_planks":20,"minecraft:lilac":1,"minecraft:stone_axe":38,"minecraft:cobblestone":10,"ecologics:walnut":1}},"DataVersion":3465}