{"stats":{"minecraft:picked_up":{"minecraft:wheat":179,"vinery:red_grape":5,"autumnity:maple_log":15,"minecraft:enchanted_book":1,"born_in_chaos_v1:black_argillite":19,"minecraft:string":6,"minecraft:raw_copper":85,"mores:tourmaline_gem":8,"minecraft:zombie_head":2,"minecraft:cobbled_deepslate":34,"minecraft:spruce_planks":84,"minecraft:cobblestone_slab":1,"upgrade_aquatic:embedded_ammonite":1,"spartanweaponry:iron_flanged_mace":1,"minecraft:iron_boots":1,"minecraft:furnace":3,"minecraft:stick":66,"autumnity:maple_planks":40,"ecologics:walnut_log":6,"minecraft:torch":13,"quark:blossom_log":133,"simplefarming:raspberries":5,"tombstone:grave_dust":7,"mores:topaz_gem":15,"minecraft:diorite":44,"mores:raw_tin":58,"minecraft:rotten_flesh":29,"simplefarming:pepper_seeds":1,"minecraft:blaze_rod":2,"minecraft:cobblestone":890,"minecraft:magma_block":19,"ecologics:walnut":12,"minecraft:lilac":3,"minecraft:andesite":7,"spartanweaponry:iron_battleaxe":1,"minecraft:smoker":2,"minecraft:potato":77,"minecraft:flint":1,"minecraft:tuff":7,"minecraft:lapis_lazuli":51,"minecraft:dirt":118,"simplefarming:cucumber_seeds":1,"minecraft:bone":29,"minecraft:wheat_seeds":587,"minecraft:raw_gold":18,"vinery:grapevine_stem":24,"minecraft:oak_planks":77,"croptopia:plum":5,"farm_and_charm:strawberry_seeds":1,"mores:raw_cobalt":8,"croptopia:cherry":8,"minecraft:diamond":2,"autumnity:maple_sapling":10,"minecraft:granite":3,"minecraft:bread":6,"mores:raw_silver":4,"minecraft:oak_sapling":106,"minecraft:netherrack":12,"minecraft:crimson_roots":1,"minecraft:crafting_table":7,"treasure2:dread_pirate_chest":1,"minecraft:mud":1,"born_in_chaos_v1:diamond_termite_shard":8,"minecraft:chicken":1,"born_in_chaos_v1:fired_black_argillite":3,"minecraft:shield":1,"farm_and_charm:cooking_pot":1,"minecraft:red_bed":1,"minecraft:iron_axe":3,"minecraft:item_frame":3,"born_in_chaos_v1:black_argillite_brick":6,"ecologics:walnut_sapling":8,"minecraft:beef":6,"minecraft:iron_nugget":3,"minecraft:poppy":1,"minecraft:chest":1,"simplefarming:barley_seeds":1,"minecraft:egg":1,"minecraft:raw_iron":80,"minecraft:copper_ingot":4,"projectvibrantjourneys:bark_mushroom":3,"minecraft:note_block":1,"minecraft:fire_charge":1,"simplefarming:onion_seeds":1,"born_in_chaos_v1:pieceofdarkmetal":2,"minecraft:redstone":8,"croptopia:grape":1,"minecraft:arrow":3,"quark:orange_blossom_sapling":3,"simplefarming:strawberries":5,"crittersandcompanions:silk":3,"minecraft:hay_block":1,"farm_and_charm:strawberry":29,"minecraft:gold_ingot":4,"minecraft:bone_block":10,"minecraft:rail":1,"born_in_chaos_v1:fused_bone":2,"born_in_chaos_v1:corpse_maggot":12,"simplefarming:soybean_seeds":1,"minecraft:leather":3,"argentinas_delight:maderadeobra":2,"minecraft:oak_log":135,"simplefarming:grape_seeds":1,"minecraft:orange_terracotta":1,"minecraft:apple":12,"minecraft:iron_ingot":13,"minecraft:stone_pickaxe":3,"born_in_chaos_v1:chipped_black_argillite_brick":1,"minecraft:cobweb":14,"projectvibrantjourneys:light_brown_bark_mushroom":4,"minecraft:pumpkin":18,"croptopia:starfruit":12,"minecraft:gravel":14,"simplefarming:blueberries":2,"minecraft:spruce_sapling":13,"minecraft:spruce_log":70,"minecraft:spider_eye":1,"simplefarming:blackberries":4,"treasure2:copper_coin":1,"croptopia:lemon":3,"minecraft:slime_ball":2,"simplefarming:sweet_potato_seeds":1,"treasure2:silver_coin":17,"projectvibrantjourneys:orange_bark_mushroom":5,"argentinas_delight:cuernodetoro":1,"minecraft:coal":298},"minecraft:mined":{"minecraft:spruce_planks":2,"farm_and_charm:cooking_pot":1,"minecraft:granite":3,"minecraft:grass_block":35,"autumnity:maple_log":15,"minecraft:magma_block":16,"mores:deepslate_tourmaline_ore":7,"minecraft:iron_ore":16,"minecraft:fire":4,"minecraft:pumpkin":6,"minecraft:deepslate_lapis_ore":1,"argentinas_delight:basedearbolmate":1,"farm_and_charm:wild_strawberries":9,"ecologics:walnut_log":6,"minecraft:deepslate_redstone_ore":2,"autumnity:orange_maple_leaf_pile":1,"minecraft:red_bed":1,"minecraft:smoker":2,"minecraft:crimson_nylium":4,"immersive_weathering:spruce_leaf_pile":54,"minecraft:orange_terracotta":1,"minecraft:torch":5,"minecraft:note_block":1,"minecraft:chest":1,"treasure2:dread_pirate_chest":1,"quark:blossom_log":80,"minecraft:cobblestone":18,"projectvibrantjourneys:fallen_leaves":1,"minecraft:oak_planks":6,"minecraft:wall_torch":2,"minecraft:mud":1,"minecraft:wheat":178,"born_in_chaos_v1:fired_black_argillite":3,"minecraft:lilac":2,"born_in_chaos_v1:black_argillite_brick":6,"minecraft:grass":97,"minecraft:oak_log":149,"projectvibrantjourneys:short_grass":50,"minecraft:acacia_fence":1,"minecraft:dirt":65,"mores:silver_ore":4,"minecraft:netherrack":13,"mores:deepslate_topaz_ore":15,"minecraft:oak_leaves":13,"minecraft:deepslate":24,"minecraft:tuff":8,"minecraft:deepslate_diamond_ore":1,"projectvibrantjourneys:rocks":3,"born_in_chaos_v1:infected_diamond_ore":5,"upgrade_aquatic:embedded_ammonite":1,"born_in_chaos_v1:black_argillite":20,"minecraft:crimson_roots":1,"minecraft:acacia_slab":1,"iter_rpg:big_vase":1,"minecraft:hay_block":1,"minecraft:carrots":5,"minecraft:furnace":4,"iter_rpg:small_vase":1,"minecraft:andesite":11,"treasure2:gravestone1_polished_granite":1,"minecraft:potatoes":21,"minecraft:cobblestone_slab":1,"minecraft:deepslate_iron_ore":5,"minecraft:rail":1,"crittersandcompanions:silk_cocoon":1,"minecraft:stone":905,"minecraft:glass_pane":1,"mores:cobalt_ore":4,"minecraft:crafting_table":5,"ecologics:walnut_leaves":4,"projectvibrantjourneys:mossy_rocks":1,"minecraft:tall_grass":8,"minecraft:copper_ore":2,"born_in_chaos_v1:chipped_black_argillite_brick":1,"minecraft:lapis_ore":1,"minecraft:deepslate_gold_ore":5,"minecraft:diorite":34,"mores:tin_ore":9,"iter_rpg:abyss_quartz":1,"mores:deepslate_tin_ore":1,"minecraft:coal_ore":11,"minecraft:gravel":15,"minecraft:acacia_planks":2},"minecraft:crafted":{"minecraft:oak_planks":492,"minecraft:oak_sign":3,"minecraft:stone":8,"autumnity:maple_planks":60,"minecraft:stone_hoe":1,"minecraft:crafting_table":4,"minecraft:spruce_planks":256,"minecraft:wooden_pickaxe":1,"minecraft:baked_potato":30,"minecraft:pumpkin_seeds":24,"minecraft:iron_chestplate":2,"minecraft:stick":80,"minecraft:iron_ingot":31,"minecraft:iron_pickaxe":1,"minecraft:gold_ingot":10,"mores:tourmaline_helmet":1,"minecraft:oak_door":3,"minecraft:stone_shovel":2,"minecraft:bone_meal":51,"minecraft:stone_pickaxe":8,"minecraft:wheat":9,"minecraft:stone_axe":1,"minecraft:bread":35,"minecraft:air":0,"woodworks:oak_chest":4,"minecraft:wooden_axe":3,"minecraft:iron_leggings":2,"minecraft:torch":112},"minecraft:dropped":{"minecraft:lapis_lazuli":45,"farm_and_charm:strawberry":15,"ecologics:walnut_sapling":8,"minecraft:rail":1,"projectvibrantjourneys:orange_bark_mushroom":5,"minecraft:item_frame":1,"minecraft:dirt":3,"minecraft:iron_pickaxe":1,"projectvibrantjourneys:bark_mushroom":3,"minecraft:bone":6,"minecraft:oak_door":2,"minecraft:gravel":1,"simplefarming:blueberries":2,"minecraft:stone_axe":1,"minecraft:iron_nugget":3,"minecraft:cobbled_deepslate":18,"minecraft:wheat":7,"tombstone:gift":1,"minecraft:rotten_flesh":3,"minecraft:oak_planks":136,"argentinas_delight:maderadeobra":2,"mores:sterling_helmet":1,"simplefarming:pepper_seeds":1,"autumnity:maple_sapling":10,"treasure2:silver_coin":33,"argentinas_delight:cuernodetoro":1,"projectvibrantjourneys:light_brown_bark_mushroom":4,"treasure2:copper_coin":1,"born_in_chaos_v1:corpse_maggot":4,"simplefarming:strawberries":1,"born_in_chaos_v1:diamond_termite_shard":8,"minecraft:beef":6,"simplefarming:barley_seeds":1,"minecraft:egg":1,"upgrade_aquatic:embedded_ammonite":1,"minecraft:iron_ingot":7,"minecraft:bread":19,"minecraft:wheat_seeds":128,"croptopia:starfruit":12,"minecraft:lilac":2,"spartanweaponry:iron_throwing_knife":1,"mores:topaz_gem":1,"minecraft:cobblestone":90,"minecraft:granite":3,"minecraft:coal":20,"minecraft:cobweb":7,"neapolitan:vanilla_pods":5,"spartanweaponry:iron_flanged_mace":1,"minecraft:diorite":21,"quark:blossom_log":70,"minecraft:torch":28,"mores:tourmaline_gem":1,"croptopia:lemon":1,"spartanweaponry:iron_battleaxe":2,"minecraft:wooden_axe":1,"minecraft:zombie_head":1,"tombstone:grave_dust":1,"minecraft:iron_leggings":1,"minecraft:pumpkin":12,"minecraft:iron_axe":2,"croptopia:plum":5,"ecologics:walnut_log":6,"minecraft:redstone":8,"minecraft:raw_copper":29,"mores:raw_tin":11,"minecraft:tuff":7,"minecraft:stone_shovel":1,"minecraft:chicken":1,"simplefarming:raspberries":3,"minecraft:iron_boots":2,"mores:raw_cobalt":8,"minecraft:pumpkin_seeds":24,"crittersandcompanions:silk":3,"farm_and_charm:strawberry_seeds":1,"ecologics:walnut":5,"minecraft:orange_terracotta":1,"autumnity:maple_planks":40,"simplefarming:cucumber_seeds":1,"minecraft:spruce_planks":226,"minecraft:iron_chestplate":1,"minecraft:andesite":7,"minecraft:oak_sapling":106,"minecraft:spruce_log":6,"quark:orange_blossom_sapling":3,"vinery:grapevine_stem":48,"minecraft:stone_pickaxe":5,"minecraft:wooden_pickaxe":1},"minecraft:used":{"minecraft:bone_block":10,"minecraft:oak_sign":1,"minecraft:shield":8,"autumnity:maple_planks":20,"neapolitan:vanilla_fudge":22,"minecraft:item_frame":2,"minecraft:magma_block":2,"minecraft:furnace":2,"minecraft:potato":39,"minecraft:stone_pickaxe":909,"minecraft:oak_planks":18,"minecraft:wooden_pickaxe":3,"simplefarming:strawberries":4,"minecraft:bread":34,"minecraft:lilac":1,"minecraft:bone_meal":2,"minecraft:stone_shovel":114,"simplefarming:soybean_seeds":1,"spartanweaponry:iron_halberd":58,"woodworks:oak_chest":4,"minecraft:spruce_planks":34,"born_in_chaos_v1:black_argillite":1,"minecraft:stone_hoe":37,"minecraft:netherrack":6,"minecraft:oak_door":1,"minecraft:torch":71,"minecraft:dirt":5,"mores:sterling_helmet":1,"minecraft:wooden_axe":183,"spartanweaponry:iron_rapier":177,"minecraft:iron_boots":10,"ecologics:walnut":1,"tombstone:gift":1,"minecraft:cobbled_deepslate":12,"minecraft:iron_leggings":1,"minecraft:wheat_seeds":158,"minecraft:water_bucket":19,"tombstone:scroll_of_knowledge":1,"croptopia:lemon":2,"minecraft:baked_potato":30,"simplefarming:blackberry_bush":4,"minecraft:crafting_table":10,"minecraft:red_bed":1,"minecraft:smoker":2,"spartanweaponry:iron_battleaxe":24,"minecraft:oak_log":12,"minecraft:mud":1,"minecraft:apple":12,"minecraft:iron_pickaxe":362,"minecraft:spruce_sapling":13,"minecraft:stone_axe":137,"farm_and_charm:cooking_pot":1,"minecraft:cobblestone":173,"minecraft:bucket":20},"minecraft:custom":{"minecraft:animals_bred":1,"minecraft:interact_with_crafting_table":33,"minecraft:open_barrel":22,"minecraft:leave_game":4,"minecraft:time_since_death":17967,"minecraft:sprint_one_cm":539552,"minecraft:damage_blocked_by_shield":1035,"minecraft:drop":154,"minecraft:play_noteblock":3,"minecraft:talked_to_villager":1,"minecraft:play_time":210467,"minecraft:deaths":2,"minecraft:jump":3674,"minecraft:walk_on_water_one_cm":30519,"minecraft:interact_with_furnace":32,"minecraft:sleep_in_bed":1,"minecraft:damage_dealt":12280,"minecraft:crouch_one_cm":41784,"tombstone:undead_killed":26,"minecraft:interact_with_smoker":9,"minecraft:interact_with_smithing_table":1,"minecraft:mob_kills":74,"minecraft:damage_dealt_resisted":199,"minecraft:climb_one_cm":5193,"minecraft:walk_one_cm":672674,"minecraft:sneak_time":9754,"minecraft:walk_under_water_one_cm":14657,"minecraft:interact_with_blast_furnace":5,"minecraft:total_world_time":210467,"minecraft:time_since_rest":661,"minecraft:damage_taken":4149,"minecraft:swim_one_cm":61012,"minecraft:fly_one_cm":785860,"minecraft:open_chest":88,"minecraft:fall_one_cm":115859},"minecraft:broken":{"minecraft:stone_pickaxe":5,"minecraft:wooden_axe":2},"minecraft:killed":{"minecraft:cave_spider":1,"born_in_chaos_v1:zombie_lumberjack":1,"minecraft:spider":3,"born_in_chaos_v1:siamese_skeletonsright":2,"minecraft:skeleton":1,"minecraft:chicken":1,"enemyexpansion:vampflyer":2,"born_in_chaos_v1:diamond_termite":7,"enemyexpansion:meature":1,"minecraft:zombie":7,"born_in_chaos_v1:corpse_fly":5,"minecraft:cow":6,"born_in_chaos_v1:siamese_skeletonsleft":2,"enemyexpansion:trollenraged":1,"born_in_chaos_v1:zombie_clown_not_despawn":1,"enemyexpansion:vampbiter":1,"enemyexpansion:intruder":2,"enemyexpansion:direwolf":1,"born_in_chaos_v1:zombie_bruiser":1,"born_in_chaos_v1:maggot":14,"born_in_chaos_v1:corpse_fish":2,"luminousworld:savannah_zombie":2,"treasure2:bound_soul":1,"born_in_chaos_v1:swarmer":1,"born_in_chaos_v1:decrepit_skeleton":2,"born_in_chaos_v1:bloody_gadfly":1,"enemyexpansion:huntsman":1}},"DataVersion":3465}