{"stats":{"minecraft:dropped":{"minecraft:grass_block":1,"vinery:bottle_mojang_noir":1,"neapolitan:chocolate_milkshake":1,"minecraft:gold_ingot":1},"minecraft:mined":{"minecraft:grass_block":770,"minecraft:dirt_path":1,"minecraft:dirt":1396,"minecraft:stone":5},"minecraft:custom":{"minecraft:interact_with_furnace":1,"minecraft:mob_kills":1,"minecraft:time_since_death":55240,"minecraft:time_since_rest":55240,"minecraft:sprint_one_cm":81704,"minecraft:damage_taken":60,"minecraft:walk_one_cm":165938,"minecraft:drop":4,"minecraft:damage_dealt":72,"minecraft:fly_one_cm":1110746,"minecraft:open_chest":1,"minecraft:crouch_one_cm":433,"minecraft:play_time":55240,"minecraft:sneak_time":258,"minecraft:jump":469,"minecraft:total_world_time":55240,"minecraft:fall_one_cm":855},"minecraft:picked_up":{"simplefarming:pea_seeds":1,"ecologics:walnut":5,"minecraft:azure_bluet":1,"minecraft:feather":6,"simplefarming:soybean_seeds":1,"born_in_chaos_v1:river_mint":2,"croptopia:sweetpotato_seed":2,"farm_and_charm:barley":4,"minecraft:shield":1,"simplefarming:broccoli_seeds":1,"minecraft:cornflower":1,"minecraft:dirt":1920,"simplefarming:zucchini_seeds":1,"iter_rpg:etherbloom":1,"untamedwilds:food_turtle_raw":2,"untamedwilds:spawn_tortoise":1,"simplefarming:cucumber_seeds":1,"minecraft:bone":3,"minecraft:apple":4,"minecraft:beetroot":5,"ecologics:walnut_sapling":2,"minecraft:wheat_seeds":44,"simplefarming:oat_seeds":1,"simplefarming:kenaf_seeds":2,"simplefarming:honeydew_seeds":1,"minecraft:red_dye":1,"simplefarming:barley_seeds":2,"simplefarming:spinach_seeds":2,"minecraft:stick":5,"autumnity:maple_planks":4,"farm_and_charm:strawberry_seeds":1,"minecraft:torch":1,"minecraft:dandelion":5,"untamedwilds:flora_bush_temperate":3,"farmersdelight:tomato_seeds":1,"simplefarming:onion_seeds":1,"tombstone:grave_dust":2,"minecraft:grass_block":1,"simplefarming:squash_seeds":1,"farm_and_charm:wild_nettle":2,"alexsmobs:animal_dictionary":1,"simplefarming:eggplant_seeds":1,"minecraft:rotten_flesh":1,"simplefarming:sweet_potato_seeds":1,"butcher:butchersguidebook":1,"crittersandcompanions:silk":3,"autumnity:orange_maple_sapling":2,"farm_and_charm:strawberry":9,"projectvibrantjourneys:orange_bark_mushroom":1,"born_in_chaos_v1:rotten_fish":1,"simplefarming:cassava_seeds":1,"minecraft:coal":26,"minecraft:cobblestone":5},"minecraft:used":{"camera:image_frame":2,"moa_decor_garden_:florero_thelecho":2,"vanillaplustools:diamond_shovel":49,"vinery:acacia_wine_rack_big":1,"minecraft:mud_brick_slab":12,"brewery:whiskey_cristelwalker":1,"minecraft:stone":1,"refurbished_furniture:orange_sofa":3,"mcwdoors:sliding_glass_door":3,"minecraft:oak_leaves":19,"minecraft:torch":109,"minecraft:dirt":110,"mcwlights:birch_ceiling_fan_light":1,"mcwlights:double_street_lamp":16,"mcwdoors:mangrove_bark_glass_door":2,"minecraft:diamond_shovel":89,"minecraft:light_gray_concrete":247,"minecraft:grass_block":16,"quark:light_gray_framed_glass_pane":25,"minecraft:blue_carpet":23,"mcwlights:classic_street_lamp":19,"quark:blossom_planks":201,"minecraft:smooth_stone_slab":270},"minecraft:killed":{"untamedwilds:tortoise":1}},"DataVersion":3465}