{"stats":{"minecraft:picked_up":{"projectvibrantjourneys:light_brown_bark_mushroom":1,"minecraft:crafting_table":1,"minecraft:stick":9,"croptopia:apricot":4,"croptopia:nectarine":2,"croptopia:starfruit":12,"projectvibrantjourneys:bark_mushroom":1,"argentinas_delight:maderadeobra":1,"minecraft:oak_log":8,"projectvibrantjourneys:rocks":1,"simplefarming:broccoli_seeds":1,"minecraft:dirt":13,"croptopia:lemon":8,"minecraft:bone":1,"minecraft:apple":2,"minecraft:wheat_seeds":8,"minecraft:beef":1,"argentinas_delight:cuernodetoro":1,"minecraft:oak_sapling":8,"minecraft:oxeye_daisy":1},"minecraft:dropped":{"minecraft:wheat_seeds":5,"minecraft:oak_sapling":3,"projectvibrantjourneys:bark_mushroom":1},"minecraft:mined":{"croptopia:nectarine_crop":2,"minecraft:lily_of_the_valley":1,"minecraft:lilac":1,"projectvibrantjourneys:bones":1,"minecraft:crafting_table":1,"projectvibrantjourneys:rocks":2,"argentinas_delight:ramasdematedeyerba":1,"croptopia:apricot_crop":6,"argentinas_delight:hojasdemate":2,"minecraft:grass":26,"projectvibrantjourneys:twigs":5,"minecraft:grass_block":11,"minecraft:oak_log":1,"projectvibrantjourneys:short_grass":32,"projectvibrantjourneys:mossy_rocks":1,"minecraft:dirt":3,"croptopia:lemon_crop":1,"minecraft:tall_grass":5,"projectvibrantjourneys:fallen_leaves":2,"minecraft:oxeye_daisy":1,"minecraft:oak_leaves":19},"minecraft:crafted":{"minecraft:oak_planks":32,"minecraft:crafting_table":2,"minecraft:wooden_pickaxe":1,"minecraft:wooden_axe":1},"minecraft:custom":{"minecraft:time_since_rest":22312,"minecraft:sprint_one_cm":37350,"minecraft:damage_taken":184,"minecraft:walk_one_cm":53139,"minecraft:mob_kills":1,"minecraft:drop":9,"minecraft:damage_dealt":190,"minecraft:interact_with_crafting_table":3,"minecraft:swim_one_cm":7415,"minecraft:fly_one_cm":40488,"minecraft:crouch_one_cm":201,"minecraft:play_time":22312,"minecraft:sneak_time":52,"minecraft:walk_under_water_one_cm":1039,"minecraft:jump":342,"minecraft:leave_game":2,"minecraft:walk_on_water_one_cm":1757,"minecraft:time_since_death":22312,"minecraft:total_world_time":22312,"minecraft:fall_one_cm":9136},"minecraft:killed":{"minecraft:cow":1},"minecraft:used":{"minecraft:wooden_axe":3,"croptopia:nectarine":2,"minecraft:apple":1,"croptopia:starfruit":12,"croptopia:apricot":4,"minecraft:dirt":11,"minecraft:crafting_table":2,"minecraft:oak_sapling":1}},"DataVersion":3465}