{"stats":{"minecraft:picked_up":{"projectvibrantjourneys:light_brown_bark_mushroom":1,"minecraft:crafting_table":1,"minecraft:stick":7,"croptopia:apricot":4,"croptopia:nectarine":2,"croptopia:starfruit":12,"projectvibrantjourneys:bark_mushroom":1,"argentinas_delight:maderadeobra":1,"minecraft:oak_log":8,"simplefarming:broccoli_seeds":1,"minecraft:dirt":13,"croptopia:lemon":8,"minecraft:bone":1,"minecraft:apple":2,"minecraft:wheat_seeds":5,"minecraft:oak_sapling":8,"minecraft:oxeye_daisy":1},"minecraft:dropped":{"minecraft:oak_sapling":3},"minecraft:mined":{"croptopia:nectarine_crop":2,"minecraft:lily_of_the_valley":1,"minecraft:lilac":1,"projectvibrantjourneys:bones":1,"minecraft:crafting_table":1,"projectvibrantjourneys:rocks":1,"argentinas_delight:ramasdematedeyerba":1,"croptopia:apricot_crop":6,"argentinas_delight:hojasdemate":2,"minecraft:grass":13,"projectvibrantjourneys:twigs":2,"minecraft:grass_block":11,"minecraft:oak_log":1,"projectvibrantjourneys:short_grass":29,"projectvibrantjourneys:mossy_rocks":1,"minecraft:dirt":3,"croptopia:lemon_crop":1,"minecraft:tall_grass":2,"projectvibrantjourneys:fallen_leaves":1,"minecraft:oxeye_daisy":1,"minecraft:oak_leaves":19},"minecraft:crafted":{"minecraft:oak_planks":32,"minecraft:crafting_table":2,"minecraft:wooden_pickaxe":1,"minecraft:wooden_axe":1},"minecraft:custom":{"minecraft:time_since_rest":15836,"minecraft:sprint_one_cm":26900,"minecraft:damage_taken":184,"minecraft:walk_one_cm":42919,"minecraft:drop":3,"minecraft:damage_dealt":90,"minecraft:interact_with_crafting_table":3,"minecraft:swim_one_cm":2163,"minecraft:fly_one_cm":33218,"minecraft:crouch_one_cm":201,"minecraft:play_time":15836,"minecraft:sneak_time":45,"minecraft:walk_under_water_one_cm":289,"minecraft:jump":266,"minecraft:leave_game":1,"minecraft:walk_on_water_one_cm":123,"minecraft:time_since_death":15836,"minecraft:total_world_time":15836,"minecraft:fall_one_cm":7404},"minecraft:used":{"minecraft:wooden_axe":2,"croptopia:nectarine":2,"minecraft:apple":1,"croptopia:starfruit":4,"croptopia:apricot":4,"minecraft:dirt":11,"minecraft:crafting_table":2,"minecraft:oak_sapling":1}},"DataVersion":3465}