{"stats":{"minecraft:used":{"minecraft:wooden_axe":13,"minecraft:apple":5,"minecraft:stone_pickaxe":51,"minecraft:oak_planks":3,"minecraft:wooden_pickaxe":3,"minecraft:torch":13,"minecraft:stone_axe":2,"croptopia:peach":5,"minecraft:crafting_table":3,"minecraft:furnace":1,"minecraft:oak_sapling":6,"mores:silver_sword":14},"minecraft:dropped":{"alexsmobs:animal_dictionary":1,"minecraft:bone_meal":1,"projectvibrantjourneys:bones":1,"minecraft:stone_pickaxe":1},"minecraft:killed":{"minecraft:pig":3,"minecraft:spider":1,"iter_rpg:spiderling":1,"born_in_chaos_v1:firelight_not_despawn":1,"minecraft:cow":1},"minecraft:custom":{"minecraft:time_since_rest":16794,"minecraft:interact_with_furnace":3,"minecraft:sprint_one_cm":33521,"minecraft:damage_taken":136,"minecraft:walk_one_cm":44179,"minecraft:mob_kills":7,"minecraft:drop":4,"minecraft:damage_dealt":687,"minecraft:swim_one_cm":3118,"minecraft:interact_with_crafting_table":8,"minecraft:fly_one_cm":45275,"minecraft:play_time":16794,"minecraft:walk_under_water_one_cm":1110,"minecraft:crouch_one_cm":851,"minecraft:sneak_time":425,"minecraft:jump":281,"minecraft:leave_game":2,"minecraft:time_since_death":16794,"minecraft:walk_on_water_one_cm":3379,"minecraft:total_world_time":16794,"minecraft:fall_one_cm":7153},"minecraft:mined":{"minecraft:furnace":1,"minecraft:crafting_table":2,"minecraft:grass":1,"projectvibrantjourneys:short_grass":1,"minecraft:coal_ore":2,"minecraft:oak_log":11,"mores:silver_ore":8,"minecraft:copper_ore":1,"minecraft:stone":32,"mores:tin_ore":10,"minecraft:oak_leaves":2},"minecraft:picked_up":{"minecraft:crafting_table":2,"minecraft:chicken":2,"croptopia:peach":5,"projectvibrantjourneys:bark_mushroom":1,"minecraft:leather":1,"minecraft:torch":1,"projectvibrantjourneys:bones":2,"minecraft:porkchop":6,"minecraft:oak_log":11,"alexsmobs:animal_dictionary":1,"minecraft:string":3,"minecraft:raw_copper":34,"mores:raw_tin":38,"minecraft:bone":2,"born_in_chaos_v1:fire_dust":1,"minecraft:slime_ball":1,"minecraft:apple":5,"simplefarming:strawberries":1,"minecraft:beef":2,"minecraft:stone_pickaxe":1,"minecraft:bone_meal":2,"minecraft:oak_sapling":6,"mores:raw_silver":8,"minecraft:coal":43,"minecraft:cobblestone":32,"minecraft:furnace":1},"minecraft:crafted":{"mores:silver_ingot":2,"minecraft:oak_planks":44,"minecraft:crafting_table":2,"minecraft:stick":16,"minecraft:wooden_pickaxe":1,"minecraft:stone_pickaxe":1,"minecraft:wooden_axe":1,"minecraft:stone_sword":1,"minecraft:furnace":1,"minecraft:torch":12,"minecraft:stone_axe":1,"mores:silver_sword":1}},"DataVersion":3465}