{"stats":{"minecraft:broken":{"vanillaplustools:stone_shovel":1},"minecraft:custom":{"minecraft:mob_kills":17,"minecraft:interact_with_crafting_table":43,"minecraft:open_barrel":3,"minecraft:leave_game":5,"minecraft:time_since_death":113656,"minecraft:sprint_one_cm":259288,"minecraft:walk_one_cm":336599,"minecraft:drop":39,"minecraft:play_time":113656,"minecraft:sneak_time":1445,"minecraft:walk_under_water_one_cm":9415,"minecraft:jump":2607,"minecraft:interact_with_blast_furnace":3,"minecraft:walk_on_water_one_cm":9361,"minecraft:total_world_time":113656,"minecraft:interact_with_furnace":41,"minecraft:sleep_in_bed":3,"minecraft:time_since_rest":27844,"minecraft:damage_taken":720,"minecraft:damage_dealt":1852,"minecraft:swim_one_cm":43800,"minecraft:fly_one_cm":708267,"minecraft:open_chest":55,"minecraft:crouch_one_cm":5455,"tombstone:undead_killed":1,"minecraft:interact_with_smoker":1,"minecraft:fall_one_cm":155680},"minecraft:mined":{"minecraft:spruce_planks":12,"projectvibrantjourneys:rocks":1,"mcwdoors:spruce_glass_door":2,"minecraft:grass_block":1180,"autumnity:maple_log":279,"minecraft:furnace":4,"bakery:kitchen_sink":1,"bakery:baker_station":2,"minecraft:red_tulip":1,"minecraft:dirt_path":3,"ecologics:walnut_log":4,"minecraft:stone":305,"upgrade_aquatic:glass_trapdoor":1,"minecraft:orange_bed":1,"bakery:brick_counter":4,"bakery:cake_stand":1,"autumnity:orange_maple_leaf_pile":13,"minecraft:glass_pane":9,"minecraft:red_bed":1,"minecraft:smoker":3,"autumnity:maple_planks":13,"minecraft:crafting_table":4,"autumnity:red_maple_leaves":1,"minecraft:blast_furnace":1,"minecraft:poppy":1,"woodworks:oak_chest":1,"minecraft:tall_grass":10,"minecraft:copper_ore":7,"minecraft:grindstone":1,"projectvibrantjourneys:fallen_leaves":3,"minecraft:wall_torch":1,"mores:tin_ore":10,"bakery:drawer":1,"minecraft:spruce_log":39,"autumnity:maple_chest":1,"minecraft:grass":11,"autumnity:yellow_maple_leaf_pile":1,"minecraft:oak_log":11,"minecraft:coal_ore":12,"projectvibrantjourneys:short_grass":47,"farm_and_charm:stove":1,"minecraft:sand":157,"minecraft:gravel":1,"minecraft:dirt":1350,"mores:silver_ore":8,"minecraft:oak_leaves":2,"farm_and_charm:tool_rack":2},"minecraft:dropped":{"coinsje:gold_coin":15,"mores:cobalt_shovel":1,"autumnity:orange_maple_sapling":14,"minecraft:cobblestone":1,"projectvibrantjourneys:bones":2,"minecraft:stick":1,"mores:cobalt_axe":1,"simplefarming:pea_seeds":1,"simplefarming:rye_seeds":1,"minecraft:wooden_axe":1,"minecraft:bone_meal":2,"minecraft:red_dye":1,"simplefarming:squash_seeds":1,"minecraft:dandelion":2,"minecraft:bone":2,"vanillaplustools:stone_shovel":1,"simplefarming:cantaloupe_seeds":3,"alexsmobs:animal_dictionary":1,"untamedwilds:flora_bush_temperate":5,"minecraft:chicken":2,"simplefarming:raspberries":1,"minecraft:oak_planks":1,"autumnity:yellow_maple_sapling":5,"minecraft:azure_bluet":1,"travelersbackpack:iron":1,"farm_and_charm:strawberry_seeds":1,"simplefarming:honeydew_seeds":1,"simplefarming:cucumber_seeds":1,"simplefarming:strawberries":1,"croptopia:peach":2,"minecraft:stone_pickaxe":1,"simplefarming:barley_seeds":1},"minecraft:picked_up":{"minecraft:crafting_table":4,"simplefarming:pea_seeds":1,"minecraft:azure_bluet":1,"minecraft:chicken":2,"croptopia:peach":7,"autumnity:maple_log":261,"farm_and_charm:stove":1,"farm_and_charm:cooking_pot":1,"minecraft:string":3,"minecraft:red_bed":1,"minecraft:raw_copper":56,"minecraft:iron_axe":1,"born_in_chaos_v1:intoxicating_decoction":1,"bakery:bread_knife":1,"woodworks:oak_chest":1,"ecologics:walnut_sapling":5,"vanillaplustools:stone_shovel":1,"minecraft:spruce_planks":8,"minecraft:beef":10,"mores:cobalt_axe":1,"minecraft:poppy":3,"simplefarming:barley_seeds":1,"minecraft:furnace":4,"minecraft:stick":72,"bakery:small_cooking_pot":1,"autumnity:maple_planks":11,"simplefarming:cantaloupe_seeds":3,"ecologics:walnut_log":1,"projectvibrantjourneys:bark_mushroom":5,"minecraft:torch":2,"untamedwilds:flora_bush_temperate":5,"minecraft:porkchop":11,"simplefarming:raspberries":1,"tombstone:grave_dust":1,"travelersbackpack:iron":1,"mores:raw_tin":38,"bakery:rolling_pin":1,"minecraft:orange_bed":1,"coinsje:gold_coin":1,"autumnity:maple_chest":1,"minecraft:rotten_flesh":5,"bakery:cake_stand":1,"simplefarming:strawberries":1,"autumnity:orange_maple_sapling":46,"farm_and_charm:strawberry":13,"minecraft:red_tulip":1,"mcwdoors:spruce_glass_door":2,"minecraft:gold_ingot":1,"bakery:apple_cupcake":1,"minecraft:mutton":5,"minecraft:white_wool":3,"minecraft:cobblestone":274,"bakery:kitchen_sink":1,"autumnity:red_maple_sapling":54,"ecologics:walnut":7,"minecraft:cooked_beef":1,"minecraft:leather":7,"minecraft:smoker":3,"bakery:sweetberry_cupcake":1,"bakery:chocolate_tart":1,"simplefarming:rye_seeds":1,"minecraft:oak_log":11,"bakery:baker_station":2,"minecraft:dirt":2235,"farm_and_charm:tool_rack":2,"simplefarming:cucumber_seeds":1,"minecraft:bone":2,"minecraft:apple":5,"minecraft:wheat_seeds":29,"minecraft:iron_ingot":4,"simplefarming:honeydew_seeds":1,"minecraft:grindstone":1,"minecraft:stone_pickaxe":1,"mores:cobalt_shovel":1,"bakery:chocolate_glazed_cookie":1,"projectvibrantjourneys:light_brown_bark_mushroom":4,"minecraft:cooked_porkchop":1,"farm_and_charm:strawberry_seeds":1,"minecraft:dandelion":3,"projectvibrantjourneys:bones":2,"minecraft:sand":155,"minecraft:spruce_sapling":7,"minecraft:blast_furnace":1,"neapolitan:chocolate_milkshake":1,"minecraft:spruce_log":39,"simplefarming:squash_seeds":1,"alexsmobs:animal_dictionary":1,"autumnity:yellow_maple_sapling":9,"minecraft:slime_ball":1,"born_in_chaos_v1:fire_dust":1,"bakery:brick_counter":4,"autumnity:maple_sapling":39,"croptopia:orange":4,"minecraft:bone_meal":2,"projectvibrantjourneys:orange_bark_mushroom":2,"minecraft:oak_sapling":6,"mores:raw_silver":8,"minecraft:coal":64,"bakery:drawer":1},"minecraft:used":{"mores:cobalt_axe":377,"minecraft:spruce_planks":8,"woodworks:oak_chest":1,"vanillaplustools:stone_hammer":34,"minecraft:orange_bed":1,"minecraft:torch":30,"mores:cobalt_shovel":353,"minecraft:dirt":56,"mores:silver_pickaxe":90,"minecraft:glass":17,"minecraft:wooden_axe":14,"mcwdoors:spruce_glass_door":5,"minecraft:iron_axe":41,"autumnity:maple_planks":629,"croptopia:peach":5,"minecraft:oak_sapling":6,"minecraft:furnace":7,"minecraft:cooked_beef":6,"autumnity:maple_chest":9,"neapolitan:chocolate_milkshake":2,"minecraft:oak_planks":4,"minecraft:stone_pickaxe":52,"minecraft:wooden_pickaxe":3,"minecraft:crafting_table":8,"minecraft:red_bed":1,"minecraft:blast_furnace":1,"vanillaplustools:stone_shovel":393,"bakery:drawer":1,"minecraft:smoker":3,"upgrade_aquatic:glass_trapdoor":3,"minecraft:apple":5,"autumnity:maple_log":55,"spartanweaponry:wooden_boomerang":14,"minecraft:stone_axe":2,"minecraft:porkchop":1,"minecraft:cooked_porkchop":6,"minecraft:grindstone":1,"mores:silver_sword":31,"minecraft:glass_pane":68},"minecraft:killed":{"minecraft:spider":1,"born_in_chaos_v1:firelight_not_despawn":1,"minecraft:pig":5,"iter_rpg:spiderling":1,"minecraft:sheep":3,"minecraft:zombie":1,"minecraft:cow":4},"minecraft:crafted":{"minecraft:oak_planks":44,"travelersbackpack:iron":1,"minecraft:stone_shovel":27,"minecraft:tripwire_hook":2,"vanillaplustools:stone_hammer":1,"minecraft:furnace":3,"minecraft:glass_pane":80,"minecraft:glass":74,"travelersbackpack:white_sleeping_bag":1,"spartanweaponry:wooden_boomerang":1,"mores:tin_ingot":38,"minecraft:stone_pickaxe":10,"woodworks:trapped_oak_chest":1,"autumnity:maple_planks":824,"vanillaplustools:stone_shovel":3,"minecraft:cooked_beef":10,"minecraft:red_dye":1,"mores:silver_ingot":8,"upgrade_aquatic:glass_trapdoor":3,"minecraft:cooked_porkchop":5,"mores:tin_chestplate":1,"minecraft:crafting_table":5,"minecraft:spruce_planks":12,"travelersbackpack:backpack_tank":2,"minecraft:wooden_pickaxe":1,"travelersbackpack:standard":1,"mores:tin_helmet":1,"mores:cobalt_axe":1,"minecraft:stone_axe":1,"mores:tin_leggings":1,"minecraft:air":0,"mcwdoors:spruce_glass_door":3,"mores:silver_pickaxe":1,"woodworks:oak_chest":2,"mores:tin_boots":1,"minecraft:stick":76,"minecraft:wooden_axe":1,"minecraft:stone_sword":1,"croptopia:knife":1,"minecraft:torch":32,"mores:cobalt_shovel":1,"autumnity:maple_chest":8,"mores:silver_sword":1}},"DataVersion":3465}