{"stats":{"minecraft:used":{"minecraft:wooden_axe":4,"minecraft:crafting_table":1},"minecraft:dropped":{"alexsmobs:animal_dictionary":1},"minecraft:killed":{"iter_rpg:spiderling":1},"minecraft:custom":{"minecraft:time_since_rest":4952,"minecraft:play_time":4952,"minecraft:sprint_one_cm":6124,"minecraft:walk_one_cm":11592,"minecraft:sneak_time":43,"minecraft:walk_under_water_one_cm":954,"minecraft:mob_kills":1,"minecraft:drop":1,"minecraft:jump":70,"minecraft:damage_dealt":55,"minecraft:time_since_death":4952,"minecraft:walk_on_water_one_cm":2910,"minecraft:total_world_time":4952,"minecraft:interact_with_crafting_table":1,"minecraft:swim_one_cm":3118,"minecraft:fall_one_cm":1583,"minecraft:fly_one_cm":11149},"minecraft:picked_up":{"croptopia:peach":3,"minecraft:bone_meal":1,"minecraft:oak_log":5,"minecraft:string":1,"alexsmobs:animal_dictionary":1},"minecraft:mined":{"minecraft:oak_log":6,"projectvibrantjourneys:short_grass":1,"minecraft:oak_leaves":1},"minecraft:crafted":{"minecraft:oak_planks":16,"minecraft:crafting_table":1,"minecraft:stick":4,"minecraft:wooden_axe":1}},"DataVersion":3465}