{"stats":{"minecraft:broken":{"vanillaplustools:stone_shovel":1},"minecraft:mined":{"projectvibrantjourneys:rocks":1,"minecraft:grass_block":846,"autumnity:maple_log":115,"minecraft:furnace":4,"minecraft:dirt_path":3,"ecologics:walnut_log":4,"minecraft:stone":303,"minecraft:orange_bed":1,"autumnity:orange_maple_leaf_pile":5,"minecraft:red_bed":1,"minecraft:smoker":3,"minecraft:crafting_table":4,"minecraft:blast_furnace":1,"minecraft:tall_grass":10,"woodworks:oak_chest":1,"minecraft:copper_ore":7,"minecraft:grindstone":1,"projectvibrantjourneys:fallen_leaves":1,"mores:tin_ore":10,"autumnity:maple_chest":1,"minecraft:grass":7,"autumnity:yellow_maple_leaf_pile":1,"minecraft:oak_log":11,"minecraft:coal_ore":10,"projectvibrantjourneys:short_grass":20,"minecraft:gravel":1,"minecraft:dirt":1153,"mores:silver_ore":8,"minecraft:oak_leaves":2},"minecraft:custom":{"minecraft:mob_kills":13,"minecraft:interact_with_crafting_table":28,"minecraft:leave_game":5,"minecraft:time_since_death":71922,"minecraft:sprint_one_cm":134905,"minecraft:walk_one_cm":193069,"minecraft:drop":30,"minecraft:play_time":71922,"minecraft:sneak_time":909,"minecraft:walk_under_water_one_cm":6111,"minecraft:jump":1600,"minecraft:walk_on_water_one_cm":6116,"minecraft:total_world_time":71922,"minecraft:interact_with_furnace":20,"minecraft:sleep_in_bed":2,"minecraft:time_since_rest":27783,"minecraft:damage_taken":459,"minecraft:damage_dealt":1327,"minecraft:swim_one_cm":18526,"minecraft:fly_one_cm":407088,"minecraft:open_chest":20,"minecraft:crouch_one_cm":3423,"tombstone:undead_killed":1,"minecraft:fall_one_cm":81860},"minecraft:dropped":{"coinsje:gold_coin":15,"mores:cobalt_shovel":1,"autumnity:orange_maple_sapling":14,"minecraft:cobblestone":1,"projectvibrantjourneys:bones":2,"minecraft:stick":1,"simplefarming:rye_seeds":1,"minecraft:wooden_axe":1,"minecraft:bone_meal":2,"simplefarming:squash_seeds":1,"minecraft:dandelion":2,"minecraft:bone":2,"vanillaplustools:stone_shovel":1,"simplefarming:cantaloupe_seeds":1,"alexsmobs:animal_dictionary":1,"untamedwilds:flora_bush_temperate":1,"minecraft:chicken":2,"minecraft:oak_planks":1,"autumnity:yellow_maple_sapling":5,"farm_and_charm:strawberry_seeds":1,"simplefarming:honeydew_seeds":1,"simplefarming:cucumber_seeds":1,"simplefarming:strawberries":1,"croptopia:peach":2,"minecraft:stone_pickaxe":1,"simplefarming:barley_seeds":1},"minecraft:picked_up":{"simplefarming:pea_seeds":1,"minecraft:crafting_table":4,"minecraft:azure_bluet":1,"minecraft:chicken":2,"croptopia:peach":7,"autumnity:maple_log":108,"minecraft:string":3,"minecraft:red_bed":1,"minecraft:raw_copper":56,"minecraft:iron_axe":1,"woodworks:oak_chest":1,"ecologics:walnut_sapling":5,"vanillaplustools:stone_shovel":1,"minecraft:beef":10,"simplefarming:barley_seeds":1,"minecraft:furnace":4,"minecraft:stick":29,"simplefarming:cantaloupe_seeds":3,"ecologics:walnut_log":1,"projectvibrantjourneys:bark_mushroom":1,"minecraft:torch":1,"untamedwilds:flora_bush_temperate":5,"minecraft:porkchop":11,"tombstone:grave_dust":1,"mores:raw_tin":38,"minecraft:orange_bed":1,"coinsje:gold_coin":1,"autumnity:maple_chest":1,"simplefarming:strawberries":1,"autumnity:orange_maple_sapling":29,"farm_and_charm:strawberry":13,"minecraft:cobblestone":270,"ecologics:walnut":7,"autumnity:red_maple_sapling":19,"minecraft:cooked_beef":1,"minecraft:leather":7,"minecraft:smoker":3,"simplefarming:rye_seeds":1,"minecraft:oak_log":11,"minecraft:dirt":1888,"simplefarming:cucumber_seeds":1,"minecraft:bone":2,"minecraft:apple":5,"minecraft:wheat_seeds":22,"simplefarming:honeydew_seeds":1,"minecraft:grindstone":1,"minecraft:stone_pickaxe":1,"mores:cobalt_shovel":1,"minecraft:cooked_porkchop":1,"farm_and_charm:strawberry_seeds":1,"minecraft:dandelion":3,"projectvibrantjourneys:bones":2,"minecraft:blast_furnace":1,"simplefarming:squash_seeds":1,"alexsmobs:animal_dictionary":1,"autumnity:yellow_maple_sapling":5,"minecraft:slime_ball":1,"born_in_chaos_v1:fire_dust":1,"autumnity:maple_sapling":14,"minecraft:bone_meal":2,"minecraft:oak_sapling":6,"mores:raw_silver":8,"minecraft:coal":62},"minecraft:used":{"mores:cobalt_axe":104,"woodworks:oak_chest":1,"vanillaplustools:stone_hammer":34,"minecraft:orange_bed":1,"minecraft:torch":13,"mores:cobalt_shovel":350,"minecraft:dirt":15,"mores:silver_pickaxe":75,"minecraft:wooden_axe":14,"minecraft:iron_axe":41,"croptopia:peach":5,"minecraft:furnace":7,"minecraft:oak_sapling":6,"minecraft:cooked_beef":6,"autumnity:maple_chest":9,"minecraft:stone_pickaxe":52,"minecraft:oak_planks":4,"minecraft:wooden_pickaxe":3,"minecraft:crafting_table":7,"minecraft:red_bed":1,"vanillaplustools:stone_shovel":272,"minecraft:blast_furnace":1,"minecraft:smoker":3,"minecraft:apple":5,"autumnity:maple_log":7,"spartanweaponry:wooden_boomerang":4,"minecraft:stone_axe":2,"minecraft:grindstone":1,"minecraft:porkchop":1,"minecraft:cooked_porkchop":2,"mores:silver_sword":27},"minecraft:killed":{"minecraft:spider":1,"born_in_chaos_v1:firelight_not_despawn":1,"minecraft:pig":5,"iter_rpg:spiderling":1,"minecraft:zombie":1,"minecraft:cow":4},"minecraft:crafted":{"minecraft:oak_planks":44,"minecraft:stone_shovel":27,"vanillaplustools:stone_hammer":1,"minecraft:furnace":3,"spartanweaponry:wooden_boomerang":1,"mores:tin_ingot":38,"minecraft:stone_pickaxe":10,"autumnity:maple_planks":176,"vanillaplustools:stone_shovel":3,"minecraft:cooked_beef":10,"mores:silver_ingot":8,"minecraft:cooked_porkchop":5,"mores:tin_chestplate":1,"minecraft:crafting_table":4,"minecraft:wooden_pickaxe":1,"mores:tin_helmet":1,"mores:cobalt_axe":1,"minecraft:stone_axe":1,"mores:tin_leggings":1,"minecraft:air":0,"mores:silver_pickaxe":1,"woodworks:oak_chest":1,"mores:tin_boots":1,"minecraft:stick":76,"minecraft:wooden_axe":1,"minecraft:stone_sword":1,"minecraft:torch":12,"mores:cobalt_shovel":1,"autumnity:maple_chest":8,"mores:silver_sword":1}},"DataVersion":3465}