{"stats":{"minecraft:used":{"minecraft:stone_pickaxe":51,"minecraft:oak_planks":4,"minecraft:wooden_pickaxe":3,"minecraft:torch":13,"minecraft:crafting_table":4,"mores:silver_pickaxe":1,"minecraft:wooden_axe":13,"minecraft:apple":5,"minecraft:stone_axe":2,"croptopia:peach":5,"minecraft:oak_sapling":6,"minecraft:furnace":4,"minecraft:porkchop":1,"mores:silver_sword":22,"minecraft:cooked_beef":2},"minecraft:dropped":{"alexsmobs:animal_dictionary":1,"projectvibrantjourneys:bones":1,"minecraft:bone_meal":1,"minecraft:stone_pickaxe":1},"minecraft:killed":{"minecraft:pig":4,"minecraft:spider":1,"iter_rpg:spiderling":1,"born_in_chaos_v1:firelight_not_despawn":1,"minecraft:cow":4},"minecraft:custom":{"minecraft:interact_with_furnace":18,"minecraft:mob_kills":11,"minecraft:interact_with_crafting_table":16,"minecraft:leave_game":3,"minecraft:time_since_death":26554,"minecraft:time_since_rest":26554,"minecraft:sprint_one_cm":57175,"minecraft:damage_taken":231,"minecraft:walk_one_cm":59179,"minecraft:drop":4,"minecraft:damage_dealt":1027,"minecraft:swim_one_cm":3118,"minecraft:fly_one_cm":136365,"minecraft:crouch_one_cm":892,"minecraft:play_time":26554,"minecraft:sneak_time":428,"minecraft:walk_under_water_one_cm":1110,"minecraft:jump":569,"minecraft:walk_on_water_one_cm":3379,"minecraft:total_world_time":26554,"minecraft:fall_one_cm":18790},"minecraft:mined":{"minecraft:crafting_table":2,"minecraft:copper_ore":1,"mores:tin_ore":10,"minecraft:furnace":1,"minecraft:grass":1,"minecraft:oak_log":11,"minecraft:coal_ore":2,"projectvibrantjourneys:short_grass":1,"mores:silver_ore":8,"minecraft:stone":33,"minecraft:oak_leaves":2},"minecraft:picked_up":{"minecraft:crafting_table":2,"minecraft:chicken":2,"croptopia:peach":5,"minecraft:leather":7,"minecraft:oak_log":11,"minecraft:string":3,"minecraft:raw_copper":34,"minecraft:bone":2,"minecraft:apple":5,"minecraft:beef":10,"minecraft:stone_pickaxe":1,"minecraft:furnace":1,"projectvibrantjourneys:bark_mushroom":1,"minecraft:torch":1,"projectvibrantjourneys:bones":2,"minecraft:porkchop":7,"alexsmobs:animal_dictionary":1,"mores:raw_tin":38,"minecraft:slime_ball":1,"born_in_chaos_v1:fire_dust":1,"simplefarming:strawberries":1,"minecraft:bone_meal":2,"minecraft:oak_sapling":6,"mores:raw_silver":8,"minecraft:coal":43,"minecraft:cobblestone":33},"minecraft:crafted":{"minecraft:cooked_beef":10,"mores:silver_ingot":8,"minecraft:oak_planks":44,"minecraft:cooked_porkchop":5,"mores:tin_chestplate":1,"minecraft:crafting_table":2,"minecraft:wooden_pickaxe":1,"minecraft:furnace":3,"minecraft:stone_axe":1,"mores:tin_leggings":1,"minecraft:air":0,"mores:silver_pickaxe":1,"mores:tin_ingot":16,"minecraft:stick":16,"minecraft:stone_pickaxe":1,"minecraft:wooden_axe":1,"minecraft:stone_sword":1,"minecraft:torch":12,"mores:silver_sword":1}},"DataVersion":3465}