{"stats":{"minecraft:mined":{"minecraft:red_bed":1,"minecraft:smoker":3,"projectvibrantjourneys:rocks":1,"minecraft:crafting_table":3,"minecraft:blast_furnace":1,"minecraft:grass_block":62,"minecraft:tall_grass":1,"woodworks:oak_chest":1,"minecraft:copper_ore":1,"minecraft:grindstone":1,"autumnity:maple_log":98,"mores:tin_ore":10,"minecraft:furnace":4,"autumnity:maple_chest":1,"minecraft:grass":4,"minecraft:oak_log":11,"minecraft:coal_ore":2,"projectvibrantjourneys:short_grass":10,"minecraft:dirt":9,"mores:silver_ore":8,"ecologics:walnut_log":4,"minecraft:stone":35,"minecraft:oak_leaves":2,"minecraft:orange_bed":1},"minecraft:custom":{"minecraft:interact_with_furnace":20,"minecraft:mob_kills":12,"minecraft:interact_with_crafting_table":22,"minecraft:leave_game":4,"minecraft:sleep_in_bed":2,"minecraft:time_since_death":45136,"minecraft:time_since_rest":997,"minecraft:sprint_one_cm":104104,"minecraft:damage_taken":261,"minecraft:walk_one_cm":102191,"minecraft:drop":14,"minecraft:damage_dealt":1127,"minecraft:swim_one_cm":6417,"minecraft:fly_one_cm":302620,"minecraft:open_chest":11,"minecraft:crouch_one_cm":911,"minecraft:play_time":45136,"minecraft:sneak_time":518,"minecraft:walk_under_water_one_cm":2807,"minecraft:jump":1092,"minecraft:walk_on_water_one_cm":5058,"minecraft:total_world_time":45136,"minecraft:fall_one_cm":53751},"minecraft:dropped":{"mores:cobalt_shovel":1,"alexsmobs:animal_dictionary":1,"minecraft:chicken":2,"minecraft:cobblestone":1,"minecraft:oak_planks":1,"projectvibrantjourneys:bones":2,"minecraft:stick":1,"minecraft:wooden_axe":1,"simplefarming:strawberries":1,"minecraft:bone_meal":2,"minecraft:stone_pickaxe":1,"minecraft:bone":2},"minecraft:picked_up":{"ecologics:walnut":7,"minecraft:crafting_table":3,"autumnity:red_maple_sapling":17,"minecraft:cooked_beef":1,"minecraft:chicken":2,"croptopia:peach":5,"autumnity:maple_log":91,"minecraft:leather":7,"minecraft:smoker":3,"minecraft:oak_log":11,"minecraft:dirt":58,"minecraft:string":3,"minecraft:red_bed":1,"minecraft:raw_copper":34,"minecraft:iron_axe":1,"minecraft:bone":2,"woodworks:oak_chest":1,"ecologics:walnut_sapling":5,"minecraft:apple":5,"minecraft:wheat_seeds":4,"minecraft:grindstone":1,"minecraft:beef":10,"minecraft:stone_pickaxe":1,"mores:cobalt_shovel":1,"minecraft:furnace":4,"minecraft:stick":29,"minecraft:cooked_porkchop":1,"ecologics:walnut_log":1,"projectvibrantjourneys:bark_mushroom":1,"minecraft:torch":1,"untamedwilds:flora_bush_temperate":1,"projectvibrantjourneys:bones":2,"minecraft:porkchop":11,"minecraft:blast_furnace":1,"alexsmobs:animal_dictionary":1,"autumnity:yellow_maple_sapling":5,"mores:raw_tin":38,"minecraft:orange_bed":1,"autumnity:maple_chest":1,"minecraft:slime_ball":1,"born_in_chaos_v1:fire_dust":1,"autumnity:maple_sapling":14,"simplefarming:strawberries":1,"autumnity:orange_maple_sapling":11,"minecraft:bone_meal":2,"minecraft:oak_sapling":6,"mores:raw_silver":8,"minecraft:coal":43,"minecraft:cobblestone":33},"minecraft:used":{"autumnity:maple_chest":7,"mores:cobalt_axe":90,"minecraft:stone_pickaxe":52,"minecraft:oak_planks":4,"woodworks:oak_chest":1,"minecraft:wooden_pickaxe":3,"minecraft:orange_bed":1,"minecraft:torch":13,"mores:cobalt_shovel":75,"minecraft:crafting_table":5,"minecraft:red_bed":1,"minecraft:blast_furnace":1,"mores:silver_pickaxe":11,"minecraft:smoker":3,"minecraft:wooden_axe":14,"minecraft:apple":5,"minecraft:iron_axe":34,"autumnity:maple_log":7,"minecraft:stone_axe":2,"croptopia:peach":5,"minecraft:grindstone":1,"minecraft:oak_sapling":6,"minecraft:furnace":7,"minecraft:porkchop":1,"mores:silver_sword":24,"minecraft:cooked_beef":5},"minecraft:killed":{"minecraft:pig":5,"minecraft:spider":1,"iter_rpg:spiderling":1,"born_in_chaos_v1:firelight_not_despawn":1,"minecraft:cow":4},"minecraft:crafted":{"minecraft:cooked_beef":10,"mores:silver_ingot":8,"minecraft:oak_planks":44,"minecraft:cooked_porkchop":5,"mores:tin_chestplate":1,"minecraft:crafting_table":2,"minecraft:wooden_pickaxe":1,"mores:cobalt_axe":1,"mores:tin_helmet":1,"minecraft:furnace":3,"minecraft:stone_axe":1,"mores:tin_leggings":1,"minecraft:air":0,"mores:silver_pickaxe":1,"woodworks:oak_chest":1,"mores:tin_boots":1,"mores:tin_ingot":38,"minecraft:stick":16,"minecraft:stone_pickaxe":1,"minecraft:wooden_axe":1,"minecraft:stone_sword":1,"autumnity:maple_planks":92,"minecraft:torch":12,"mores:cobalt_shovel":1,"autumnity:maple_chest":6,"mores:silver_sword":1}},"DataVersion":3465}