{"stats":{"minecraft:picked_up":{"born_in_chaos_v1:diamond_termite_shard":2,"simplefarming:pea_seeds":1,"minecraft:crafting_table":4,"minecraft:azure_bluet":1,"minecraft:chicken":2,"autumnity:maple_log":262,"croptopia:peach":7,"simplefarming:turnip_seeds":1,"farm_and_charm:stove":1,"farm_and_charm:cooking_pot":1,"minecraft:string":3,"minecraft:red_bed":2,"minecraft:raw_copper":107,"minecraft:iron_axe":1,"bakery:bread_knife":1,"born_in_chaos_v1:intoxicating_decoction":1,"woodworks:oak_chest":1,"ecologics:walnut_sapling":5,"vanillaplustools:stone_shovel":1,"minecraft:spruce_planks":8,"minecraft:beef":10,"mores:cobalt_axe":1,"minecraft:poppy":3,"simplefarming:barley_seeds":1,"minecraft:furnace":4,"minecraft:stick":72,"minecraft:raw_iron":45,"born_in_chaos_v1:shattered_skull":1,"bakery:small_cooking_pot":1,"simplefarming:cantaloupe_seeds":3,"autumnity:maple_planks":14,"ecologics:walnut_log":1,"projectvibrantjourneys:bark_mushroom":5,"minecraft:torch":13,"minecraft:porkchop":11,"simplefarming:raspberries":1,"born_in_chaos_v1:nightmare_claw":2,"tombstone:grave_dust":1,"minecraft:diorite":17,"simplefarming:baked_yam":36,"travelersbackpack:iron":1,"mores:raw_tin":62,"bakery:rolling_pin":1,"minecraft:orange_bed":2,"minecraft:arrow":4,"autumnity:maple_chest":1,"minecraft:rotten_flesh":5,"simplefarming:strawberries":1,"bakery:cake_stand":1,"autumnity:orange_maple_sapling":46,"farm_and_charm:strawberry":13,"minecraft:red_tulip":1,"minecraft:gold_ingot":1,"bakery:apple_cupcake":1,"mcwdoors:spruce_glass_door":2,"minecraft:mutton":5,"born_in_chaos_v1:fused_bone":2,"minecraft:white_wool":3,"minecraft:cobblestone":391,"born_in_chaos_v1:corpse_maggot":2,"ecologics:walnut":7,"ecologics:walnut_planks":1,"bakery:kitchen_sink":1,"autumnity:red_maple_sapling":54,"minecraft:cooked_beef":1,"born_in_chaos_v1:monster_flesh":1,"minecraft:andesite":5,"minecraft:leather":7,"minecraft:smoker":3,"minecraft:oak_log":11,"bakery:chocolate_tart":1,"simplefarming:rye_seeds":1,"bakery:sweetberry_cupcake":1,"bakery:baker_station":2,"minecraft:lapis_lazuli":22,"minecraft:dirt":2274,"born_in_chaos_v1:monster_skin":6,"farm_and_charm:tool_rack":2,"simplefarming:cucumber_seeds":1,"minecraft:bone":5,"minecraft:apple":5,"minecraft:raw_gold":1,"minecraft:wheat_seeds":29,"simplefarming:honeydew_seeds":1,"minecraft:grindstone":1,"minecraft:iron_ingot":4,"minecraft:stone_pickaxe":1,"mores:cobalt_shovel":1,"bakery:chocolate_glazed_cookie":1,"projectvibrantjourneys:light_brown_bark_mushroom":4,"minecraft:cooked_porkchop":1,"farm_and_charm:strawberry_seeds":1,"born_in_chaos_v1:ethereal_spirit":4,"minecraft:dandelion":3,"projectvibrantjourneys:bones":2,"minecraft:sand":155,"minecraft:spruce_sapling":7,"mores:raw_cobalt":9,"minecraft:blast_furnace":1,"minecraft:spruce_log":39,"simplefarming:squash_seeds":1,"neapolitan:chocolate_milkshake":1,"minecraft:spider_eye":1,"butcher:sulfur":7,"autumnity:yellow_maple_sapling":9,"minecraft:slime_ball":1,"born_in_chaos_v1:fire_dust":1,"bakery:brick_counter":4,"autumnity:maple_sapling":39,"croptopia:orange":4,"minecraft:bone_meal":2,"projectvibrantjourneys:orange_bark_mushroom":2,"minecraft:oak_sapling":6,"mores:raw_silver":24,"minecraft:coal":132,"bakery:drawer":1},"minecraft:broken":{"vanillaplustools:stone_shovel":1,"mores:silver_pickaxe":1},"minecraft:mined":{"minecraft:spruce_planks":12,"projectvibrantjourneys:rocks":1,"born_in_chaos_v1:infected_diamond_ore":1,"mcwdoors:spruce_glass_door":2,"minecraft:grass_block":1180,"autumnity:maple_log":280,"minecraft:furnace":4,"minecraft:iron_ore":9,"bakery:kitchen_sink":1,"minecraft:andesite":5,"minecraft:deepslate_lapis_ore":1,"bakery:baker_station":2,"minecraft:red_tulip":1,"minecraft:deepslate_iron_ore":1,"minecraft:dirt_path":3,"ecologics:walnut_log":4,"minecraft:stone":406,"upgrade_aquatic:glass_trapdoor":1,"minecraft:orange_bed":2,"bakery:brick_counter":4,"bakery:cake_stand":1,"autumnity:orange_maple_leaf_pile":13,"minecraft:glass_pane":9,"mores:cobalt_ore":8,"minecraft:red_bed":2,"minecraft:smoker":3,"autumnity:maple_planks":16,"minecraft:crafting_table":4,"autumnity:red_maple_leaves":1,"minecraft:blast_furnace":1,"minecraft:poppy":1,"minecraft:cobblestone":18,"minecraft:copper_ore":9,"woodworks:oak_chest":1,"minecraft:tall_grass":10,"minecraft:grindstone":1,"projectvibrantjourneys:fallen_leaves":3,"minecraft:diorite":17,"mores:tin_ore":18,"bakery:drawer":1,"minecraft:wall_torch":4,"butcher:sulfurore":3,"minecraft:spruce_log":39,"autumnity:maple_chest":1,"minecraft:grass":12,"autumnity:yellow_maple_leaf_pile":1,"minecraft:oak_log":11,"minecraft:coal_ore":15,"projectvibrantjourneys:short_grass":47,"farm_and_charm:stove":1,"minecraft:gravel":1,"minecraft:sand":157,"minecraft:dirt":1350,"mores:silver_ore":24,"ecologics:walnut_planks":1,"minecraft:gold_ore":1,"minecraft:oak_leaves":2,"farm_and_charm:tool_rack":2},"minecraft:dropped":{"mores:cobalt_shovel":1,"autumnity:orange_maple_sapling":14,"minecraft:cobblestone":1,"projectvibrantjourneys:bones":2,"minecraft:stick":1,"mores:cobalt_axe":1,"simplefarming:pea_seeds":1,"simplefarming:rye_seeds":1,"minecraft:wooden_axe":1,"minecraft:bone_meal":2,"minecraft:red_dye":1,"simplefarming:squash_seeds":1,"minecraft:dandelion":2,"minecraft:bone":2,"vanillaplustools:stone_shovel":1,"simplefarming:cantaloupe_seeds":3,"minecraft:chicken":2,"simplefarming:raspberries":1,"minecraft:oak_planks":1,"autumnity:yellow_maple_sapling":5,"minecraft:azure_bluet":1,"travelersbackpack:iron":1,"farm_and_charm:strawberry_seeds":1,"simplefarming:honeydew_seeds":1,"simplefarming:cucumber_seeds":1,"simplefarming:strawberries":1,"croptopia:peach":2,"simplefarming:barley_seeds":1,"minecraft:stone_pickaxe":1},"minecraft:crafted":{"minecraft:oak_planks":44,"travelersbackpack:iron":1,"minecraft:stone_shovel":27,"minecraft:tripwire_hook":2,"vanillaplustools:stone_hammer":1,"minecraft:furnace":3,"minecraft:cooked_mutton":5,"minecraft:glass_pane":80,"minecraft:glass":74,"travelersbackpack:white_sleeping_bag":1,"spartanweaponry:wooden_boomerang":1,"mores:tin_ingot":38,"minecraft:stone_pickaxe":10,"autumnity:maple_planks":828,"woodworks:trapped_oak_chest":1,"vanillaplustools:stone_shovel":3,"minecraft:cooked_beef":10,"mores:silver_ingot":8,"minecraft:red_dye":1,"upgrade_aquatic:glass_trapdoor":3,"minecraft:cooked_porkchop":10,"mores:tin_chestplate":1,"minecraft:crafting_table":5,"mores:cobalt_ingot":4,"minecraft:spruce_planks":52,"travelersbackpack:backpack_tank":2,"mores:cobalt_pickaxe":1,"minecraft:wooden_pickaxe":1,"travelersbackpack:standard":1,"mores:tin_helmet":1,"mores:cobalt_axe":1,"minecraft:stone_axe":1,"mores:tin_leggings":1,"minecraft:air":0,"mcwdoors:spruce_glass_door":3,"mores:silver_pickaxe":2,"woodworks:oak_chest":2,"mores:tin_boots":1,"minecraft:stick":104,"minecraft:wooden_axe":1,"minecraft:stone_sword":1,"croptopia:knife":1,"minecraft:torch":128,"mores:cobalt_shovel":1,"autumnity:maple_chest":8,"mores:silver_sword":1},"minecraft:custom":{"minecraft:mob_kills":35,"minecraft:interact_with_crafting_table":46,"minecraft:open_barrel":3,"minecraft:leave_game":9,"minecraft:time_since_death":162750,"minecraft:sprint_one_cm":323924,"minecraft:walk_one_cm":420820,"minecraft:drop":39,"minecraft:play_time":162750,"minecraft:sneak_time":3992,"minecraft:walk_under_water_one_cm":10728,"minecraft:jump":3325,"minecraft:interact_with_blast_furnace":6,"minecraft:walk_on_water_one_cm":10456,"minecraft:total_world_time":162750,"minecraft:interact_with_furnace":43,"tombstone:raider_killed":1,"minecraft:sleep_in_bed":4,"minecraft:time_since_rest":42386,"minecraft:damage_taken":1909,"minecraft:damage_dealt":6317,"minecraft:swim_one_cm":52880,"minecraft:fly_one_cm":851113,"minecraft:open_chest":81,"minecraft:crouch_one_cm":11800,"tombstone:undead_killed":10,"minecraft:interact_with_smoker":7,"minecraft:fall_one_cm":202432},"minecraft:killed":{"minecraft:witch":1,"born_in_chaos_v1:restless_spirit":2,"minecraft:spider":2,"born_in_chaos_v1:siamese_skeletonsright":1,"minecraft:skeleton":3,"born_in_chaos_v1:firelight_not_despawn":1,"minecraft:pig":5,"born_in_chaos_v1:diamond_termite":2,"iter_rpg:spiderling":1,"born_in_chaos_v1:decrepit_skeleton":2,"minecraft:sheep":3,"minecraft:zombie":3,"born_in_chaos_v1:corpse_fly":1,"born_in_chaos_v1:nightmare_stalker":2,"born_in_chaos_v1:siamese_skeletonsleft":1,"minecraft:cow":4},"minecraft:used":{"mores:cobalt_axe":381,"woodworks:oak_chest":1,"minecraft:spruce_planks":13,"vanillaplustools:stone_hammer":34,"minecraft:orange_bed":2,"minecraft:torch":77,"mores:cobalt_shovel":353,"minecraft:dirt":56,"mores:silver_pickaxe":235,"minecraft:glass":17,"minecraft:wooden_axe":14,"mcwdoors:spruce_glass_door":5,"minecraft:iron_axe":41,"autumnity:maple_planks":734,"croptopia:peach":5,"minecraft:oak_sapling":6,"minecraft:furnace":7,"minecraft:cooked_beef":8,"autumnity:maple_chest":9,"neapolitan:chocolate_milkshake":2,"minecraft:stone_pickaxe":52,"minecraft:oak_planks":4,"minecraft:wooden_pickaxe":3,"minecraft:blast_furnace":1,"minecraft:crafting_table":8,"minecraft:red_bed":2,"vanillaplustools:stone_shovel":393,"bakery:kitchen_sink":1,"bakery:drawer":1,"minecraft:smoker":3,"simplefarming:baked_yam":17,"upgrade_aquatic:glass_trapdoor":3,"minecraft:apple":5,"mores:cobalt_pickaxe":51,"autumnity:maple_log":55,"spartanweaponry:wooden_boomerang":14,"minecraft:stone_axe":2,"minecraft:cobblestone":86,"minecraft:porkchop":1,"minecraft:grindstone":1,"minecraft:cooked_porkchop":6,"mores:silver_sword":108,"minecraft:glass_pane":68}},"DataVersion":3465}