{"stats":{"minecraft:dropped":{"minecraft:wheat_seeds":284,"untamedwilds:material_fat":1,"minecraft:wheat":3,"minecraft:birch_sapling":1,"tombstone:gift":1,"minecraft:chicken":1,"minecraft:feather":1,"croptopia:orange":10,"ecologics:walnut_sapling":6,"simplefarming:kenaf_seeds":1,"born_in_chaos_v1:monster_flesh":1,"minecraft:dirt":191,"projectvibrantjourneys:light_brown_bark_mushroom":1,"ecologics:walnut":5,"minecraft:oak_sapling":10,"tombstone:grave_dust":1,"minecraft:wooden_pickaxe":3,"simplefarming:eggplant_seeds":1,"projectvibrantjourneys:bark_mushroom":1},"minecraft:mined":{"croptopia:orange_crop":1,"farm_and_charm:wild_beetroots":12,"minecraft:crafting_table":5,"projectvibrantjourneys:twigs":1,"minecraft:blast_furnace":1,"minecraft:grass_block":278,"minecraft:copper_ore":1,"minecraft:cobblestone":6,"projectvibrantjourneys:fallen_leaves":2,"minecraft:oak_planks":3,"minecraft:diorite":8,"mores:tin_ore":24,"minecraft:magma_block":20,"minecraft:birch_log":6,"projectvibrantjourneys:bones":2,"projectvibrantjourneys:orange_bark_mushroom":1,"minecraft:grass":34,"minecraft:coal_ore":10,"minecraft:oak_log":116,"projectvibrantjourneys:short_grass":26,"minecraft:dirt":347,"vinery:grapevine_stem":3,"ecologics:walnut_log":4,"minecraft:stone":187,"minecraft:oak_leaves":8,"minecraft:orange_bed":4},"minecraft:custom":{"minecraft:interact_with_furnace":1,"minecraft:mob_kills":8,"minecraft:interact_with_crafting_table":14,"minecraft:leave_game":1,"minecraft:time_since_death":16479,"minecraft:climb_one_cm":1730,"minecraft:time_since_rest":16191,"minecraft:sprint_one_cm":180461,"minecraft:damage_taken":1256,"minecraft:walk_one_cm":266426,"minecraft:drop":42,"minecraft:damage_dealt":1421,"minecraft:swim_one_cm":6743,"minecraft:talked_to_villager":4,"minecraft:fly_one_cm":241977,"minecraft:open_chest":18,"minecraft:crouch_one_cm":1143,"minecraft:play_time":60414,"tombstone:undead_killed":1,"minecraft:deaths":3,"minecraft:sneak_time":504,"minecraft:walk_under_water_one_cm":182,"minecraft:jump":1056,"minecraft:walk_on_water_one_cm":301,"minecraft:total_world_time":60414,"minecraft:fall_one_cm":27062},"minecraft:picked_up":{"minecraft:birch_log":6,"minecraft:crafting_table":5,"minecraft:magma_block":20,"ecologics:walnut":10,"minecraft:wheat":96,"minecraft:feather":2,"minecraft:cooked_beef":2,"minecraft:chicken":1,"born_in_chaos_v1:monster_flesh":1,"croptopia:peach":29,"iter_rpg:pearl":1,"minecraft:wooden_pickaxe":3,"minecraft:birch_planks":18,"minecraft:oak_log":116,"minecraft:dirt":569,"minecraft:raw_copper":28,"tombstone:gift":2,"minecraft:bone":8,"ecologics:walnut_sapling":12,"minecraft:apple":63,"minecraft:beetroot":27,"untamedwilds:material_fat":1,"minecraft:wheat_seeds":229,"simplefarming:kenaf_seeds":1,"minecraft:iron_ingot":3,"vinery:grapevine_stem":4,"minecraft:birch_sapling":2,"minecraft:oak_planks":3,"projectvibrantjourneys:light_brown_bark_mushroom":2,"minecraft:stick":44,"simplefarming:rice_seeds":1,"iter_rpg:seashell":1,"minecraft:cooked_porkchop":2,"ecologics:walnut_log":4,"croptopia:starfruit":7,"projectvibrantjourneys:bark_mushroom":2,"simplefarming:blueberries":6,"simplefarming:raspberries":2,"minecraft:blast_furnace":1,"tombstone:grave_dust":1,"minecraft:diorite":3,"simplefarming:eggplant_seeds":2,"mores:raw_tin":88,"minecraft:orange_bed":4,"untamedwilds:hide_beige":3,"croptopia:orange":35,"alexsmobs:emu_egg":2,"projectvibrantjourneys:orange_bark_mushroom":4,"minecraft:oak_sapling":21,"minecraft:coal":83,"minecraft:cobblestone":176},"minecraft:used":{"minecraft:beetroot":1,"minecraft:stone_sword":39,"minecraft:stone_shovel":165,"minecraft:stone_pickaxe":73,"minecraft:oak_planks":154,"croptopia:starfruit":7,"minecraft:wooden_pickaxe":22,"minecraft:dirt":17,"minecraft:crafting_table":5,"vanillaplustools:stone_shovel":75,"croptopia:orange":3,"minecraft:apple":3,"vanillaplustools:wooden_hammer":26,"spartanweaponry:iron_dagger":4,"minecraft:bread":10,"vinery:grapevine_stem":2,"minecraft:stone_axe":145,"minecraft:cobblestone":16,"croptopia:peach":1,"woodworks:birch_chest":2,"minecraft:furnace":1,"tombstone:gift":2,"minecraft:air":4},"minecraft:killed":{"minecraft:iron_golem":1,"untamedwilds:big_cat":1,"minecraft:zombie":1,"born_in_chaos_v1:dread_hound":1,"minecraft:chicken":1,"iter_rpg:scallop":2},"minecraft:crafted":{"woodworks:birch_chest":2,"vanillaplustools:wooden_hammer":1,"minecraft:oak_planks":340,"minecraft:stone_shovel":10,"vinery:grapevine_stem":24,"minecraft:crafting_table":1,"minecraft:wooden_pickaxe":10,"minecraft:furnace":1,"minecraft:birch_planks":24,"minecraft:stone_axe":1,"minecraft:bread":31,"minecraft:stick":44,"minecraft:stone_pickaxe":1,"minecraft:stone_sword":1,"vanillaplustools:stone_shovel":1,"minecraft:torch":36}},"DataVersion":3465}