{"stats":{"minecraft:dropped":{"minecraft:wheat_seeds":205,"untamedwilds:material_fat":1,"minecraft:birch_sapling":1,"minecraft:chicken":1,"minecraft:feather":1,"croptopia:orange":10,"projectvibrantjourneys:light_brown_bark_mushroom":1,"minecraft:oak_sapling":7,"projectvibrantjourneys:bark_mushroom":1},"minecraft:mined":{"croptopia:orange_crop":1,"farm_and_charm:wild_beetroots":7,"minecraft:crafting_table":4,"minecraft:grass_block":1,"mores:tin_ore":24,"minecraft:magma_block":20,"minecraft:birch_log":6,"projectvibrantjourneys:bones":2,"projectvibrantjourneys:orange_bark_mushroom":1,"minecraft:coal_ore":8,"minecraft:oak_log":18,"projectvibrantjourneys:short_grass":5,"vinery:grapevine_stem":3,"minecraft:stone":26,"minecraft:oak_leaves":6,"minecraft:orange_bed":4},"minecraft:custom":{"minecraft:mob_kills":2,"minecraft:interact_with_crafting_table":7,"minecraft:leave_game":1,"minecraft:time_since_death":22019,"minecraft:climb_one_cm":832,"minecraft:time_since_rest":21584,"minecraft:sprint_one_cm":87517,"minecraft:damage_taken":435,"minecraft:walk_one_cm":107457,"minecraft:drop":22,"minecraft:damage_dealt":400,"minecraft:talked_to_villager":1,"minecraft:fly_one_cm":103811,"minecraft:open_chest":9,"minecraft:crouch_one_cm":847,"minecraft:play_time":24414,"minecraft:deaths":1,"minecraft:sneak_time":466,"minecraft:jump":429,"minecraft:walk_on_water_one_cm":107,"minecraft:total_world_time":24414,"minecraft:fall_one_cm":10092},"minecraft:picked_up":{"minecraft:birch_log":6,"minecraft:crafting_table":4,"minecraft:magma_block":20,"minecraft:wheat":94,"minecraft:feather":2,"minecraft:cooked_beef":2,"minecraft:chicken":1,"croptopia:peach":8,"minecraft:oak_log":18,"minecraft:dirt":1,"minecraft:bone":6,"minecraft:apple":8,"minecraft:beetroot":13,"untamedwilds:material_fat":1,"minecraft:wheat_seeds":226,"vinery:grapevine_stem":4,"minecraft:birch_sapling":2,"projectvibrantjourneys:light_brown_bark_mushroom":2,"minecraft:stick":12,"minecraft:cooked_porkchop":2,"croptopia:starfruit":7,"projectvibrantjourneys:bark_mushroom":2,"simplefarming:blueberries":6,"simplefarming:raspberries":2,"mores:raw_tin":88,"minecraft:orange_bed":4,"untamedwilds:hide_beige":3,"croptopia:orange":24,"alexsmobs:emu_egg":2,"projectvibrantjourneys:orange_bark_mushroom":4,"minecraft:oak_sapling":14,"minecraft:coal":62,"minecraft:cobblestone":26},"minecraft:used":{"minecraft:beetroot":1,"minecraft:stone_sword":4,"minecraft:stone_pickaxe":56,"minecraft:oak_planks":1,"croptopia:starfruit":7,"minecraft:wooden_pickaxe":22,"minecraft:dirt":1,"minecraft:crafting_table":4,"croptopia:orange":3,"minecraft:apple":3,"spartanweaponry:iron_dagger":3,"minecraft:bread":2,"vinery:grapevine_stem":2,"minecraft:stone_axe":15,"minecraft:cobblestone":1,"croptopia:peach":1,"minecraft:air":3},"minecraft:killed":{"untamedwilds:big_cat":1,"minecraft:chicken":1},"minecraft:crafted":{"minecraft:oak_planks":20,"minecraft:stone_shovel":1,"vinery:grapevine_stem":24,"minecraft:crafting_table":1,"minecraft:wooden_pickaxe":1,"minecraft:furnace":1,"minecraft:birch_planks":24,"minecraft:stone_axe":1,"minecraft:bread":31,"minecraft:stick":24,"minecraft:stone_pickaxe":1,"minecraft:stone_sword":1,"minecraft:torch":36}},"DataVersion":3465}