{"stats":{"minecraft:broken":{"mores:tin_helmet":1,"minecraft:stone_pickaxe":1,"minecraft:stone_axe":1,"minecraft:wooden_pickaxe":1,"vanillaplustools:stone_shovel":1,"minecraft:wooden_hoe":1},"minecraft:custom":{"minecraft:interact_with_crafting_table":81,"minecraft:open_barrel":23,"minecraft:leave_game":1,"minecraft:time_since_death":8572,"minecraft:sprint_one_cm":642577,"minecraft:drop":79,"minecraft:talked_to_villager":4,"minecraft:play_time":204414,"minecraft:deaths":11,"minecraft:jump":3455,"minecraft:walk_on_water_one_cm":3035,"minecraft:interact_with_furnace":41,"minecraft:damage_dealt":8168,"minecraft:crouch_one_cm":4965,"tombstone:undead_killed":23,"minecraft:interact_with_smoker":14,"minecraft:mob_kills":50,"minecraft:climb_one_cm":2300,"minecraft:walk_one_cm":874565,"minecraft:sneak_time":1542,"minecraft:walk_under_water_one_cm":1829,"minecraft:interact_with_blast_furnace":17,"minecraft:total_world_time":204414,"minecraft:interact_with_stonecutter":1,"minecraft:time_since_rest":8291,"minecraft:damage_taken":4832,"minecraft:swim_one_cm":12936,"minecraft:fly_one_cm":757525,"minecraft:open_chest":105,"minecraft:fall_one_cm":96755},"minecraft:dropped":{"untamedwilds:material_fat":1,"ecologics:walnut_sapling":6,"minecraft:leather":4,"born_in_chaos_v1:monster_flesh":1,"minecraft:dirt":191,"simplefarming:squash_seeds":1,"projectvibrantjourneys:bark_mushroom":4,"minecraft:stone_axe":2,"vinery:dark_cherry_sapling":1,"minecraft:wheat":3,"minecraft:birch_sapling":6,"tombstone:gift":1,"minecraft:rotten_flesh":3,"minecraft:oak_planks":1,"projectvibrantjourneys:short_grass":1,"simplefarming:cassava_seeds":1,"projectvibrantjourneys:light_brown_bark_mushroom":2,"simplefarming:barley_seeds":1,"minecraft:oak_leaves":2,"minecraft:bread":14,"minecraft:oak_slab":4,"minecraft:wheat_seeds":294,"untamedwilds:flora_yarrow":1,"croptopia:orange":21,"minecraft:feather":1,"minecraft:cobblestone":2,"minecraft:coal":2,"minecraft:wooden_hoe":1,"tombstone:grave_dust":2,"minecraft:string":1,"vinery:cherry":1,"minecraft:oak_trapdoor":4,"untamedwilds:flora_bush_temperate":2,"minecraft:composter":1,"minecraft:chicken":1,"simplefarming:kenaf_seeds":1,"ecologics:walnut":5,"minecraft:andesite":1,"minecraft:oak_sapling":10,"vinery:dark_cherry_trapdoor":3,"croptopia:peach":42,"minecraft:wooden_pickaxe":3,"simplefarming:eggplant_seeds":1},"minecraft:mined":{"simplefarming:raspberry_bush":2,"vinery:dark_cherry_trapdoor":1,"minecraft:large_amethyst_bud":2,"minecraft:granite":1,"minecraft:grass_block":606,"minecraft:oxeye_daisy":1,"autumnity:maple_log":3,"woodworks:birch_chest":1,"minecraft:magma_block":20,"projectvibrantjourneys:reeds":1,"minecraft:iron_ore":16,"croptopia:apple_crop":1,"minecraft:dirt_path":1,"minecraft:oak_stairs":11,"farm_and_charm:wild_strawberries":2,"ecologics:walnut_log":4,"minecraft:orange_bed":6,"minecraft:smoker":1,"farm_and_charm:wild_beetroots":12,"minecraft:torch":9,"autumnity:red_maple_leaves":68,"minecraft:blast_furnace":2,"projectvibrantjourneys:twigs":1,"minecraft:cobblestone":6,"mores:anthracite_ore":4,"minecraft:oak_planks":21,"minecraft:grindstone":2,"projectvibrantjourneys:fallen_leaves":2,"minecraft:wall_torch":8,"projectvibrantjourneys:light_brown_bark_mushroom":1,"minecraft:birch_log":95,"minecraft:wheat":66,"projectvibrantjourneys:bones":2,"born_in_chaos_v1:river_mint":2,"butcher:sulfurore":12,"minecraft:grass":124,"minecraft:oak_log":252,"projectvibrantjourneys:short_grass":79,"minecraft:sand":87,"minecraft:dirt":454,"mores:silver_ore":18,"minecraft:stonecutter":2,"minecraft:oak_leaves":12,"croptopia:orange_crop":1,"projectvibrantjourneys:rocks":5,"minecraft:ladder":4,"minecraft:cartography_table":2,"untamedwilds:flora_yarrow":2,"minecraft:furnace":6,"projectvibrantjourneys:orange_bark_mushroom":1,"minecraft:andesite":63,"mores:deepslate_cobalt_ore":2,"minecraft:deepslate_iron_ore":5,"minecraft:lantern":17,"vinery:grapevine_stem":3,"minecraft:stone":324,"simplefarming:strawberry_bush":3,"minecraft:birch_stairs":11,"minecraft:oak_slab":1,"mores:cobalt_ore":24,"vinery:dark_cherry_log":7,"minecraft:dandelion":1,"minecraft:crafting_table":10,"untamedwilds:flora_bush_temperate":3,"autumnity:orange_maple_leaves":98,"minecraft:copper_ore":9,"minecraft:tall_grass":30,"minecraft:deepslate_coal_ore":2,"minecraft:lapis_ore":2,"minecraft:diorite":8,"mores:tin_ore":33,"minecraft:birch_planks":52,"iter_rpg:abyss_quartz":1,"minecraft:coal_ore":13,"neapolitan:vanilla_vine_plant":1,"farm_and_charm:wild_tomatoes":7,"farm_and_charm:wild_corn":14},"minecraft:picked_up":{"minecraft:wheat":100,"farm_and_charm:kernels":4,"minecraft:oak_stairs":11,"minecraft:string":3,"minecraft:raw_copper":155,"minecraft:smooth_stone_slab":2,"minecraft:beetroot":27,"vinery:bottle_mojang_noir":1,"minecraft:cobbled_deepslate":4,"minecraft:furnace":6,"minecraft:stick":54,"ecologics:walnut_log":4,"minecraft:torch":28,"minecraft:porkchop":1,"simplefarming:raspberries":2,"tombstone:grave_dust":3,"minecraft:diorite":3,"autumnity:red_maple_leaves":62,"mores:raw_tin":116,"minecraft:orange_bed":6,"minecraft:rotten_flesh":7,"simplefarming:pepper_seeds":1,"alexsmobs:emu_egg":4,"farm_and_charm:corn":87,"vinery:dark_cherry_log":7,"untamedwilds:flora_yarrow":2,"minecraft:cobblestone":316,"minecraft:birch_log":95,"minecraft:magma_block":20,"woodworks:birch_chest":1,"ecologics:walnut":10,"minecraft:feather":2,"minecraft:cooked_beef":2,"minecraft:andesite":51,"minecraft:smoker":1,"minecraft:lapis_lazuli":31,"minecraft:dirt":949,"minecraft:lantern":17,"simplefarming:cucumber_seeds":1,"minecraft:bone":10,"minecraft:stonecutter":2,"minecraft:wheat_seeds":331,"simplefarming:kenaf_seeds":2,"minecraft:grindstone":2,"vinery:grapevine_stem":4,"minecraft:oak_planks":57,"iter_rpg:seashell":1,"minecraft:cooked_porkchop":2,"vinery:dark_cherry_sapling":1,"minecraft:sand":95,"mores:raw_cobalt":26,"minecraft:bundle":1,"farm_and_charm:tomato_seeds":1,"butcher:sulfur":34,"farm_and_charm:tomato":19,"iter_rpg:abyssquartz_shard":2,"minecraft:bread":14,"minecraft:oak_sapling":31,"mores:raw_silver":18,"simplefarming:cassava_seeds":1,"minecraft:oak_leaves":4,"minecraft:crafting_table":10,"minecraft:ladder":4,"minecraft:chicken":1,"born_in_chaos_v1:river_mint":4,"croptopia:peach":50,"iter_rpg:pearl":1,"minecraft:wooden_pickaxe":3,"minecraft:oak_trapdoor":2,"simplefarming:sorghum_seeds":1,"ecologics:walnut_sapling":12,"minecraft:cartography_table":2,"minecraft:beef":12,"vinery:cherry":1,"projectvibrantjourneys:short_grass":1,"simplefarming:barley_seeds":3,"minecraft:birch_sapling":11,"minecraft:raw_iron":57,"simplefarming:cantaloupe_seeds":1,"projectvibrantjourneys:bark_mushroom":5,"simplefarming:yam_seeds":1,"untamedwilds:flora_bush_temperate":3,"simplefarming:eggplant_seeds":2,"untamedwilds:hide_beige":3,"farm_and_charm:strawberry":10,"minecraft:oxeye_daisy":1,"born_in_chaos_v1:monster_flesh":1,"minecraft:leather":5,"spartanweaponry:iron_longsword":1,"minecraft:birch_planks":70,"minecraft:oak_log":247,"tombstone:gift":2,"neapolitan:vanilla_pods":2,"minecraft:apple":64,"untamedwilds:material_fat":2,"minecraft:iron_ingot":5,"autumnity:orange_maple_leaves":94,"projectvibrantjourneys:light_brown_bark_mushroom":4,"minecraft:oak_slab":1,"simplefarming:rice_seeds":1,"croptopia:starfruit":7,"simplefarming:blueberries":6,"minecraft:birch_stairs":11,"minecraft:blast_furnace":2,"simplefarming:squash_seeds":2,"vinery:dark_cherry_trapdoor":3,"simplefarming:raspberry_bush":2,"mores:anthracite":4,"croptopia:orange":35,"projectvibrantjourneys:orange_bark_mushroom":6,"minecraft:coal":155},"minecraft:used":{"minecraft:beetroot":1,"autumnity:orange_maple_leaves":5,"minecraft:ladder":4,"mores:tin_pickaxe":91,"minecraft:glass":48,"vinery:bottle_mojang_noir":1,"minecraft:lantern":14,"vinery:dark_cherry_planks":8,"croptopia:peach":1,"woodworks:birch_chest":7,"minecraft:furnace":9,"minecraft:stone_pickaxe":267,"minecraft:oak_planks":162,"minecraft:wooden_pickaxe":81,"ecologics:walnut_trapdoor":4,"minecraft:composter":4,"minecraft:oak_leaves":2,"vinery:dark_cherry_trapdoor":4,"minecraft:blast_furnace":6,"vinery:dark_cherry_door":2,"minecraft:shears":168,"croptopia:orange":3,"spartanweaponry:iron_dagger":4,"minecraft:bread":20,"tombstone:grave_key":5,"minecraft:grindstone":2,"minecraft:smithing_table":1,"minecraft:andesite":2,"minecraft:smooth_stone_slab":60,"minecraft:air":4,"minecraft:bone_meal":1,"minecraft:stone_sword":62,"mores:tin_axe":23,"minecraft:stone_shovel":312,"croptopia:starfruit":7,"minecraft:orange_bed":5,"minecraft:torch":56,"minecraft:dirt":179,"minecraft:oak_stairs":23,"vinery:grapevine_stem":2,"minecraft:barrel":11,"tombstone:gift":2,"minecraft:cobbled_deepslate":4,"minecraft:wheat_seeds":97,"minecraft:water_bucket":8,"minecraft:birch_planks":238,"minecraft:cartography_table":2,"minecraft:stonecutter":1,"minecraft:oak_slab":3,"minecraft:crafting_table":12,"vanillaplustools:stone_shovel":164,"autumnity:red_maple_leaves":2,"minecraft:smoker":5,"spartanweaponry:iron_battleaxe":106,"minecraft:oak_log":113,"minecraft:wooden_hoe":109,"minecraft:apple":53,"mores:tin_shovel":24,"vanillaplustools:wooden_hammer":26,"minecraft:iron_pickaxe":2,"minecraft:stone_axe":488,"simplefarming:raspberry_bush":2,"minecraft:cobblestone":107,"untamedwilds:flora_bush_temperate":1,"minecraft:bucket":8,"minecraft:birch_stairs":19},"minecraft:killed":{"minecraft:spider":5,"minecraft:skeleton":5,"minecraft:bee":1,"minecraft:chicken":1,"untamedwilds:boar":1,"minecraft:iron_golem":1,"minecraft:zombie":17,"born_in_chaos_v1:dread_hound":1,"alexsmobs:fly":1,"minecraft:cow":6,"born_in_chaos_v1:maggot":4,"born_in_chaos_v1:barrel_zombie":1,"untamedwilds:big_cat":1,"iter_rpg:scallop":3},"minecraft:crafted":{"minecraft:smooth_stone":64,"minecraft:oak_planks":388,"minecraft:barrel":11,"ecologics:walnut_planks":16,"minecraft:birch_slab":42,"minecraft:stone":64,"minecraft:glass":64,"mores:tin_ingot":116,"vanillaplustools:stone_shovel":1,"mores:tin_shovel":1,"minecraft:smoker":4,"minecraft:oak_slab":30,"minecraft:cooked_porkchop":4,"vinery:grapevine_stem":24,"mores:tin_chestplate":1,"minecraft:crafting_table":4,"vinery:dark_cherry_planks":28,"minecraft:wooden_pickaxe":11,"minecraft:iron_helmet":1,"mores:tin_helmet":1,"minecraft:smithing_table":1,"minecraft:birch_planks":380,"minecraft:iron_chestplate":1,"minecraft:wooden_hoe":2,"minecraft:stick":72,"minecraft:iron_ingot":58,"minecraft:iron_pickaxe":1,"minecraft:stone_sword":1,"minecraft:composter":5,"minecraft:birch_stairs":20,"minecraft:shears":1,"vanillaplustools:wooden_hammer":1,"minecraft:stone_shovel":11,"mores:tin_pickaxe":1,"vinery:dark_cherry_door":3,"minecraft:smooth_stone_slab":64,"minecraft:iron_nugget":27,"minecraft:furnace":11,"minecraft:blast_furnace":4,"spartanweaponry:iron_katana":1,"minecraft:bone_meal":24,"minecraft:oak_trapdoor":2,"minecraft:lantern":2,"minecraft:iron_axe":1,"minecraft:ladder":8,"minecraft:stone_pickaxe":3,"mores:tin_axe":1,"minecraft:cooked_beef":12,"woodworks:birch_chest":6,"spartanweaponry:handle":4,"vinery:dark_cherry_trapdoor":4,"minecraft:bucket":1,"minecraft:stone_axe":4,"mores:tin_leggings":1,"ecologics:walnut_trapdoor":4,"minecraft:bread":31,"minecraft:air":0,"mores:tin_sword":1,"minecraft:oak_stairs":12,"minecraft:iron_leggings":1,"minecraft:torch":44},"minecraft:killed_by":{"minecraft:zombie":1}},"DataVersion":3465}