{"stats":{"minecraft:broken":{"minecraft:stone_axe":1,"vanillaplustools:stone_shovel":1,"minecraft:wooden_hoe":1},"minecraft:custom":{"minecraft:mob_kills":26,"minecraft:interact_with_crafting_table":62,"minecraft:leave_game":1,"minecraft:time_since_death":15221,"minecraft:climb_one_cm":2300,"minecraft:sprint_one_cm":549701,"minecraft:walk_one_cm":747691,"minecraft:drop":64,"minecraft:talked_to_villager":4,"minecraft:play_time":162414,"minecraft:deaths":6,"minecraft:sneak_time":1334,"minecraft:walk_under_water_one_cm":1829,"minecraft:jump":2902,"minecraft:interact_with_blast_furnace":10,"minecraft:walk_on_water_one_cm":2236,"minecraft:total_world_time":162414,"minecraft:interact_with_furnace":41,"minecraft:interact_with_stonecutter":1,"minecraft:time_since_rest":15046,"minecraft:damage_taken":3175,"minecraft:damage_dealt":4171,"minecraft:swim_one_cm":12936,"minecraft:fly_one_cm":680037,"minecraft:open_chest":91,"minecraft:crouch_one_cm":4631,"tombstone:undead_killed":8,"minecraft:fall_one_cm":82733},"minecraft:dropped":{"minecraft:bread":14,"minecraft:wheat_seeds":294,"untamedwilds:material_fat":1,"minecraft:feather":1,"croptopia:orange":21,"ecologics:walnut_sapling":6,"born_in_chaos_v1:monster_flesh":1,"minecraft:dirt":191,"tombstone:grave_dust":2,"simplefarming:squash_seeds":1,"vinery:cherry":1,"projectvibrantjourneys:bark_mushroom":4,"minecraft:stone_axe":2,"vinery:dark_cherry_sapling":1,"untamedwilds:flora_bush_temperate":2,"minecraft:birch_sapling":6,"minecraft:wheat":3,"tombstone:gift":1,"minecraft:chicken":1,"minecraft:rotten_flesh":3,"projectvibrantjourneys:short_grass":1,"simplefarming:cassava_seeds":1,"simplefarming:kenaf_seeds":1,"projectvibrantjourneys:light_brown_bark_mushroom":2,"ecologics:walnut":5,"minecraft:oak_sapling":10,"vinery:dark_cherry_trapdoor":2,"croptopia:peach":42,"simplefarming:barley_seeds":1,"minecraft:wooden_pickaxe":3,"simplefarming:eggplant_seeds":1},"minecraft:mined":{"vinery:dark_cherry_trapdoor":1,"simplefarming:raspberry_bush":2,"minecraft:large_amethyst_bud":2,"croptopia:orange_crop":1,"projectvibrantjourneys:rocks":3,"minecraft:ladder":4,"minecraft:grass_block":605,"minecraft:cartography_table":2,"autumnity:maple_log":3,"minecraft:oxeye_daisy":1,"woodworks:birch_chest":1,"untamedwilds:flora_yarrow":2,"minecraft:magma_block":20,"projectvibrantjourneys:reeds":1,"minecraft:furnace":6,"minecraft:iron_ore":1,"projectvibrantjourneys:orange_bark_mushroom":1,"minecraft:lantern":15,"croptopia:apple_crop":1,"minecraft:dirt_path":1,"minecraft:oak_stairs":11,"vinery:grapevine_stem":3,"farm_and_charm:wild_strawberries":2,"ecologics:walnut_log":4,"minecraft:stone":191,"simplefarming:strawberry_bush":3,"minecraft:orange_bed":6,"minecraft:oak_slab":1,"minecraft:birch_stairs":11,"vinery:dark_cherry_log":7,"minecraft:smoker":1,"farm_and_charm:wild_beetroots":12,"minecraft:crafting_table":8,"autumnity:red_maple_leaves":68,"minecraft:torch":4,"untamedwilds:flora_bush_temperate":3,"projectvibrantjourneys:twigs":1,"minecraft:blast_furnace":2,"autumnity:orange_maple_leaves":98,"minecraft:tall_grass":30,"minecraft:copper_ore":1,"minecraft:cobblestone":6,"minecraft:grindstone":1,"projectvibrantjourneys:fallen_leaves":2,"minecraft:oak_planks":21,"mores:tin_ore":32,"minecraft:diorite":8,"minecraft:wall_torch":8,"minecraft:birch_planks":52,"projectvibrantjourneys:light_brown_bark_mushroom":1,"minecraft:birch_log":95,"minecraft:wheat":66,"projectvibrantjourneys:bones":2,"born_in_chaos_v1:river_mint":2,"minecraft:grass":124,"minecraft:oak_log":252,"minecraft:coal_ore":11,"projectvibrantjourneys:short_grass":71,"neapolitan:vanilla_vine_plant":1,"minecraft:sand":87,"minecraft:dirt":452,"minecraft:stonecutter":2,"farm_and_charm:wild_tomatoes":7,"farm_and_charm:wild_corn":6,"minecraft:oak_leaves":12},"minecraft:picked_up":{"minecraft:crafting_table":8,"minecraft:wheat":98,"born_in_chaos_v1:river_mint":4,"minecraft:chicken":1,"minecraft:ladder":4,"croptopia:peach":50,"farm_and_charm:kernels":2,"iter_rpg:pearl":1,"minecraft:wooden_pickaxe":3,"minecraft:oak_stairs":11,"minecraft:raw_copper":28,"simplefarming:sorghum_seeds":1,"minecraft:smooth_stone_slab":2,"minecraft:beetroot":27,"ecologics:walnut_sapling":12,"vinery:bottle_mojang_noir":1,"minecraft:cartography_table":2,"minecraft:beef":12,"vinery:cherry":1,"projectvibrantjourneys:short_grass":1,"minecraft:birch_sapling":11,"simplefarming:barley_seeds":3,"minecraft:furnace":6,"minecraft:raw_iron":2,"minecraft:stick":54,"simplefarming:cantaloupe_seeds":1,"ecologics:walnut_log":4,"projectvibrantjourneys:bark_mushroom":5,"simplefarming:yam_seeds":1,"minecraft:torch":13,"untamedwilds:flora_bush_temperate":3,"minecraft:porkchop":1,"simplefarming:raspberries":2,"tombstone:grave_dust":3,"minecraft:diorite":3,"autumnity:red_maple_leaves":62,"simplefarming:eggplant_seeds":2,"mores:raw_tin":116,"minecraft:orange_bed":6,"minecraft:rotten_flesh":5,"untamedwilds:hide_beige":3,"simplefarming:pepper_seeds":1,"farm_and_charm:strawberry":10,"alexsmobs:emu_egg":4,"farm_and_charm:corn":42,"vinery:dark_cherry_log":7,"untamedwilds:flora_yarrow":2,"minecraft:cobblestone":180,"minecraft:oxeye_daisy":1,"minecraft:birch_log":95,"woodworks:birch_chest":1,"minecraft:magma_block":20,"ecologics:walnut":10,"minecraft:feather":2,"minecraft:cooked_beef":2,"born_in_chaos_v1:monster_flesh":1,"minecraft:leather":5,"minecraft:smoker":1,"minecraft:birch_planks":70,"minecraft:oak_log":247,"neapolitan:vanilla_pods":2,"minecraft:lantern":15,"minecraft:dirt":946,"tombstone:gift":2,"simplefarming:cucumber_seeds":1,"minecraft:bone":9,"minecraft:apple":64,"untamedwilds:material_fat":2,"minecraft:stonecutter":2,"minecraft:wheat_seeds":331,"simplefarming:kenaf_seeds":2,"minecraft:grindstone":1,"minecraft:iron_ingot":5,"autumnity:orange_maple_leaves":94,"vinery:grapevine_stem":4,"minecraft:oak_planks":56,"projectvibrantjourneys:light_brown_bark_mushroom":4,"minecraft:oak_slab":1,"iter_rpg:seashell":1,"simplefarming:rice_seeds":1,"minecraft:cooked_porkchop":2,"croptopia:starfruit":7,"vinery:dark_cherry_sapling":1,"simplefarming:blueberries":6,"minecraft:sand":87,"minecraft:birch_stairs":11,"minecraft:blast_furnace":2,"simplefarming:squash_seeds":2,"vinery:dark_cherry_trapdoor":3,"simplefarming:raspberry_bush":2,"farm_and_charm:tomato_seeds":1,"farm_and_charm:tomato":19,"croptopia:orange":35,"minecraft:bread":14,"projectvibrantjourneys:orange_bark_mushroom":6,"minecraft:oak_sapling":31,"simplefarming:cassava_seeds":1,"minecraft:coal":131,"minecraft:oak_leaves":4},"minecraft:used":{"autumnity:orange_maple_leaves":5,"minecraft:beetroot":1,"minecraft:stone_sword":62,"mores:tin_axe":21,"minecraft:stone_shovel":312,"minecraft:ladder":4,"croptopia:starfruit":7,"mores:tin_pickaxe":25,"minecraft:orange_bed":4,"minecraft:torch":12,"minecraft:dirt":167,"minecraft:glass":48,"vinery:bottle_mojang_noir":1,"minecraft:lantern":11,"minecraft:oak_stairs":21,"vinery:grapevine_stem":2,"minecraft:barrel":11,"vinery:dark_cherry_planks":8,"croptopia:peach":1,"woodworks:birch_chest":7,"minecraft:furnace":9,"tombstone:gift":2,"minecraft:water_bucket":8,"minecraft:wheat_seeds":97,"minecraft:birch_planks":238,"minecraft:stone_pickaxe":90,"minecraft:oak_planks":162,"minecraft:cartography_table":2,"ecologics:walnut_trapdoor":4,"minecraft:wooden_pickaxe":22,"minecraft:composter":4,"minecraft:stonecutter":1,"minecraft:oak_leaves":2,"vinery:dark_cherry_trapdoor":4,"minecraft:oak_slab":3,"minecraft:crafting_table":10,"minecraft:blast_furnace":2,"vanillaplustools:stone_shovel":164,"autumnity:red_maple_leaves":2,"minecraft:smoker":5,"vinery:dark_cherry_door":2,"minecraft:shears":168,"croptopia:orange":3,"spartanweaponry:iron_battleaxe":38,"minecraft:oak_log":113,"minecraft:wooden_hoe":109,"minecraft:apple":37,"mores:tin_shovel":24,"vanillaplustools:wooden_hammer":26,"spartanweaponry:iron_dagger":4,"minecraft:bread":20,"minecraft:stone_axe":488,"minecraft:cobblestone":30,"simplefarming:raspberry_bush":2,"untamedwilds:flora_bush_temperate":1,"minecraft:bucket":8,"minecraft:smooth_stone_slab":60,"minecraft:air":4,"minecraft:bone_meal":1,"minecraft:birch_stairs":19},"minecraft:killed":{"minecraft:spider":2,"minecraft:skeleton":1,"minecraft:bee":1,"minecraft:chicken":1,"untamedwilds:boar":1,"minecraft:iron_golem":1,"untamedwilds:big_cat":1,"minecraft:zombie":7,"born_in_chaos_v1:dread_hound":1,"alexsmobs:fly":1,"iter_rpg:scallop":2,"minecraft:cow":6},"minecraft:crafted":{"minecraft:smooth_stone":64,"vanillaplustools:wooden_hammer":1,"minecraft:oak_planks":388,"mores:tin_pickaxe":1,"minecraft:barrel":11,"minecraft:stone_shovel":11,"vinery:dark_cherry_door":3,"minecraft:smooth_stone_slab":64,"minecraft:iron_nugget":27,"ecologics:walnut_planks":16,"minecraft:birch_slab":42,"minecraft:furnace":7,"minecraft:stone":64,"minecraft:bone_meal":24,"minecraft:oak_trapdoor":2,"minecraft:lantern":2,"minecraft:glass":64,"mores:tin_ingot":116,"minecraft:ladder":8,"minecraft:stone_pickaxe":1,"mores:tin_axe":1,"vanillaplustools:stone_shovel":1,"mores:tin_shovel":1,"minecraft:smoker":4,"woodworks:birch_chest":6,"minecraft:oak_slab":30,"mores:tin_chestplate":1,"vinery:grapevine_stem":24,"vinery:dark_cherry_planks":28,"minecraft:crafting_table":3,"minecraft:wooden_pickaxe":10,"mores:tin_helmet":1,"vinery:dark_cherry_trapdoor":4,"minecraft:bucket":1,"minecraft:birch_planks":380,"ecologics:walnut_trapdoor":4,"minecraft:stone_axe":4,"mores:tin_leggings":1,"minecraft:air":0,"minecraft:bread":31,"minecraft:wooden_hoe":2,"mores:tin_sword":1,"minecraft:stick":56,"minecraft:iron_ingot":3,"minecraft:oak_stairs":12,"minecraft:stone_sword":1,"minecraft:composter":5,"minecraft:torch":36,"minecraft:birch_stairs":20,"minecraft:shears":1}},"DataVersion":3465}