{"stats":{"minecraft:picked_up":{"vinery:red_grape":5,"minecraft:wheat":210,"farm_and_charm:kernels":9,"minecraft:oak_stairs":11,"minecraft:string":3,"minecraft:raw_copper":155,"farm_and_charm:mincer":1,"minecraft:smooth_stone_slab":2,"woodworks:oak_chest":3,"brewery:hops":4,"minecraft:beetroot":27,"vinery:bottle_mojang_noir":1,"minecraft:sea_pickle":17,"minecraft:cobbled_deepslate":4,"vinery:dark_cherry_planks":1,"minecraft:furnace":6,"minecraft:stick":68,"ecologics:walnut_log":4,"minecraft:torch":29,"minecraft:acacia_log":70,"croptopia:olive_seed":1,"farm_and_charm:barley_seeds":2,"minecraft:porkchop":1,"simplefarming:raspberries":2,"tombstone:grave_dust":4,"minecraft:diorite":3,"autumnity:red_maple_leaves":62,"minecraft:cauldron":1,"mores:raw_tin":116,"minecraft:orange_bed":6,"immersive_weathering:oak_bark":1,"minecraft:rotten_flesh":8,"simplefarming:pepper_seeds":1,"farm_and_charm:corn":231,"vinery:dark_cherry_log":7,"minecraft:cobblestone":316,"minecraft:birch_log":95,"minecraft:magma_block":20,"woodworks:birch_chest":1,"ecologics:walnut":10,"minecraft:feather":2,"minecraft:cooked_beef":2,"vinery:oak_wine_rack_big":6,"minecraft:water_bucket":1,"minecraft:andesite":51,"farm_and_charm:barley":26,"minecraft:smoker":1,"minecraft:lapis_lazuli":31,"minecraft:dirt":1004,"minecraft:lantern":17,"brewery:hops_seeds":4,"simplefarming:cucumber_seeds":1,"minecraft:bone":10,"minecraft:stonecutter":2,"minecraft:wheat_seeds":683,"simplefarming:kenaf_seeds":2,"minecraft:grindstone":2,"vinery:grapevine_stem":4,"minecraft:oak_planks":57,"iter_rpg:seashell":1,"minecraft:cooked_porkchop":2,"vinery:dark_cherry_sapling":1,"minecraft:sand":95,"mores:raw_cobalt":26,"minecraft:bundle":1,"farm_and_charm:tomato_seeds":1,"butcher:sulfur":34,"farm_and_charm:tomato":19,"croptopia:hops_seed":2,"minecraft:sugar":35,"iter_rpg:abyssquartz_shard":2,"minecraft:grass":3,"simplefarming:cherries":8,"minecraft:bread":17,"minecraft:oak_sapling":44,"mores:raw_silver":18,"simplefarming:cassava_seeds":1,"minecraft:oak_leaves":4,"minecraft:spruce_leaves":4,"minecraft:crafting_table":10,"vinery:taiga_grapes_white":11,"minecraft:ladder":4,"minecraft:chicken":1,"born_in_chaos_v1:river_mint":4,"croptopia:peach":50,"minecraft:brown_mushroom":1,"vinery:oak_wine_rack_mid":2,"iter_rpg:pearl":2,"minecraft:wooden_pickaxe":3,"farm_and_charm:silo_wood":11,"farm_and_charm:cooking_pot":6,"minecraft:oak_trapdoor":2,"simplefarming:sorghum_seeds":1,"ecologics:walnut_sapling":12,"minecraft:cartography_table":2,"minecraft:beef":12,"vinery:cherry":37,"projectvibrantjourneys:short_grass":1,"minecraft:sugar_cane":49,"simplefarming:barley_seeds":3,"minecraft:birch_sapling":11,"minecraft:raw_iron":58,"simplefarming:cantaloupe_seeds":2,"projectvibrantjourneys:bark_mushroom":8,"simplefarming:yam_seeds":1,"minecraft:bowl":24,"farm_and_charm:wild_corn":7,"simplefarming:eggplant_seeds":2,"croptopia:grape":12,"farm_and_charm:strawberry":10,"minecraft:oxeye_daisy":1,"simplefarming:soybean_seeds":10,"born_in_chaos_v1:monster_flesh":1,"minecraft:leather":5,"spartanweaponry:iron_longsword":1,"simplefarming:soybean":14,"minecraft:birch_planks":94,"brewery:wooden_brewingstation":6,"minecraft:oak_log":263,"vinery:taiga_grapes_red":8,"minecraft:gunpowder":1,"vinery:savanna_grapes_white":3,"neapolitan:vanilla_pods":20,"tombstone:gift":2,"jeg:grenade":1,"croptopia:olive":1,"minecraft:apple":64,"minecraft:kelp":22,"minecraft:iron_ingot":5,"autumnity:orange_maple_leaves":94,"minecraft:acacia_sapling":27,"projectvibrantjourneys:light_brown_bark_mushroom":5,"minecraft:oak_slab":1,"simplefarming:rice_seeds":1,"brewery:dried_wheat":89,"croptopia:starfruit":7,"projectvibrantjourneys:bones":1,"vinery:fermentation_barrel":7,"simplefarming:blueberries":6,"croptopia:hops":1,"minecraft:birch_stairs":11,"minecraft:blast_furnace":2,"simplefarming:squash_seeds":2,"vinery:dark_cherry_trapdoor":3,"simplefarming:raspberry_bush":2,"minecraft:slime_ball":1,"mores:anthracite":4,"croptopia:orange":35,"projectvibrantjourneys:orange_bark_mushroom":8,"minecraft:coal":155},"minecraft:mined":{"brewery:brew_whistle":2,"simplefarming:raspberry_bush":2,"vinery:dark_cherry_trapdoor":1,"minecraft:large_amethyst_bud":2,"farm_and_charm:cooking_pot":3,"vinery:oak_wine_rack_big":6,"minecraft:granite":1,"minecraft:acacia_log":71,"minecraft:grass_block":634,"minecraft:oxeye_daisy":1,"autumnity:maple_log":3,"woodworks:birch_chest":1,"minecraft:tall_seagrass":1,"minecraft:magma_block":20,"projectvibrantjourneys:reeds":1,"minecraft:iron_ore":17,"vinery:fermentation_barrel":7,"simplefarming:soybeans":4,"croptopia:apple_crop":1,"minecraft:dirt_path":1,"minecraft:oak_stairs":11,"farm_and_charm:wild_strawberries":2,"ecologics:walnut_log":4,"minecraft:orange_bed":6,"vinery:oak_wine_rack_mid":2,"minecraft:kelp_plant":2,"minecraft:smoker":1,"brewery:wooden_brewingstation":2,"farm_and_charm:wild_beetroots":12,"brewery:brew_oven":1,"minecraft:torch":9,"autumnity:red_maple_leaves":68,"projectvibrantjourneys:twigs":1,"minecraft:blast_furnace":2,"vinery:savanna_grape_bush_white":1,"mores:anthracite_ore":4,"minecraft:cobblestone":6,"minecraft:sugar_cane":37,"minecraft:oak_planks":21,"minecraft:grindstone":2,"projectvibrantjourneys:fallen_leaves":2,"minecraft:wall_torch":9,"projectvibrantjourneys:light_brown_bark_mushroom":1,"minecraft:birch_log":95,"minecraft:wheat":66,"minecraft:lava_cauldron":1,"projectvibrantjourneys:bones":2,"born_in_chaos_v1:river_mint":2,"butcher:sulfurore":12,"minecraft:grass":137,"minecraft:oak_log":268,"projectvibrantjourneys:short_grass":84,"minecraft:sand":87,"minecraft:dirt":481,"mores:silver_ore":18,"minecraft:stonecutter":2,"minecraft:oak_leaves":12,"croptopia:orange_crop":1,"projectvibrantjourneys:rocks":5,"vinery:dark_cherry_planks":1,"minecraft:ladder":4,"minecraft:cartography_table":2,"minecraft:kelp":18,"minecraft:furnace":6,"projectvibrantjourneys:orange_bark_mushroom":1,"minecraft:andesite":63,"mores:deepslate_cobalt_ore":2,"farm_and_charm:mincer":1,"minecraft:deepslate_iron_ore":5,"minecraft:lantern":17,"vinery:grapevine_stem":3,"farm_and_charm:wild_emmer":2,"minecraft:stone":324,"simplefarming:strawberry_bush":3,"farm_and_charm:silo_wood":11,"brewery:brew_timer":1,"neapolitan:vanilla_vine":1,"minecraft:oak_slab":1,"minecraft:birch_stairs":11,"mores:cobalt_ore":24,"vinery:dark_cherry_log":7,"minecraft:dandelion":1,"minecraft:crafting_table":10,"autumnity:orange_maple_leaves":98,"farm_and_charm:wild_barley":8,"woodworks:oak_chest":3,"minecraft:tall_grass":30,"minecraft:copper_ore":9,"minecraft:deepslate_coal_ore":2,"minecraft:lapis_ore":2,"croptopia:olive_crop":1,"minecraft:diorite":8,"mores:tin_ore":33,"minecraft:birch_planks":76,"minecraft:bubble_coral":1,"minecraft:sea_pickle":5,"iter_rpg:abyss_quartz":1,"upgrade_aquatic:moss_coral_fan":1,"croptopia:hops_crop":2,"minecraft:coal_ore":13,"neapolitan:vanilla_vine_plant":13,"farm_and_charm:wild_tomatoes":7,"upgrade_aquatic:pillow_coral_fan":1,"farm_and_charm:wild_corn":33},"minecraft:killed_by":{"minecraft:zombie":1},"minecraft:crafted":{"minecraft:smooth_stone":64,"minecraft:oak_planks":464,"minecraft:barrel":15,"vinery:oak_wine_rack_big":6,"ecologics:walnut_planks":16,"farm_and_charm:mincer":1,"minecraft:birch_slab":42,"minecraft:stone":64,"brewery:beer_mug":64,"minecraft:glass":72,"mores:tin_ingot":116,"vanillaplustools:stone_shovel":1,"mores:tin_shovel":1,"vinery:wine_bottle":36,"minecraft:smoker":4,"minecraft:glass_bottle":18,"farm_and_charm:silo_wood":12,"minecraft:oak_slab":72,"minecraft:wooden_shovel":1,"minecraft:cooked_porkchop":4,"vinery:grapevine_stem":84,"mores:tin_chestplate":1,"minecraft:crafting_table":4,"vinery:dark_cherry_planks":28,"minecraft:acacia_slab":6,"minecraft:wooden_pickaxe":11,"minecraft:iron_helmet":1,"mores:tin_helmet":1,"minecraft:smithing_table":1,"minecraft:birch_planks":380,"vinery:taiga_grape_seeds_red":2,"minecraft:iron_chestplate":1,"minecraft:wooden_hoe":3,"minecraft:stick":80,"minecraft:iron_ingot":58,"minecraft:iron_pickaxe":1,"minecraft:stone_sword":1,"vinery:red_grape_seeds":2,"minecraft:composter":5,"minecraft:birch_stairs":20,"minecraft:shears":1,"vanillaplustools:wooden_hammer":1,"minecraft:stone_shovel":11,"mores:tin_pickaxe":1,"vinery:dark_cherry_door":3,"minecraft:smooth_stone_slab":64,"farm_and_charm:cooking_pot":1,"minecraft:iron_nugget":36,"minecraft:furnace":11,"vinery:grapevine_pot":3,"minecraft:blast_furnace":4,"spartanweaponry:iron_katana":1,"minecraft:bone_meal":30,"minecraft:oak_trapdoor":6,"minecraft:glass_pane":16,"minecraft:lantern":2,"vinery:fermentation_barrel":4,"minecraft:iron_axe":1,"minecraft:ladder":8,"minecraft:stone_pickaxe":3,"mores:tin_axe":1,"minecraft:cooked_beef":12,"minecraft:sugar":35,"woodworks:birch_chest":6,"minecraft:bowl":24,"spartanweaponry:handle":4,"vinery:oak_wine_rack_mid":2,"vinery:dark_cherry_trapdoor":4,"minecraft:bone":1,"minecraft:bucket":1,"minecraft:stone_axe":4,"mores:tin_leggings":1,"ecologics:walnut_trapdoor":4,"minecraft:bread":31,"minecraft:air":0,"woodworks:oak_chest":1,"vinery:taiga_grape_seeds_white":4,"mores:tin_sword":1,"vinery:savanna_grape_seeds_white":3,"minecraft:oak_stairs":12,"minecraft:birch_trapdoor":4,"minecraft:iron_shovel":1,"minecraft:iron_leggings":1,"minecraft:acacia_planks":160,"minecraft:torch":44},"minecraft:dropped":{"ecologics:walnut_sapling":6,"minecraft:leather":4,"projectvibrantjourneys:orange_bark_mushroom":2,"minecraft:spruce_leaves":4,"born_in_chaos_v1:monster_flesh":1,"minecraft:dirt":191,"minecraft:grass":2,"simplefarming:squash_seeds":1,"projectvibrantjourneys:bark_mushroom":6,"minecraft:stone_axe":2,"vinery:dark_cherry_sapling":1,"minecraft:birch_sapling":6,"minecraft:wheat":3,"tombstone:gift":1,"minecraft:rotten_flesh":3,"minecraft:oak_planks":1,"projectvibrantjourneys:short_grass":1,"simplefarming:cassava_seeds":1,"projectvibrantjourneys:light_brown_bark_mushroom":2,"brewery:hops":1,"minecraft:acacia_sapling":22,"simplefarming:barley_seeds":1,"minecraft:oak_leaves":2,"minecraft:bread":14,"minecraft:oak_slab":4,"minecraft:wheat_seeds":294,"croptopia:orange":21,"minecraft:feather":1,"minecraft:cobblestone":2,"croptopia:grape":6,"minecraft:coal":2,"minecraft:wooden_hoe":1,"tombstone:grave_dust":2,"minecraft:iron_shovel":1,"minecraft:string":1,"vinery:cherry":1,"minecraft:oak_trapdoor":4,"minecraft:composter":1,"minecraft:chicken":1,"simplefarming:kenaf_seeds":1,"ecologics:walnut":5,"minecraft:andesite":49,"minecraft:oak_sapling":22,"vinery:dark_cherry_trapdoor":3,"croptopia:peach":42,"minecraft:wooden_pickaxe":3,"simplefarming:eggplant_seeds":1},"minecraft:custom":{"minecraft:interact_with_crafting_table":118,"minecraft:open_barrel":171,"minecraft:leave_game":2,"minecraft:time_since_death":175300,"minecraft:sprint_one_cm":941321,"minecraft:drop":95,"minecraft:talked_to_villager":4,"minecraft:play_time":371142,"minecraft:deaths":11,"minecraft:jump":4801,"minecraft:walk_on_water_one_cm":10632,"minecraft:interact_with_furnace":45,"minecraft:interact_with_cartography_table":1,"minecraft:damage_dealt":8434,"minecraft:crouch_one_cm":5143,"tombstone:undead_killed":24,"minecraft:interact_with_smoker":16,"minecraft:mob_kills":52,"minecraft:climb_one_cm":2661,"minecraft:walk_one_cm":1188608,"minecraft:sneak_time":1890,"minecraft:walk_under_water_one_cm":3690,"minecraft:interact_with_blast_furnace":23,"minecraft:total_world_time":371142,"minecraft:interact_with_grindstone":1,"minecraft:interact_with_stonecutter":1,"minecraft:time_since_rest":175019,"minecraft:damage_taken":6275,"minecraft:swim_one_cm":20676,"minecraft:fly_one_cm":1153437,"minecraft:open_chest":125,"minecraft:fall_one_cm":130183},"minecraft:used":{"minecraft:beetroot":1,"autumnity:orange_maple_leaves":5,"minecraft:ladder":4,"mores:tin_pickaxe":91,"jeg:grenade":1,"farm_and_charm:wild_corn":6,"minecraft:glass":48,"vinery:bottle_mojang_noir":1,"minecraft:lantern":18,"vinery:dark_cherry_planks":9,"minecraft:birch_trapdoor":4,"croptopia:peach":1,"woodworks:birch_chest":7,"minecraft:furnace":9,"minecraft:stone_pickaxe":267,"minecraft:oak_planks":162,"minecraft:wooden_pickaxe":81,"ecologics:walnut_trapdoor":4,"minecraft:composter":4,"minecraft:sugar_cane":24,"minecraft:oak_leaves":2,"vinery:dark_cherry_trapdoor":4,"farm_and_charm:silo_wood":23,"minecraft:blast_furnace":6,"vinery:dark_cherry_door":2,"minecraft:shears":169,"croptopia:orange":3,"spartanweaponry:iron_dagger":4,"minecraft:bread":36,"tombstone:grave_key":5,"brewery:hops_seeds":4,"croptopia:hops_seed":1,"minecraft:grindstone":2,"minecraft:smithing_table":1,"minecraft:andesite":2,"minecraft:smooth_stone_slab":60,"minecraft:air":4,"minecraft:bone_meal":7,"minecraft:oak_trapdoor":4,"brewery:wooden_brewingstation":2,"minecraft:stone_sword":62,"mores:tin_axe":23,"minecraft:stone_shovel":312,"croptopia:starfruit":7,"woodworks:oak_chest":4,"minecraft:orange_bed":5,"vinery:oak_wine_rack_big":12,"minecraft:torch":56,"minecraft:dirt":183,"farm_and_charm:mincer":1,"minecraft:iron_axe":160,"minecraft:oak_stairs":23,"vinery:grapevine_stem":12,"minecraft:barrel":11,"tombstone:gift":2,"minecraft:cooked_beef":5,"minecraft:cobbled_deepslate":4,"minecraft:wheat_seeds":103,"minecraft:water_bucket":18,"minecraft:birch_planks":263,"minecraft:cartography_table":2,"vinery:oak_wine_rack_mid":4,"minecraft:stonecutter":1,"minecraft:oak_slab":3,"minecraft:crafting_table":12,"vanillaplustools:stone_shovel":164,"autumnity:red_maple_leaves":2,"spartanweaponry:iron_katana":5,"minecraft:smoker":5,"spartanweaponry:iron_battleaxe":106,"minecraft:oak_log":113,"minecraft:wooden_hoe":128,"minecraft:apple":53,"mores:tin_shovel":24,"vanillaplustools:wooden_hammer":26,"minecraft:iron_pickaxe":10,"vinery:fermentation_barrel":11,"minecraft:stone_axe":488,"farm_and_charm:cooking_pot":6,"minecraft:cobblestone":107,"simplefarming:raspberry_bush":2,"minecraft:cooked_porkchop":4,"vinery:grapevine_pot":3,"minecraft:bucket":19,"minecraft:birch_stairs":19},"minecraft:broken":{"mores:tin_helmet":1,"minecraft:stone_pickaxe":1,"minecraft:stone_axe":1,"minecraft:wooden_pickaxe":1,"vanillaplustools:stone_shovel":1,"minecraft:wooden_hoe":1},"minecraft:killed":{"enemyexpansion:equestrian":1,"minecraft:spider":5,"minecraft:skeleton":5,"minecraft:bee":1,"minecraft:chicken":1,"minecraft:iron_golem":1,"minecraft:creeper":1,"minecraft:zombie":17,"born_in_chaos_v1:dread_hound":1,"minecraft:cow":6,"born_in_chaos_v1:maggot":4,"born_in_chaos_v1:barrel_zombie":1,"iter_rpg:scallop":3}},"DataVersion":3465}