{"stats":{"minecraft:broken":{"minecraft:stone_axe":1,"vanillaplustools:stone_shovel":1},"minecraft:mined":{"croptopia:orange_crop":1,"projectvibrantjourneys:rocks":2,"minecraft:ladder":4,"minecraft:grass_block":597,"minecraft:oxeye_daisy":1,"untamedwilds:flora_yarrow":1,"minecraft:magma_block":20,"projectvibrantjourneys:reeds":1,"minecraft:furnace":1,"projectvibrantjourneys:orange_bark_mushroom":1,"minecraft:dirt_path":1,"minecraft:oak_stairs":11,"vinery:grapevine_stem":3,"farm_and_charm:wild_strawberries":2,"ecologics:walnut_log":4,"minecraft:stone":189,"minecraft:orange_bed":4,"minecraft:birch_stairs":11,"farm_and_charm:wild_beetroots":12,"minecraft:crafting_table":7,"minecraft:torch":1,"projectvibrantjourneys:twigs":1,"minecraft:blast_furnace":1,"minecraft:tall_grass":5,"minecraft:copper_ore":1,"minecraft:cobblestone":6,"projectvibrantjourneys:fallen_leaves":2,"minecraft:oak_planks":13,"mores:tin_ore":24,"minecraft:diorite":8,"minecraft:wall_torch":2,"minecraft:birch_planks":25,"projectvibrantjourneys:light_brown_bark_mushroom":1,"minecraft:birch_log":95,"projectvibrantjourneys:bones":2,"born_in_chaos_v1:river_mint":1,"minecraft:grass":68,"minecraft:oak_log":252,"minecraft:coal_ore":10,"projectvibrantjourneys:short_grass":54,"minecraft:sand":87,"minecraft:dirt":448,"minecraft:oak_leaves":8},"minecraft:custom":{"minecraft:mob_kills":15,"minecraft:interact_with_crafting_table":25,"minecraft:leave_game":1,"minecraft:time_since_death":1910,"minecraft:climb_one_cm":2300,"minecraft:sprint_one_cm":327751,"minecraft:walk_one_cm":509271,"minecraft:drop":53,"minecraft:talked_to_villager":4,"minecraft:play_time":114414,"minecraft:deaths":5,"minecraft:sneak_time":1067,"minecraft:walk_under_water_one_cm":182,"minecraft:jump":1983,"minecraft:walk_on_water_one_cm":1419,"minecraft:total_world_time":114414,"minecraft:interact_with_furnace":37,"minecraft:time_since_rest":1446,"minecraft:damage_taken":2379,"minecraft:damage_dealt":2686,"minecraft:swim_one_cm":6743,"minecraft:fly_one_cm":417966,"minecraft:open_chest":29,"minecraft:crouch_one_cm":3854,"tombstone:undead_killed":5,"minecraft:fall_one_cm":56514},"minecraft:dropped":{"minecraft:bread":14,"minecraft:wheat_seeds":284,"untamedwilds:material_fat":1,"minecraft:feather":1,"croptopia:orange":21,"ecologics:walnut_sapling":6,"born_in_chaos_v1:monster_flesh":1,"minecraft:dirt":191,"tombstone:grave_dust":1,"simplefarming:squash_seeds":1,"projectvibrantjourneys:bark_mushroom":4,"minecraft:stone_axe":2,"minecraft:birch_sapling":6,"minecraft:wheat":3,"tombstone:gift":1,"minecraft:chicken":1,"simplefarming:kenaf_seeds":1,"projectvibrantjourneys:light_brown_bark_mushroom":2,"ecologics:walnut":5,"minecraft:oak_sapling":10,"croptopia:peach":42,"simplefarming:barley_seeds":1,"minecraft:wooden_pickaxe":3,"simplefarming:eggplant_seeds":1},"minecraft:picked_up":{"minecraft:crafting_table":7,"minecraft:wheat":96,"born_in_chaos_v1:river_mint":3,"minecraft:chicken":1,"minecraft:ladder":4,"croptopia:peach":50,"iter_rpg:pearl":1,"minecraft:wooden_pickaxe":3,"minecraft:oak_stairs":11,"minecraft:raw_copper":28,"simplefarming:sorghum_seeds":1,"minecraft:smooth_stone_slab":2,"minecraft:beetroot":27,"ecologics:walnut_sapling":12,"vinery:bottle_mojang_noir":1,"minecraft:birch_sapling":11,"simplefarming:barley_seeds":2,"minecraft:furnace":1,"minecraft:stick":54,"ecologics:walnut_log":4,"projectvibrantjourneys:bark_mushroom":5,"minecraft:torch":3,"simplefarming:raspberries":2,"tombstone:grave_dust":2,"minecraft:diorite":3,"simplefarming:eggplant_seeds":2,"mores:raw_tin":88,"minecraft:orange_bed":4,"minecraft:rotten_flesh":3,"untamedwilds:hide_beige":3,"simplefarming:pepper_seeds":1,"farm_and_charm:strawberry":10,"alexsmobs:emu_egg":2,"untamedwilds:flora_yarrow":1,"minecraft:cobblestone":178,"minecraft:oxeye_daisy":1,"minecraft:birch_log":95,"minecraft:magma_block":20,"ecologics:walnut":10,"minecraft:feather":2,"minecraft:cooked_beef":2,"born_in_chaos_v1:monster_flesh":1,"minecraft:birch_planks":43,"minecraft:oak_log":247,"minecraft:dirt":934,"tombstone:gift":2,"minecraft:bone":8,"minecraft:apple":63,"untamedwilds:material_fat":1,"minecraft:wheat_seeds":247,"simplefarming:kenaf_seeds":1,"minecraft:iron_ingot":3,"vinery:grapevine_stem":4,"minecraft:oak_planks":13,"projectvibrantjourneys:light_brown_bark_mushroom":4,"iter_rpg:seashell":1,"simplefarming:rice_seeds":1,"minecraft:cooked_porkchop":2,"croptopia:starfruit":7,"simplefarming:blueberries":6,"minecraft:sand":87,"minecraft:birch_stairs":11,"minecraft:blast_furnace":1,"simplefarming:squash_seeds":1,"croptopia:orange":35,"minecraft:bread":14,"projectvibrantjourneys:orange_bark_mushroom":6,"minecraft:oak_sapling":31,"simplefarming:cassava_seeds":1,"minecraft:coal":83},"minecraft:used":{"minecraft:beetroot":1,"minecraft:stone_sword":58,"minecraft:stone_shovel":312,"minecraft:ladder":4,"croptopia:starfruit":7,"minecraft:torch":4,"minecraft:dirt":158,"minecraft:glass":48,"vinery:bottle_mojang_noir":1,"minecraft:oak_stairs":19,"vinery:grapevine_stem":2,"croptopia:peach":1,"woodworks:birch_chest":2,"minecraft:furnace":5,"tombstone:gift":2,"minecraft:birch_planks":229,"minecraft:stone_pickaxe":76,"minecraft:oak_planks":154,"minecraft:wooden_pickaxe":22,"minecraft:crafting_table":9,"vanillaplustools:stone_shovel":164,"croptopia:orange":3,"minecraft:oak_log":113,"minecraft:apple":15,"vanillaplustools:wooden_hammer":26,"spartanweaponry:iron_dagger":4,"minecraft:bread":17,"minecraft:stone_axe":460,"minecraft:cobblestone":30,"minecraft:smooth_stone_slab":56,"minecraft:air":4,"minecraft:bone_meal":1,"minecraft:birch_stairs":19},"minecraft:killed":{"minecraft:spider":1,"minecraft:skeleton":1,"minecraft:bee":1,"minecraft:chicken":1,"minecraft:iron_golem":1,"untamedwilds:big_cat":1,"minecraft:zombie":4,"born_in_chaos_v1:dread_hound":1,"alexsmobs:fly":1,"iter_rpg:scallop":2},"minecraft:crafted":{"minecraft:smooth_stone":64,"vanillaplustools:wooden_hammer":1,"minecraft:oak_planks":388,"minecraft:stone_shovel":11,"minecraft:smooth_stone_slab":64,"minecraft:furnace":4,"minecraft:stone":64,"minecraft:bone_meal":24,"minecraft:glass":64,"minecraft:ladder":8,"minecraft:stone_pickaxe":1,"vanillaplustools:stone_shovel":1,"woodworks:birch_chest":2,"vinery:grapevine_stem":24,"minecraft:crafting_table":3,"minecraft:wooden_pickaxe":10,"minecraft:birch_planks":380,"minecraft:stone_axe":4,"minecraft:air":0,"minecraft:bread":31,"minecraft:stick":44,"minecraft:oak_stairs":8,"minecraft:stone_sword":1,"minecraft:torch":36,"minecraft:birch_stairs":20}},"DataVersion":3465}