{"stats":{"minecraft:dropped":{"projectvibrantjourneys:light_brown_bark_mushroom":1,"untamedwilds:material_fat":1,"croptopia:orange":10},"minecraft:mined":{"minecraft:magma_block":20,"croptopia:orange_crop":1,"minecraft:birch_log":6,"projectvibrantjourneys:bones":2,"projectvibrantjourneys:orange_bark_mushroom":1,"farm_and_charm:wild_beetroots":7,"minecraft:crafting_table":2,"minecraft:grass_block":1,"minecraft:oak_log":18,"minecraft:coal_ore":7,"projectvibrantjourneys:short_grass":5,"vinery:grapevine_stem":3,"minecraft:stone":26,"mores:tin_ore":19,"minecraft:oak_leaves":6},"minecraft:custom":{"minecraft:time_since_rest":15584,"minecraft:sprint_one_cm":56701,"minecraft:damage_taken":435,"minecraft:walk_one_cm":63943,"minecraft:mob_kills":2,"minecraft:drop":12,"minecraft:damage_dealt":400,"minecraft:interact_with_crafting_table":5,"minecraft:fly_one_cm":73438,"minecraft:play_time":18414,"minecraft:crouch_one_cm":847,"minecraft:deaths":1,"minecraft:sneak_time":466,"minecraft:jump":334,"minecraft:walk_on_water_one_cm":107,"minecraft:leave_game":1,"minecraft:time_since_death":16019,"minecraft:total_world_time":18414,"minecraft:fall_one_cm":8153},"minecraft:picked_up":{"minecraft:birch_log":6,"projectvibrantjourneys:light_brown_bark_mushroom":2,"minecraft:magma_block":20,"minecraft:stick":12,"minecraft:crafting_table":2,"minecraft:feather":1,"minecraft:chicken":1,"croptopia:peach":8,"croptopia:starfruit":7,"projectvibrantjourneys:bark_mushroom":1,"simplefarming:blueberries":6,"simplefarming:raspberries":2,"minecraft:oak_log":18,"minecraft:dirt":1,"mores:raw_tin":69,"untamedwilds:hide_beige":3,"minecraft:bone":6,"minecraft:beetroot":13,"minecraft:apple":8,"untamedwilds:material_fat":1,"minecraft:wheat_seeds":1,"croptopia:orange":24,"vinery:grapevine_stem":4,"projectvibrantjourneys:orange_bark_mushroom":3,"minecraft:oak_sapling":7,"minecraft:birch_sapling":1,"minecraft:coal":52,"minecraft:cobblestone":26},"minecraft:used":{"minecraft:apple":3,"minecraft:stone_sword":4,"minecraft:stone_pickaxe":50,"minecraft:oak_planks":1,"croptopia:starfruit":7,"minecraft:wooden_pickaxe":22,"vinery:grapevine_stem":2,"minecraft:stone_axe":13,"croptopia:peach":1,"minecraft:dirt":1,"minecraft:cobblestone":1,"minecraft:crafting_table":2,"croptopia:orange":3},"minecraft:killed":{"minecraft:chicken":1,"untamedwilds:big_cat":1},"minecraft:crafted":{"minecraft:oak_planks":20,"minecraft:stone_shovel":1,"vinery:grapevine_stem":24,"minecraft:crafting_table":1,"minecraft:stick":24,"minecraft:wooden_pickaxe":1,"minecraft:stone_pickaxe":1,"minecraft:stone_sword":1,"minecraft:furnace":1,"minecraft:torch":36,"minecraft:birch_planks":24,"minecraft:stone_axe":1}},"DataVersion":3465}