{"stats":{"minecraft:broken":{"minecraft:stone_shovel":2},"minecraft:mined":{"minecraft:crafting_table":1,"minecraft:torch":2,"projectvibrantjourneys:twigs":5,"minecraft:grass_block":208,"ecologics:walnut_leaves":1,"minecraft:tall_grass":15,"minecraft:oak_planks":1,"autumnity:maple_log":5,"mores:tin_ore":3,"minecraft:wall_torch":1,"farm_and_charm:wild_onions":6,"minecraft:grass":27,"minecraft:oak_log":45,"minecraft:coal_ore":4,"projectvibrantjourneys:short_grass":28,"crittersandcompanions:silk_cocoon":1,"minecraft:dirt":65,"mores:silver_ore":8,"minecraft:cobweb":1,"ecologics:walnut_log":9,"minecraft:stone":52,"simplefarming:strawberry_bush":1},"minecraft:dropped":{"minecraft:wheat_seeds":2,"minecraft:cobblestone":1,"projectvibrantjourneys:rocks":1,"projectvibrantjourneys:orange_bark_mushroom":1,"minecraft:coal":15,"minecraft:stick":8,"simplefarming:strawberry_bush":2,"simplefarming:strawberries":1,"simplefarming:barley_seeds":1,"projectvibrantjourneys:bark_mushroom":1,"minecraft:bone":4,"projectvibrantjourneys:ice_chunks":1},"minecraft:custom":{"minecraft:interact_with_furnace":7,"minecraft:mob_kills":10,"minecraft:interact_with_crafting_table":17,"minecraft:interact_with_campfire":1,"minecraft:leave_game":3,"minecraft:time_since_death":6752,"minecraft:sleep_in_bed":2,"minecraft:time_since_rest":6592,"minecraft:sprint_one_cm":278445,"minecraft:damage_taken":2086,"minecraft:walk_one_cm":215393,"minecraft:drop":17,"minecraft:damage_dealt":1461,"minecraft:swim_one_cm":4325,"minecraft:fly_one_cm":661568,"minecraft:open_chest":15,"minecraft:crouch_one_cm":1983,"minecraft:play_time":101663,"tombstone:undead_killed":4,"minecraft:deaths":5,"minecraft:walk_under_water_one_cm":5210,"minecraft:sneak_time":813,"minecraft:jump":2392,"minecraft:walk_on_water_one_cm":10043,"minecraft:total_world_time":101663,"minecraft:fall_one_cm":68697},"minecraft:picked_up":{"autumnity:red_maple_sapling":1,"born_in_chaos_v1:corpse_maggot":1,"simplefarming:pea_seeds":1,"minecraft:crafting_table":1,"ecologics:walnut":11,"minecraft:feather":5,"minecraft:chicken":1,"croptopia:peach":16,"autumnity:maple_log":5,"croptopia:sweetpotato_seed":2,"projectvibrantjourneys:ice_chunks":2,"minecraft:oak_log":44,"projectvibrantjourneys:rocks":1,"minecraft:dirt":286,"simplefarming:broccoli_seeds":1,"projectvibrantjourneys:mossy_rocks":1,"farm_and_charm:onion":19,"simplefarming:zucchini_seeds":1,"minecraft:string":3,"untamedwilds:spawn_tortoise":1,"minecraft:bone":11,"minecraft:apple":23,"ecologics:walnut_sapling":9,"croptopia:sweetpotato":1,"untamedwilds:material_fat":1,"minecraft:wheat_seeds":13,"simplefarming:honeydew_seeds":1,"minecraft:rabbit_hide":2,"minecraft:cooked_chicken":1,"minecraft:oak_planks":1,"simplefarming:barley_seeds":2,"crittersandcompanions:clam":1,"minecraft:egg":3,"minecraft:stick":35,"ecologics:walnut_log":9,"projectvibrantjourneys:bark_mushroom":2,"minecraft:torch":3,"untamedwilds:flora_bush_temperate":3,"simplefarming:blueberries":1,"minecraft:porkchop":2,"simplefarming:eggplant_seeds":1,"mores:raw_tin":10,"minecraft:arrow":3,"minecraft:rotten_flesh":4,"minecraft:slime_ball":1,"simplefarming:strawberry_bush":3,"croptopia:orange":9,"crittersandcompanions:silk":3,"simplefarming:strawberries":1,"autumnity:orange_maple_sapling":2,"minecraft:pink_tulip":1,"minecraft:oak_sapling":13,"mores:raw_silver":8,"projectvibrantjourneys:orange_bark_mushroom":1,"born_in_chaos_v1:rotten_fish":1,"projectvibrantjourneys:twigs":11,"simplefarming:cassava_seeds":1,"minecraft:coal":110,"minecraft:cobblestone":54},"minecraft:used":{"minecraft:pink_tulip":1,"minecraft:stone_sword":28,"ecologics:walnut_log":2,"minecraft:stone_shovel":286,"minecraft:stone_pickaxe":58,"minecraft:oak_planks":65,"woodworks:oak_chest":2,"minecraft:wooden_pickaxe":11,"untamedwilds:spawn_tortoise":1,"ecologics:walnut_sapling":3,"minecraft:cooked_chicken":1,"minecraft:torch":7,"minecraft:dirt":64,"minecraft:crafting_table":2,"farm_and_charm:onion":27,"simplefarming:blueberries":1,"minecraft:campfire":1,"croptopia:sweetpotato":1,"croptopia:orange":9,"born_in_chaos_v1:corpse_maggot":1,"neapolitan:strawberry_scones":5,"bakery:bread_knife":13,"minecraft:apple":11,"projectvibrantjourneys:twigs":4,"simplefarming:strawberry_bush":1,"minecraft:bread":7,"autumnity:maple_planks":7,"spartanweaponry:stone_boomerang":8,"tombstone:grave_key":1,"projectvibrantjourneys:ice_chunks":1,"minecraft:stone_axe":70,"croptopia:peach":3,"autumnity:red_maple_sapling":1,"minecraft:furnace":2,"ecologics:walnut":5,"tombstone:gift":1,"minecraft:dandelion":1,"minecraft:egg":3,"projectvibrantjourneys:mossy_rocks":1},"minecraft:killed":{"born_in_chaos_v1:maggot":2,"naturalist:snail":2,"minecraft:skeleton":1,"minecraft:zombie":3,"minecraft:chicken":1},"minecraft:crafted":{"minecraft:oak_planks":84,"minecraft:stone_shovel":2,"mores:tin_chestplate":1,"minecraft:crafting_table":1,"minecraft:wooden_pickaxe":1,"minecraft:furnace":2,"minecraft:campfire":1,"minecraft:stone_axe":1,"mores:tin_leggings":1,"minecraft:air":0,"woodworks:oak_chest":2,"mores:tin_ingot":16,"minecraft:stick":11,"minecraft:stone_pickaxe":1,"minecraft:stone_sword":1,"autumnity:maple_planks":20,"minecraft:torch":4,"spartanweaponry:stone_boomerang":1}},"DataVersion":3465}