{"stats":{"minecraft:picked_up":{"minecraft:coarse_dirt":1,"minecraft:crafting_table":1,"simplefarming:pea_seeds":2,"minecraft:azure_bluet":3,"minecraft:chicken":1,"born_in_chaos_v1:river_mint":15,"croptopia:peach":18,"autumnity:maple_log":5,"treasure2:diamond_lock":1,"croptopia:sweetpotato_seed":2,"minecraft:wooden_pickaxe":2,"projectvibrantjourneys:ice_chunks":2,"minecraft:moss_carpet":4,"projectvibrantjourneys:mossy_rocks":1,"minecraft:string":3,"simplefarming:zucchini_seeds":1,"minecraft:iron_axe":1,"minecraft:raw_copper":64,"simplefarming:sorghum_seeds":3,"projectvibrantjourneys:reeds":2,"ecologics:walnut_sapling":13,"minecraft:sea_pickle":1,"simplefarming:oat_seeds":2,"iter_rpg:coin":1,"minecraft:white_tulip":1,"croptopia:pepper_seed":2,"minecraft:poppy":3,"simplefarming:barley_seeds":4,"crittersandcompanions:clam":1,"minecraft:egg":3,"croptopia:corn_seed":2,"minecraft:stick":40,"naturalist:duck":1,"ecologics:walnut_log":9,"projectvibrantjourneys:bark_mushroom":4,"simplefarming:yam_seeds":1,"minecraft:torch":8,"minecraft:porkchop":2,"tombstone:grave_dust":2,"minecraft:carrot":48,"simplefarming:eggplant_seeds":1,"mores:raw_tin":10,"simplefarming:pepper_seeds":1,"minecraft:arrow":4,"minecraft:rotten_flesh":9,"minecraft:stone_shovel":1,"minecraft:tropical_fish":1,"farm_and_charm:strawberry":3,"autumnity:orange_maple_sapling":2,"simplefarming:strawberries":4,"crittersandcompanions:silk":3,"croptopia:pepper":1,"simplefarming:ginger_seeds":1,"minecraft:pink_tulip":13,"projectvibrantjourneys:cattail":2,"minecraft:cobblestone":1069,"born_in_chaos_v1:corpse_maggot":4,"autumnity:red_maple_sapling":1,"ecologics:walnut":17,"minecraft:feather":10,"minecraft:lilac":5,"simplefarming:soybean_seeds":2,"minecraft:red_mushroom":1,"minecraft:potato":1,"simplefarming:rye_seeds":1,"minecraft:oak_log":44,"minecraft:gunpowder":5,"projectvibrantjourneys:rocks":2,"simplefarming:broccoli_seeds":1,"farm_and_charm:onion":35,"minecraft:dirt":4305,"simplefarming:grape_seeds":1,"simplefarming:cucumber_seeds":1,"minecraft:bone":12,"croptopia:corn":1,"minecraft:apple":23,"croptopia:sweetpotato":1,"minecraft:wheat_seeds":130,"simplefarming:kenaf_seeds":1,"simplefarming:honeydew_seeds":1,"minecraft:rabbit_hide":2,"minecraft:iron_ingot":1,"minecraft:cooked_chicken":1,"simplefarming:tomato_seeds":2,"minecraft:oak_planks":1,"projectvibrantjourneys:light_brown_bark_mushroom":3,"simplefarming:peanut_seeds":1,"simplefarming:rice_seeds":1,"simplefarming:corn_seeds":2,"simplefarming:radish_seeds":1,"minecraft:gravel":16,"minecraft:dandelion":14,"treasure2:safe":1,"simplefarming:blueberries":1,"minecraft:lily_of_the_valley":4,"minecraft:spruce_log":1,"minecraft:spider_eye":1,"treasure2:copper_coin":1,"treasure2:silver_coin":1,"treasure2:diamond_key":1,"minecraft:slime_ball":1,"simplefarming:strawberry_bush":3,"treasure2:gold_coin":1,"iter_rpg:abyssquartz_shard":12,"croptopia:orange":11,"projectvibrantjourneys:twigs":11,"minecraft:oak_sapling":19,"projectvibrantjourneys:orange_bark_mushroom":2,"born_in_chaos_v1:rotten_fish":2,"mores:raw_silver":9,"simplefarming:cassava_seeds":3,"simplefarming:cotton_seeds":2,"minecraft:coal":112},"minecraft:broken":{"minecraft:wooden_pickaxe":1,"minecraft:stone_shovel":3},"minecraft:mined":{"minecraft:grass_block":2124,"autumnity:maple_log":5,"crittersandcompanions:silk_cocoon":1,"ecologics:walnut_log":9,"minecraft:stone":1117,"simplefarming:strawberry_bush":1,"minecraft:dandelion":1,"minecraft:crafting_table":1,"minecraft:torch":2,"projectvibrantjourneys:twigs":5,"ecologics:walnut_leaves":1,"minecraft:tall_grass":23,"minecraft:oak_planks":1,"mores:tin_ore":3,"minecraft:wall_torch":1,"minecraft:coarse_dirt":2,"farm_and_charm:wild_onions":12,"born_in_chaos_v1:river_mint":3,"minecraft:grass":63,"minecraft:gravel":20,"minecraft:oak_log":45,"minecraft:coal_ore":7,"projectvibrantjourneys:short_grass":49,"minecraft:dirt":2717,"mores:silver_ore":9,"minecraft:cobweb":1},"minecraft:dropped":{"treasure2:diamond_key":1,"minecraft:wheat_seeds":2,"vinery:jungle_grape_seeds_white":2,"minecraft:iron_helmet":1,"minecraft:cobblestone":1,"vinery:white_grape_seeds":2,"mores:tin_ingot":1,"minecraft:tropical_fish":1,"vinery:jungle_grape_seeds_red":2,"projectvibrantjourneys:orange_bark_mushroom":1,"minecraft:coal":15,"farmersdelight:rice":2,"projectvibrantjourneys:rocks":1,"minecraft:stick":8,"minecraft:gold_block":1,"minecraft:dirt":64,"argentinas_delight:mateconyuyos":1,"born_in_chaos_v1:river_mint":3,"iter_rpg:coin":1,"minecraft:iron_axe":1,"projectvibrantjourneys:bark_mushroom":1,"projectvibrantjourneys:reeds":1,"vinery:taiga_grape_seeds_white":2,"vinery:savanna_grape_seeds_red":2,"minecraft:bone":4,"vinery:red_grape_seeds":2,"treasure2:diamond_lock":2,"simplefarming:tomato_seeds":2,"fastfooddelight:chicken_wrap":1,"mores:cobalt_apple":5,"vinery:taiga_grape_seeds_red":2,"minecraft:raw_copper":64,"vinery:dark_cherry_sapling":3,"treasure2:gold_coin":1,"minecraft:rotten_flesh":1,"minecraft:iron_boots":1,"treasure2:silver_coin":1,"iter_rpg:abyssquartz_shard":12,"vinery:savanna_grape_seeds_white":1,"minecraft:potato":2,"minecraft:sea_pickle":1,"treasure2:copper_coin":1,"spartanweaponry:stone_boomerang":2,"simplefarming:strawberry_bush":2,"mores:raw_silver":8,"simplefarming:strawberries":1,"minecraft:spider_eye":1,"minecraft:slime_ball":1,"minecraft:wooden_pickaxe":1,"simplefarming:barley_seeds":1,"simplefarming:eggplant_seeds":1,"simplefarming:sorghum_seeds":1,"projectvibrantjourneys:ice_chunks":1},"minecraft:crafted":{"minecraft:oak_planks":84,"minecraft:stone_shovel":2,"ecologics:walnut_planks":28,"minecraft:furnace":3,"mores:tin_ingot":16,"minecraft:stone_pickaxe":1,"minecraft:chest":8,"autumnity:maple_planks":20,"spartanweaponry:stone_boomerang":1,"minecraft:cooked_porkchop":2,"mores:tin_chestplate":1,"minecraft:crafting_table":1,"minecraft:wooden_pickaxe":1,"minecraft:baked_potato":9,"minecraft:campfire":1,"minecraft:stone_axe":1,"mores:tin_leggings":1,"minecraft:air":0,"woodworks:oak_chest":2,"minecraft:stick":11,"minecraft:stone_sword":1,"minecraft:torch":4},"minecraft:custom":{"minecraft:mob_kills":26,"minecraft:interact_with_crafting_table":21,"minecraft:interact_with_campfire":1,"minecraft:leave_game":5,"minecraft:time_since_death":267177,"minecraft:sprint_one_cm":723876,"minecraft:walk_one_cm":817554,"minecraft:drop":80,"minecraft:play_time":362088,"minecraft:deaths":5,"minecraft:sneak_time":1626,"minecraft:walk_under_water_one_cm":12163,"tombstone:tomb_raiding":1,"minecraft:jump":6301,"minecraft:interact_with_blast_furnace":1,"minecraft:walk_on_water_one_cm":17163,"minecraft:total_world_time":362088,"minecraft:interact_with_furnace":19,"tombstone:raider_killed":2,"minecraft:sleep_in_bed":2,"minecraft:time_since_rest":267017,"minecraft:damage_taken":3586,"minecraft:damage_absorbed":40,"minecraft:damage_dealt":4738,"minecraft:swim_one_cm":15006,"minecraft:fly_one_cm":3784169,"minecraft:player_kills":1,"minecraft:open_chest":58,"minecraft:crouch_one_cm":3779,"tombstone:undead_killed":8,"tombstone:villager_killed":1,"minecraft:interact_with_smoker":1,"minecraft:fall_one_cm":129092},"minecraft:killed":{"minecraft:witch":2,"born_in_chaos_v1:zombie_lumberjack":1,"born_in_chaos_v1:skeleton_demoman":1,"minecraft:spider":1,"naturalist:robin":2,"born_in_chaos_v1:maggot":2,"naturalist:snail":2,"minecraft:skeleton":2,"minecraft:chicken":1,"born_in_chaos_v1:barrel_zombie":1,"iter_rpg:spiderling":1,"minecraft:creeper":2,"bakery:wandering_baker":1,"minecraft:zombie":3,"born_in_chaos_v1:corpse_fly":1,"iter_rpg:giant_spider":1,"iter_rpg:scallop":1},"minecraft:used":{"minecraft:stone_sword":54,"minecraft:iron_shovel":10,"ecologics:walnut_log":2,"minecraft:stone_shovel":319,"woodworks:oak_chest":2,"minecraft:chest":9,"minecraft:iron_sword":55,"refurbished_furniture:orange_sofa":1,"minecraft:cooked_chicken":1,"minecraft:torch":7,"naturalist:duck_spawn_egg":1,"minecraft:dirt":931,"farm_and_charm:onion":52,"projectvibrantjourneys:bark_mushroom":1,"simplefarming:blueberries":1,"born_in_chaos_v1:corpse_maggot":4,"moa_decor_garden_:bancarobleosc":22,"neapolitan:strawberry_scones":5,"luphieclutteredmod:luphie_sewing_table":1,"minecraft:lantern":10,"minecraft:grass_block":130,"autumnity:maple_planks":7,"neapolitan:vanilla_fudge":6,"minecraft:stone_bricks":298,"croptopia:peach":18,"minecraft:oak_sapling":4,"minecraft:furnace":3,"autumnity:red_maple_sapling":1,"quark:blossom_planks":2,"ecologics:walnut":11,"tombstone:gift":1,"treasure2:safe":1,"minecraft:egg":3,"projectvibrantjourneys:mossy_rocks":1,"minecraft:cobbled_deepslate":25,"minecraft:water_bucket":30,"minecraft:pink_tulip":1,"luphieclutteredmod:luphie_lunar_observatory_table":1,"quark:cobblestone_bricks":19,"minecraft:mud_brick_slab":19,"minecraft:stone_pickaxe":100,"minecraft:baked_potato":9,"minecraft:oak_planks":65,"minecraft:wooden_pickaxe":42,"ecologics:walnut_sapling":3,"born_in_chaos_v1:stimulating_decoction":1,"minecraft:oak_leaves":192,"simplefarming:strawberries":3,"minecraft:golden_apple":1,"farmersdelight:onion":3,"minecraft:crafting_table":2,"vanillaplustools:stone_shovel":37,"mcwfences:modern_stone_brick_wall":90,"farmersdelight:rice":1,"minecraft:campfire":1,"croptopia:sweetpotato":1,"croptopia:orange":13,"bakery:bread_knife":13,"fastfooddelight:lemon_soda":1,"minecraft:apple":18,"projectvibrantjourneys:twigs":4,"simplefarming:strawberry_bush":1,"minecraft:bread":7,"spartanweaponry:stone_boomerang":11,"tombstone:grave_key":1,"minecraft:cobbled_deepslate_slab":15,"projectvibrantjourneys:ice_chunks":1,"luphieclutteredmod:luphie_darkwood_round_table":1,"mcwlights:classic_street_lamp":71,"minecraft:stone_axe":70,"croptopia:avocado":5,"mores:cobalt_apple":2,"born_in_chaos_v1:rotten_fish":1,"projectvibrantjourneys:reeds":1,"minecraft:cooked_porkchop":2,"autumnity:turkey_spawn_egg":1,"minecraft:stripped_oak_log":9,"minecraft:dandelion":1,"minecraft:bone_meal":28}},"DataVersion":3465}