{"stats":{"minecraft:used":{"minecraft:stone_sword":10,"minecraft:stone_pickaxe":12,"minecraft:wooden_pickaxe":11,"minecraft:torch":6,"minecraft:crafting_table":1,"farm_and_charm:onion":17,"simplefarming:blueberries":1,"born_in_chaos_v1:corpse_maggot":1,"bakery:bread_knife":13,"minecraft:apple":7,"projectvibrantjourneys:twigs":4,"simplefarming:strawberry_bush":1,"autumnity:maple_planks":7,"tombstone:grave_key":1,"projectvibrantjourneys:ice_chunks":1,"minecraft:stone_axe":2,"projectvibrantjourneys:mossy_rocks":1},"minecraft:dropped":{"minecraft:coal":15,"simplefarming:strawberry_bush":2,"simplefarming:strawberries":1,"minecraft:bone":4,"projectvibrantjourneys:ice_chunks":1},"minecraft:killed":{"born_in_chaos_v1:maggot":2,"naturalist:snail":2,"minecraft:zombie":3},"minecraft:custom":{"minecraft:mob_kills":8,"minecraft:interact_with_crafting_table":6,"minecraft:leave_game":2,"minecraft:time_since_death":2227,"minecraft:sleep_in_bed":2,"minecraft:time_since_rest":2023,"minecraft:sprint_one_cm":96222,"minecraft:damage_taken":855,"minecraft:walk_one_cm":68103,"minecraft:drop":9,"minecraft:damage_dealt":927,"minecraft:swim_one_cm":3487,"minecraft:fly_one_cm":296328,"minecraft:open_chest":1,"minecraft:crouch_one_cm":261,"minecraft:play_time":50161,"tombstone:undead_killed":3,"minecraft:deaths":2,"minecraft:sneak_time":262,"minecraft:walk_under_water_one_cm":342,"minecraft:jump":865,"minecraft:walk_on_water_one_cm":1896,"minecraft:total_world_time":50161,"minecraft:fall_one_cm":24616},"minecraft:mined":{"minecraft:crafting_table":1,"minecraft:torch":2,"projectvibrantjourneys:twigs":4,"autumnity:maple_log":5,"minecraft:wall_torch":1,"farm_and_charm:wild_onions":6,"minecraft:grass":1,"minecraft:coal_ore":4,"projectvibrantjourneys:short_grass":2,"crittersandcompanions:silk_cocoon":1,"mores:silver_ore":8,"minecraft:stone":10,"simplefarming:strawberry_bush":1},"minecraft:picked_up":{"born_in_chaos_v1:corpse_maggot":1,"minecraft:crafting_table":1,"minecraft:feather":4,"autumnity:maple_log":5,"croptopia:sweetpotato_seed":2,"projectvibrantjourneys:ice_chunks":2,"projectvibrantjourneys:mossy_rocks":1,"farm_and_charm:onion":19,"minecraft:string":2,"minecraft:bone":6,"minecraft:apple":10,"croptopia:sweetpotato":1,"minecraft:rabbit_hide":2,"crittersandcompanions:clam":1,"minecraft:stick":6,"minecraft:torch":3,"simplefarming:blueberries":1,"minecraft:porkchop":2,"minecraft:slime_ball":1,"minecraft:rotten_flesh":4,"simplefarming:strawberry_bush":3,"crittersandcompanions:silk":3,"simplefarming:strawberries":1,"autumnity:orange_maple_sapling":2,"mores:raw_silver":8,"born_in_chaos_v1:rotten_fish":1,"projectvibrantjourneys:twigs":11,"minecraft:coal":110,"minecraft:cobblestone":10},"minecraft:crafted":{"minecraft:crafting_table":1,"minecraft:wooden_pickaxe":1,"minecraft:stone_axe":1,"minecraft:stick":11,"minecraft:stone_pickaxe":1,"minecraft:stone_sword":1,"autumnity:maple_planks":20,"minecraft:torch":4}},"DataVersion":3465}