{"stats":{"minecraft:killed":{"minecraft:skeleton":1,"minecraft:zombie":4,"born_in_chaos_v1:corpse_fly":3,"born_in_chaos_v1:swarmer":1,"iter_rpg:giant_spider":1,"born_in_chaos_v1:skeleton_thrasher":1,"minecraft:spider":1,"iter_rpg:spiderling":3,"born_in_chaos_v1:maggot":3},"minecraft:custom":{"minecraft:time_since_rest":54346,"minecraft:sprint_one_cm":88659,"minecraft:walk_one_cm":101697,"minecraft:mob_kills":19,"minecraft:drop":1,"minecraft:damage_dealt":2913,"minecraft:fly_one_cm":563063,"minecraft:crouch_one_cm":45,"minecraft:play_time":54346,"tombstone:undead_killed":7,"minecraft:sneak_time":622,"minecraft:walk_under_water_one_cm":635,"minecraft:damage_dealt_resisted":106,"minecraft:jump":752,"minecraft:leave_game":2,"minecraft:time_since_death":54346,"minecraft:walk_on_water_one_cm":8738,"minecraft:total_world_time":59348},"minecraft:picked_up":{"born_in_chaos_v1:corpse_maggot":4,"croptopia:peach":1,"iter_rpg:spider_silk":1,"born_in_chaos_v1:pieceofdarkmetal":2,"minecraft:spider_eye":1,"minecraft:string":6,"spartanweaponry:iron_rapier":1,"minecraft:bundle":1,"projectvibrantjourneys:reeds":1,"minecraft:arrow":1,"minecraft:bone":5,"minecraft:slime_ball":1,"minecraft:rotten_flesh":8,"minecraft:wheat_seeds":3,"simplefarming:kenaf_seeds":1,"untamedwilds:material_snake_skin":2,"spartanweaponry:iron_longbow":1,"projectvibrantjourneys:cattail":1,"simplefarming:cassava_seeds":1},"minecraft:used":{"minecraft:oak_log":2,"minecraft:stone_brick_slab":105,"born_in_chaos_v1:skeleton_thrasher_spawn_egg":1,"iter_rpg:goblin_spawn_egg":1,"mcwfences:oak_picket_fence":100,"quark:cobblestone_bricks":128,"minecraft:lantern":7,"minecraft:stone_shovel":42,"quark:cobblestone_bricks_stairs":3,"minecraft:iron_sword":38,"minecraft:spruce_trapdoor":16,"refurbished_furniture:white_toilet":1,"moa_decor_cookery:hotdog":1,"moa_decor_electronics:pc_gamer_negra":1,"quark:mossy_cobblestone_bricks_stairs":11,"quark:mossy_cobblestone_bricks":50,"moa_decor_bath:inodoro":1,"immersive_aircraft:quadrocopter":1,"minecraft:spyglass":2,"minecraft:dirt":40,"mcwlights:classic_street_lamp":19,"iter_rpg:giant_spider_spawn_egg":1,"spartanweaponry:platinum_halberd":8,"spartanweaponry:diamond_javelin":11,"immersive_aircraft:gyrodyne":1,"moa_decor_electronics:c_playstation_5":2,"spartanweaponry:iron_longbow":1,"spartanweaponry:platinum_battle_hammer":2,"minecraft:stripped_spruce_log":106},"minecraft:dropped":{"alexsmobs:animal_dictionary":1}},"DataVersion":3465}