{"stats":{"minecraft:picked_up":{"autumnity:maple_log":5,"projectvibrantjourneys:ice_chunks":2,"projectvibrantjourneys:mossy_rocks":1,"minecraft:string":3,"simplefarming:zucchini_seeds":1,"minecraft:raw_copper":64,"vinery:savanna_grapes_red":2,"minecraft:sea_pickle":1,"minecraft:cobbled_deepslate":3,"minecraft:white_tulip":1,"minecraft:stick":40,"ecologics:walnut_log":9,"minecraft:torch":8,"travelersbackpack:iron_tier_upgrade":1,"travelersbackpack:diamond_tier_upgrade":1,"minecraft:porkchop":2,"tombstone:grave_dust":2,"travelersbackpack:crafting_upgrade":1,"mores:raw_tin":10,"minecraft:rotten_flesh":13,"simplefarming:pepper_seeds":1,"minecraft:tropical_fish":1,"projectvibrantjourneys:cattail":3,"minecraft:cobblestone":1070,"ecologics:walnut":17,"minecraft:feather":10,"minecraft:lilac":5,"minecraft:potato":1,"bakery:sweet_dough":1,"projectvibrantjourneys:rocks":2,"travelersbackpack:gold_tier_upgrade":1,"minecraft:dirt":4306,"simplefarming:cucumber_seeds":1,"minecraft:bone":14,"croptopia:corn":1,"croptopia:sweetpotato":1,"minecraft:wheat_seeds":130,"simplefarming:kenaf_seeds":1,"minecraft:cobbled_deepslate_slab":65,"simplefarming:tomato_seeds":2,"minecraft:oak_planks":1,"simplefarming:peanut_seeds":1,"simplefarming:corn_seeds":2,"simplefarming:radish_seeds":1,"treasure2:safe":1,"minecraft:lily_of_the_valley":4,"minecraft:deepslate":192,"iter_rpg:abyssquartz_shard":12,"minecraft:oak_sapling":19,"born_in_chaos_v1:rotten_fish":2,"mores:raw_silver":9,"simplefarming:cassava_seeds":3,"simplefarming:pea_seeds":2,"minecraft:coarse_dirt":1,"minecraft:crafting_table":1,"minecraft:azure_bluet":3,"travelersbackpack:hay":1,"minecraft:chicken":1,"born_in_chaos_v1:river_mint":15,"croptopia:peach":18,"treasure2:diamond_lock":1,"croptopia:sweetpotato_seed":2,"minecraft:wooden_pickaxe":2,"minecraft:moss_carpet":4,"simplefarming:sorghum_seeds":3,"minecraft:iron_axe":1,"projectvibrantjourneys:reeds":2,"ecologics:walnut_sapling":13,"simplefarming:oat_seeds":2,"iter_rpg:coin":1,"croptopia:pepper_seed":2,"minecraft:poppy":3,"simplefarming:barley_seeds":4,"crittersandcompanions:clam":1,"minecraft:egg":3,"naturalist:duck":1,"croptopia:corn_seed":2,"projectvibrantjourneys:bark_mushroom":4,"travelersbackpack:netherite_tier_upgrade":1,"simplefarming:yam_seeds":1,"minecraft:carrot":48,"simplefarming:eggplant_seeds":1,"minecraft:arrow":4,"minecraft:stone_shovel":6,"mores:stone_mace":2,"simplefarming:strawberries":4,"autumnity:orange_maple_sapling":2,"crittersandcompanions:silk":3,"farm_and_charm:strawberry":3,"minecraft:pink_tulip":13,"simplefarming:ginger_seeds":1,"croptopia:pepper":1,"born_in_chaos_v1:corpse_maggot":4,"autumnity:red_maple_sapling":1,"simplefarming:soybean_seeds":2,"minecraft:red_mushroom":1,"simplefarming:rye_seeds":1,"minecraft:oak_log":44,"minecraft:gunpowder":5,"simplefarming:broccoli_seeds":1,"farm_and_charm:onion":35,"simplefarming:grape_seeds":1,"minecraft:apple":23,"minecraft:rabbit_hide":2,"simplefarming:honeydew_seeds":1,"minecraft:iron_ingot":1,"minecraft:cooked_chicken":1,"travelersbackpack:blank_upgrade":1,"projectvibrantjourneys:light_brown_bark_mushroom":3,"simplefarming:rice_seeds":1,"minecraft:dandelion":14,"simplefarming:blueberries":1,"minecraft:gravel":16,"minecraft:spruce_log":1,"minecraft:spider_eye":1,"treasure2:copper_coin":1,"treasure2:diamond_key":1,"minecraft:slime_ball":1,"simplefarming:strawberry_bush":3,"treasure2:silver_coin":1,"croptopia:orange":11,"treasure2:gold_coin":1,"projectvibrantjourneys:orange_bark_mushroom":2,"projectvibrantjourneys:twigs":11,"simplefarming:cotton_seeds":2,"minecraft:coal":112},"minecraft:broken":{"minecraft:stone_shovel":3,"minecraft:wooden_pickaxe":1},"minecraft:mined":{"minecraft:grass_block":2124,"autumnity:maple_log":5,"ecologics:walnut_log":9,"minecraft:torch":2,"projectvibrantjourneys:twigs":5,"minecraft:oak_planks":1,"minecraft:wall_torch":1,"farm_and_charm:wild_onions":12,"born_in_chaos_v1:river_mint":3,"minecraft:grass":63,"minecraft:oak_log":45,"projectvibrantjourneys:short_grass":49,"minecraft:dirt":2717,"mores:silver_ore":9,"crittersandcompanions:silk_cocoon":1,"minecraft:stone":1117,"simplefarming:strawberry_bush":1,"minecraft:dandelion":1,"minecraft:crafting_table":1,"ecologics:walnut_leaves":1,"minecraft:tall_grass":23,"mores:tin_ore":3,"minecraft:coarse_dirt":2,"minecraft:coal_ore":7,"minecraft:gravel":20,"minecraft:cobweb":1},"minecraft:dropped":{"croptopia:dragonfruit_sapling":1,"minecraft:iron_sword":1,"farm_and_charm:barley_seeds":3,"treasure2:diamond_key":1,"minecraft:llama_spawn_egg":2,"vinery:jungle_grape_seeds_white":2,"farm_and_charm:strawberry":1,"vinery:white_grape_seeds":2,"travelersbackpack:iron_tier_upgrade":2,"mores:tin_ingot":1,"simplefarming:mango_sapling":1,"projectvibrantjourneys:orange_bark_mushroom":1,"farmersdelight:rice":2,"minecraft:gold_block":1,"minecraft:dirt":64,"projectvibrantjourneys:bark_mushroom":1,"projectvibrantjourneys:reeds":1,"vinery:taiga_grape_seeds_white":2,"farm_and_charm:rotten_tomato":1,"croptopia:walnut_sapling":1,"minecraft:bone":4,"croptopia:orange_sapling":1,"vinery:red_grape_seeds":2,"croptopia:mango_sapling":1,"treasure2:diamond_lock":2,"fastfooddelight:chicken_wrap":1,"mores:cobalt_apple":5,"vinery:taiga_grape_seeds_red":2,"minecraft:pig_spawn_egg":2,"vinery:dark_cherry_sapling":3,"minecraft:goat_spawn_egg":2,"mores:stone_mace":2,"treasure2:gold_coin":1,"minecraft:rotten_flesh":1,"minecraft:diamond_shovel":1,"travelersbackpack:netherite_tier_upgrade":2,"naturalist:duck_spawn_egg":2,"croptopia:persimmon_sapling":1,"croptopia:almond_sapling":1,"simplefarming:olive_sapling":1,"simplefarming:scarecrow":1,"treasure2:silver_coin":1,"farm_and_charm:tomato_seeds":4,"travelersbackpack:hay":3,"iter_rpg:abyssquartz_shard":12,"croptopia:apple_sapling":1,"travelersbackpack:gold_tier_upgrade":2,"vinery:savanna_grape_seeds_white":1,"brewery:hops":6,"croptopia:coconut_sapling":1,"treasure2:copper_coin":1,"spartanweaponry:stone_boomerang":2,"autumnity:turkey_spawn_egg":2,"simplefarming:strawberry_bush":2,"simplefarming:strawberries":1,"simplefarming:banana_sapling":1,"simplefarming:barley_seeds":1,"croptopia:banana_sapling":1,"simplefarming:plum_sapling":1,"projectvibrantjourneys:ice_chunks":1,"croptopia:lemon_sapling":1,"farm_and_charm:wild_onions":1,"croptopia:peach_sapling":1,"travelersbackpack:cow":1,"minecraft:wheat_seeds":2,"croptopia:date_sapling":1,"minecraft:cobbled_deepslate_stairs":128,"croptopia:starfruit_sapling":1,"croptopia:cinnamon_sapling":1,"farm_and_charm:wild_ribwort":1,"croptopia:kumquat_sapling":1,"minecraft:iron_helmet":2,"minecraft:cobblestone":1,"minecraft:sheep_spawn_egg":2,"minecraft:tropical_fish":1,"minecraft:chicken_spawn_egg":2,"vinery:jungle_grape_seeds_red":2,"minecraft:coal":15,"projectvibrantjourneys:rocks":1,"minecraft:stick":8,"farm_and_charm:wild_beetroots":1,"argentinas_delight:mateconyuyos":1,"simplefarming:pear_sapling":1,"born_in_chaos_v1:river_mint":3,"travelersbackpack:blank_upgrade":2,"minecraft:iron_leggings":1,"croptopia:lime_sapling":1,"croptopia:nutmeg_sapling":1,"farm_and_charm:onion":4,"croptopia:pear_sapling":1,"minecraft:iron_axe":2,"iter_rpg:coin":1,"simplefarming:apricot_sapling":1,"vinery:savanna_grape_seeds_red":2,"simplefarming:orange_sapling":1,"vanillaplustools:diamond_hammer":2,"farm_and_charm:oat_seeds":3,"simplefarming:tomato_seeds":2,"croptopia:avocado_sapling":1,"minecraft:raw_copper":64,"minecraft:deepslate":192,"farm_and_charm:kernels":2,"croptopia:apricot_sapling":1,"minecraft:iron_boots":2,"simplefarming:apple_sapling":1,"minecraft:cobbled_deepslate_slab":64,"croptopia:cashew_sapling":1,"croptopia:nectarine_sapling":1,"travelersbackpack:diamond_tier_upgrade":2,"minecraft:donkey_spawn_egg":2,"croptopia:plum_sapling":1,"croptopia:grapefruit_sapling":1,"minecraft:potato":2,"farm_and_charm:lettuce":1,"minecraft:rabbit_spawn_egg":2,"farm_and_charm:strawberry_seeds":1,"minecraft:sea_pickle":1,"minecraft:iron_chestplate":1,"minecraft:diamond_pickaxe":1,"croptopia:pecan_sapling":1,"farm_and_charm:lettuce_seeds":3,"travelersbackpack:crafting_upgrade":2,"mores:raw_silver":8,"simplefarming:cherry_sapling":1,"croptopia:cherry_sapling":1,"farm_and_charm:wild_corn":1,"minecraft:spider_eye":1,"minecraft:cow_spawn_egg":2,"minecraft:slime_ball":1,"minecraft:wooden_pickaxe":1,"minecraft:horse_spawn_egg":2,"farm_and_charm:tomato":2,"croptopia:fig_sapling":1,"simplefarming:eggplant_seeds":1,"vanillaplustools:diamond_shovel":2,"simplefarming:sorghum_seeds":1},"minecraft:crafted":{"minecraft:oak_planks":84,"ecologics:walnut_planks":28,"mores:tin_ingot":16,"minecraft:chest":8,"autumnity:maple_planks":20,"spartanweaponry:stone_boomerang":1,"minecraft:cooked_porkchop":2,"mores:tin_chestplate":1,"minecraft:crafting_table":1,"minecraft:wooden_pickaxe":1,"minecraft:baked_potato":9,"minecraft:campfire":1,"minecraft:stick":11,"minecraft:stone_sword":1,"minecraft:stone_shovel":2,"minecraft:furnace":3,"minecraft:stone_pickaxe":1,"minecraft:stone_axe":1,"mores:tin_leggings":1,"minecraft:air":0,"woodworks:oak_chest":2,"minecraft:torch":4},"minecraft:custom":{"minecraft:interact_with_crafting_table":21,"minecraft:leave_game":8,"minecraft:time_since_death":334667,"minecraft:sprint_one_cm":763346,"minecraft:drop":194,"minecraft:play_time":429578,"minecraft:deaths":5,"tombstone:tomb_raiding":1,"minecraft:jump":6485,"minecraft:walk_on_water_one_cm":17495,"minecraft:interact_with_furnace":19,"minecraft:sleep_in_bed":2,"minecraft:damage_dealt":4781,"minecraft:player_kills":1,"minecraft:crouch_one_cm":3881,"tombstone:undead_killed":8,"tombstone:villager_killed":1,"minecraft:interact_with_smoker":1,"minecraft:mob_kills":26,"minecraft:interact_with_anvil":2,"minecraft:interact_with_campfire":1,"minecraft:walk_one_cm":845116,"minecraft:sneak_time":2112,"minecraft:walk_under_water_one_cm":27915,"minecraft:interact_with_blast_furnace":1,"minecraft:total_world_time":429578,"tombstone:raider_killed":2,"minecraft:time_since_rest":334507,"minecraft:damage_taken":3586,"minecraft:damage_absorbed":40,"minecraft:swim_one_cm":15006,"minecraft:fly_one_cm":4231035,"minecraft:open_chest":59,"minecraft:fall_one_cm":129092},"minecraft:killed":{"minecraft:witch":2,"born_in_chaos_v1:zombie_lumberjack":1,"born_in_chaos_v1:skeleton_demoman":1,"minecraft:spider":1,"naturalist:robin":2,"naturalist:snail":2,"minecraft:skeleton":2,"minecraft:chicken":1,"iter_rpg:spiderling":1,"minecraft:creeper":2,"bakery:wandering_baker":1,"minecraft:zombie":3,"born_in_chaos_v1:corpse_fly":1,"born_in_chaos_v1:maggot":2,"born_in_chaos_v1:barrel_zombie":1,"iter_rpg:giant_spider":1,"iter_rpg:scallop":1},"minecraft:used":{"minecraft:iron_shovel":10,"minecraft:chest":9,"minecraft:iron_sword":56,"mcwdoors:sliding_glass_door":1,"simplefarming:blueberries":1,"born_in_chaos_v1:corpse_maggot":4,"minecraft:lantern":10,"minecraft:grass_block":130,"autumnity:maple_planks":7,"neapolitan:vanilla_fudge":6,"minecraft:stone_bricks":298,"croptopia:peach":18,"minecraft:oak_sapling":4,"minecraft:furnace":3,"autumnity:red_maple_sapling":1,"minecraft:egg":3,"projectvibrantjourneys:mossy_rocks":1,"minecraft:stone_pickaxe":100,"minecraft:oak_planks":65,"minecraft:wooden_pickaxe":42,"minecraft:oak_leaves":199,"minecraft:golden_apple":1,"simplefarming:strawberries":3,"farm_and_charm:silo_wood":5,"farmersdelight:rice":1,"croptopia:orange":13,"bakery:bread_knife":13,"fastfooddelight:lemon_soda":1,"minecraft:light_gray_concrete":23,"minecraft:bread":7,"tombstone:grave_key":1,"minecraft:deepslate":1,"projectvibrantjourneys:ice_chunks":1,"croptopia:avocado":5,"luphieclutteredmod:luphie_darkwood_round_table":1,"born_in_chaos_v1:rotten_fish":1,"minecraft:smithing_table":2,"autumnity:turkey_spawn_egg":1,"minecraft:smooth_stone_slab":9,"minecraft:bone_meal":28,"minecraft:stone_sword":54,"ecologics:walnut_log":2,"minecraft:stone_shovel":319,"woodworks:oak_chest":2,"refurbished_furniture:orange_sofa":1,"minecraft:cooked_chicken":1,"minecraft:torch":7,"naturalist:duck_spawn_egg":1,"minecraft:dirt":931,"minecraft:anvil":3,"farm_and_charm:onion":52,"projectvibrantjourneys:bark_mushroom":1,"moa_decor_garden_:bancarobleosc":22,"neapolitan:strawberry_scones":5,"luphieclutteredmod:luphie_sewing_table":1,"ecologics:walnut":11,"tombstone:gift":1,"quark:blossom_planks":2,"treasure2:safe":1,"minecraft:cobbled_deepslate":30,"minecraft:water_bucket":30,"minecraft:pink_tulip":1,"luphieclutteredmod:luphie_lunar_observatory_table":1,"quark:cobblestone_bricks":19,"minecraft:baked_potato":9,"minecraft:mud_brick_slab":19,"ecologics:walnut_sapling":3,"born_in_chaos_v1:stimulating_decoction":1,"farmersdelight:onion":3,"minecraft:crafting_table":2,"vanillaplustools:stone_shovel":37,"mcwfences:modern_stone_brick_wall":90,"minecraft:campfire":1,"croptopia:sweetpotato":1,"minecraft:apple":18,"projectvibrantjourneys:twigs":4,"simplefarming:strawberry_bush":1,"spartanweaponry:stone_boomerang":11,"quark:light_gray_framed_glass_pane":5,"minecraft:stone_axe":70,"mores:cobalt_apple":2,"minecraft:cobbled_deepslate_slab":51,"projectvibrantjourneys:reeds":1,"mcwlights:classic_street_lamp":71,"minecraft:cooked_porkchop":2,"minecraft:stripped_oak_log":9,"minecraft:dandelion":1}},"DataVersion":3465}