{"stats":{"minecraft:killed":{"minecraft:zombie":2},"minecraft:crafted":{"autumnity:maple_planks":20,"minecraft:crafting_table":1,"minecraft:wooden_pickaxe":1},"minecraft:picked_up":{"minecraft:stick":3,"minecraft:rotten_flesh":3,"autumnity:maple_log":5,"minecraft:apple":4,"autumnity:orange_maple_sapling":2,"minecraft:coal":16,"minecraft:cobblestone":2},"minecraft:mined":{"projectvibrantjourneys:twigs":1,"minecraft:coal_ore":1,"minecraft:stone":2,"autumnity:maple_log":5},"minecraft:used":{"bakery:bread_knife":13,"minecraft:apple":2,"minecraft:crafting_table":1,"minecraft:wooden_pickaxe":4},"minecraft:custom":{"minecraft:time_since_rest":25268,"minecraft:damage_taken":50,"minecraft:play_time":25268,"minecraft:sprint_one_cm":37313,"tombstone:undead_killed":2,"minecraft:walk_one_cm":18544,"minecraft:walk_under_water_one_cm":170,"minecraft:mob_kills":2,"minecraft:jump":369,"minecraft:damage_dealt":395,"minecraft:time_since_death":25268,"minecraft:walk_on_water_one_cm":619,"minecraft:total_world_time":25268,"minecraft:interact_with_crafting_table":1,"minecraft:fall_one_cm":3987,"minecraft:fly_one_cm":175338}},"DataVersion":3465}