{"stats":{"minecraft:killed":{"minecraft:creeper":1,"minecraft:cow":5},"minecraft:dropped":{"minecraft:gunpowder":1},"minecraft:mined":{"minecraft:grass":6,"minecraft:tall_grass":2,"minecraft:oak_leaves":2},"minecraft:used":{"minecraft:netherite_sword":12,"minecraft:goat_horn":5,"minecraft:kelp":26,"minecraft:bone_meal":10},"minecraft:picked_up":{"minecraft:rotten_flesh":2,"minecraft:leather":2,"minecraft:beef":10,"minecraft:gunpowder":1},"minecraft:custom":{"minecraft:time_since_rest":11652,"minecraft:play_time":11652,"minecraft:sprint_one_cm":31702,"minecraft:walk_one_cm":11181,"minecraft:damage_taken":90,"minecraft:sneak_time":12,"minecraft:walk_under_water_one_cm":3624,"minecraft:mob_kills":6,"minecraft:drop":1,"minecraft:jump":289,"minecraft:damage_dealt":700,"minecraft:time_since_death":11652,"minecraft:walk_on_water_one_cm":3562,"minecraft:total_world_time":11652,"minecraft:swim_one_cm":21904,"minecraft:fall_one_cm":8188,"minecraft:fly_one_cm":190718}},"DataVersion":3465}