{"stats":{"minecraft:killed":{"minecraft:witch":4,"born_in_chaos_v1:restless_spirit":1,"born_in_chaos_v1:zombie_lumberjack":1,"born_in_chaos_v1:skeleton_demoman":1,"minecraft:spider":2,"naturalist:robin":2,"born_in_chaos_v1:siamese_skeletonsright":1,"naturalist:snail":2,"minecraft:skeleton":4,"minecraft:chicken":1,"minecraft:zombie_villager":2,"iter_rpg:spiderling":2,"minecraft:creeper":2,"bakery:wandering_baker":1,"minecraft:pillager":1,"minecraft:zombie":11,"born_in_chaos_v1:corpse_fly":1,"born_in_chaos_v1:siamese_skeletonsleft":1,"born_in_chaos_v1:maggot":6,"born_in_chaos_v1:corpse_fish":1,"born_in_chaos_v1:barrel_zombie":2,"born_in_chaos_v1:decrepit_skeleton":1,"iter_rpg:giant_spider":2,"iter_rpg:scallop":2},"minecraft:picked_up":{"minecraft:wheat":30,"autumnity:maple_log":5,"tombstone:tablet_of_home":1,"projectvibrantjourneys:ice_chunks":2,"iter_rpg:unidentified_spell":1,"projectvibrantjourneys:mossy_rocks":1,"minecraft:string":8,"simplefarming:zucchini_seeds":1,"minecraft:raw_copper":65,"vinery:savanna_grapes_red":2,"minecraft:sea_pickle":1,"minecraft:cherry_boat":1,"minecraft:cobbled_deepslate":3,"minecraft:spruce_planks":21,"minecraft:white_tulip":1,"minecraft:furnace":1,"minecraft:stick":42,"ecologics:walnut_log":9,"minecraft:torch":10,"travelersbackpack:iron_tier_upgrade":1,"travelersbackpack:diamond_tier_upgrade":1,"minecraft:porkchop":2,"simplefarming:raspberries":2,"mores:topaz_gem":1,"tombstone:grave_dust":9,"travelersbackpack:crafting_upgrade":1,"mores:raw_tin":19,"minecraft:orange_bed":5,"minecraft:rotten_flesh":25,"simplefarming:pepper_seeds":1,"minecraft:tropical_fish":1,"projectvibrantjourneys:cattail":3,"minecraft:cobblestone":1164,"minecraft:oxidized_copper":1,"ecologics:walnut":17,"minecraft:feather":10,"minecraft:lilac":5,"minecraft:cherry_planks":30,"minecraft:copper_block":4,"minecraft:potato":1,"bakery:sweet_dough":1,"minecraft:horn_coral":1,"projectvibrantjourneys:rocks":2,"travelersbackpack:gold_tier_upgrade":1,"minecraft:dirt":4813,"minecraft:lantern":10,"simplefarming:cucumber_seeds":4,"minecraft:bone":20,"croptopia:corn":1,"minecraft:acacia_planks":6,"croptopia:sweetpotato":1,"minecraft:wheat_seeds":444,"simplefarming:kenaf_seeds":1,"minecraft:raw_gold":4,"minecraft:cobbled_deepslate_slab":65,"simplefarming:tomato_seeds":5,"minecraft:oak_planks":34,"simplefarming:peanut_seeds":1,"simplefarming:corn_seeds":2,"iter_rpg:seashell":1,"simplefarming:radish_seeds":2,"farm_and_charm:strawberry_seeds":1,"treasure2:safe":1,"mores:raw_cobalt":8,"minecraft:ink_sac":1,"minecraft:lily_of_the_valley":4,"quark:blossom_sign":1,"naturalist:duck_egg":1,"neapolitan:strawberries":10,"minecraft:sugar":2,"minecraft:diamond":1,"simplefarming:corn":2,"minecraft:deepslate":192,"minecraft:miner_pottery_sherd":2,"iter_rpg:abyssquartz_shard":12,"minecraft:emerald":1,"minecraft:oak_sapling":21,"born_in_chaos_v1:rotten_fish":5,"mores:raw_silver":17,"simplefarming:cassava_seeds":9,"simplefarming:pea_seeds":2,"minecraft:coarse_dirt":1,"minecraft:crafting_table":2,"minecraft:azure_bluet":3,"travelersbackpack:hay":1,"minecraft:chicken":1,"born_in_chaos_v1:river_mint":18,"croptopia:peach":18,"minecraft:brown_mushroom":1,"simplefarming:yam":1,"treasure2:diamond_lock":1,"croptopia:sweetpotato_seed":2,"minecraft:wooden_pickaxe":2,"minecraft:brick":6,"mores:turquoise_horse_armor":2,"minecraft:moss_carpet":4,"simplefarming:sorghum_seeds":3,"minecraft:iron_axe":1,"simplefarming:eggplant":2,"minecraft:flint_and_steel":1,"projectvibrantjourneys:reeds":2,"ecologics:walnut_sapling":13,"simplefarming:oat_seeds":2,"iter_rpg:coin":1,"croptopia:pepper_seed":2,"minecraft:poppy":4,"minecraft:birch_sapling":1,"minecraft:sugar_cane":1,"minecraft:chest":1,"simplefarming:barley_seeds":4,"crittersandcompanions:clam":1,"minecraft:egg":3,"minecraft:raw_iron":1,"naturalist:duck":1,"croptopia:corn_seed":2,"projectvibrantjourneys:bark_mushroom":4,"travelersbackpack:netherite_tier_upgrade":1,"simplefarming:yam_seeds":5,"simplefarming:onion_seeds":1,"minecraft:carrot":48,"simplefarming:eggplant_seeds":3,"simplefarming:cassava":6,"minecraft:arrow":6,"minecraft:stone_shovel":6,"mores:stone_mace":2,"minecraft:shears":1,"simplefarming:strawberries":4,"autumnity:orange_maple_sapling":2,"crittersandcompanions:silk":3,"farm_and_charm:strawberry":5,"simplefarming:ginger_seeds":1,"minecraft:pink_tulip":13,"croptopia:pepper":1,"minecraft:rail":1,"born_in_chaos_v1:fused_bone":2,"born_in_chaos_v1:corpse_maggot":7,"autumnity:red_maple_sapling":1,"vinery:dark_cherry_door":3,"simplefarming:soybean_seeds":3,"minecraft:red_mushroom":1,"simplefarming:soybean":2,"simplefarming:rye_seeds":1,"brewery:wooden_brewingstation":2,"minecraft:oak_log":44,"minecraft:gunpowder":7,"simplefarming:broccoli_seeds":1,"farm_and_charm:onion":35,"minecraft:white_banner":1,"simplefarming:grape_seeds":1,"minecraft:apple":23,"minecraft:kelp":1,"simplefarming:honeydew_seeds":1,"minecraft:rabbit_hide":2,"minecraft:iron_ingot":1,"minecraft:cooked_chicken":1,"spartanweaponry:iron_dagger":1,"travelersbackpack:blank_upgrade":3,"projectvibrantjourneys:light_brown_bark_mushroom":3,"minecraft:polished_andesite_stairs":1,"simplefarming:rice_seeds":1,"born_in_chaos_v1:ethereal_spirit":4,"minecraft:dandelion":14,"simplefarming:blueberries":1,"minecraft:gravel":16,"minecraft:blast_furnace":1,"minecraft:spruce_log":385,"simplefarming:cucumber":2,"minecraft:spider_eye":8,"treasure2:copper_coin":1,"minecraft:infested_stone_bricks":5,"simplefarming:tomato":2,"treasure2:diamond_key":1,"minecraft:slime_ball":1,"simplefarming:strawberry_bush":3,"treasure2:silver_coin":1,"croptopia:orange":11,"mores:anthracite":3,"treasure2:gold_coin":1,"minecraft:scute":1,"minecraft:cherry_sapling":15,"projectvibrantjourneys:orange_bark_mushroom":3,"tombstone:magic_scroll":1,"projectvibrantjourneys:twigs":12,"simplefarming:cotton_seeds":3,"minecraft:coal":113},"minecraft:dropped":{"croptopia:dragonfruit_sapling":1,"minecraft:iron_sword":2,"farm_and_charm:barley_seeds":3,"treasure2:diamond_key":1,"minecraft:llama_spawn_egg":2,"vinery:jungle_grape_seeds_white":2,"farm_and_charm:strawberry":1,"vinery:white_grape_seeds":2,"travelersbackpack:iron_tier_upgrade":2,"mores:tin_ingot":1,"simplefarming:mango_sapling":1,"neapolitan:strawberry_milkshake":1,"minecraft:rail":1,"projectvibrantjourneys:orange_bark_mushroom":1,"farmersdelight:rice":2,"minecraft:gold_block":1,"minecraft:dirt":64,"mores:tourmaline_leggings":1,"minecraft:iron_pickaxe":1,"projectvibrantjourneys:bark_mushroom":1,"projectvibrantjourneys:reeds":1,"vinery:taiga_grape_seeds_white":2,"farm_and_charm:rotten_tomato":1,"croptopia:walnut_sapling":1,"minecraft:bone":4,"croptopia:orange_sapling":1,"vinery:red_grape_seeds":2,"croptopia:mango_sapling":1,"treasure2:diamond_lock":2,"fastfooddelight:chicken_wrap":1,"mores:cobalt_apple":5,"vinery:taiga_grape_seeds_red":2,"projectvibrantjourneys:twigs":1,"minecraft:pig_spawn_egg":2,"vinery:dark_cherry_sapling":3,"born_in_chaos_v1:ethereal_spirit":2,"minecraft:goat_spawn_egg":2,"treasure2:gold_coin":1,"mores:stone_mace":2,"minecraft:rotten_flesh":1,"minecraft:diamond_shovel":1,"travelersbackpack:netherite_tier_upgrade":2,"naturalist:duck_spawn_egg":2,"croptopia:persimmon_sapling":1,"croptopia:almond_sapling":1,"simplefarming:olive_sapling":1,"simplefarming:scarecrow":1,"treasure2:silver_coin":1,"farm_and_charm:tomato_seeds":4,"travelersbackpack:hay":3,"iter_rpg:abyssquartz_shard":12,"croptopia:apple_sapling":1,"travelersbackpack:gold_tier_upgrade":2,"vinery:savanna_grape_seeds_white":1,"brewery:hops":6,"croptopia:coconut_sapling":1,"spartanweaponry:stone_boomerang":2,"treasure2:copper_coin":1,"autumnity:turkey_spawn_egg":2,"simplefarming:strawberry_bush":2,"simplefarming:strawberries":1,"simplefarming:banana_sapling":1,"simplefarming:barley_seeds":1,"croptopia:banana_sapling":1,"simplefarming:plum_sapling":1,"projectvibrantjourneys:ice_chunks":1,"croptopia:lemon_sapling":1,"minecraft:bread":64,"farm_and_charm:wild_onions":1,"croptopia:peach_sapling":1,"travelersbackpack:cow":1,"minecraft:wheat_seeds":6,"croptopia:date_sapling":1,"minecraft:cobbled_deepslate_stairs":128,"croptopia:starfruit_sapling":1,"croptopia:cinnamon_sapling":1,"mores:tourmaline_chestplate":1,"farm_and_charm:wild_ribwort":1,"croptopia:kumquat_sapling":1,"minecraft:cobblestone":1,"minecraft:iron_helmet":2,"minecraft:sheep_spawn_egg":2,"minecraft:tropical_fish":1,"minecraft:chicken_spawn_egg":2,"vinery:jungle_grape_seeds_red":2,"minecraft:coal":15,"projectvibrantjourneys:rocks":1,"minecraft:stick":8,"farm_and_charm:wild_beetroots":1,"argentinas_delight:mateconyuyos":1,"simplefarming:pear_sapling":1,"born_in_chaos_v1:river_mint":3,"minecraft:torch":128,"travelersbackpack:blank_upgrade":2,"minecraft:iron_leggings":1,"croptopia:lime_sapling":1,"minecraft:polished_andesite_stairs":1,"farm_and_charm:onion":4,"croptopia:nutmeg_sapling":1,"croptopia:pear_sapling":1,"minecraft:iron_axe":2,"iter_rpg:coin":1,"simplefarming:apricot_sapling":1,"vinery:savanna_grape_seeds_red":2,"simplefarming:orange_sapling":1,"vanillaplustools:diamond_hammer":2,"farm_and_charm:oat_seeds":3,"simplefarming:tomato_seeds":2,"croptopia:avocado_sapling":1,"minecraft:raw_copper":64,"minecraft:deepslate":192,"farm_and_charm:kernels":2,"croptopia:apricot_sapling":1,"minecraft:iron_boots":2,"simplefarming:apple_sapling":1,"croptopia:cashew_sapling":1,"minecraft:cobbled_deepslate_slab":64,"croptopia:nectarine_sapling":1,"travelersbackpack:diamond_tier_upgrade":2,"minecraft:donkey_spawn_egg":2,"croptopia:plum_sapling":1,"croptopia:grapefruit_sapling":1,"minecraft:potato":2,"farm_and_charm:lettuce":1,"minecraft:rabbit_spawn_egg":2,"farm_and_charm:strawberry_seeds":1,"minecraft:sea_pickle":1,"minecraft:iron_chestplate":1,"minecraft:diamond_pickaxe":1,"farm_and_charm:lettuce_seeds":3,"croptopia:pecan_sapling":1,"travelersbackpack:crafting_upgrade":2,"mores:raw_silver":8,"simplefarming:cherry_sapling":1,"croptopia:cherry_sapling":1,"farm_and_charm:wild_corn":1,"minecraft:cow_spawn_egg":2,"minecraft:spider_eye":4,"minecraft:slime_ball":1,"minecraft:wooden_pickaxe":1,"minecraft:horse_spawn_egg":2,"farm_and_charm:tomato":2,"croptopia:fig_sapling":1,"simplefarming:eggplant_seeds":1,"vanillaplustools:diamond_shovel":2,"simplefarming:sorghum_seeds":1},"minecraft:used":{"mcwlights:wall_lantern":6,"minecraft:iron_shovel":195,"minecraft:chest":11,"minecraft:stone":1,"minecraft:iron_sword":180,"customnpcs:npcwand":1,"mcwdoors:sliding_glass_door":1,"simplefarming:blueberries":1,"born_in_chaos_v1:corpse_maggot":4,"minecraft:bricks":132,"minecraft:lantern":10,"minecraft:grass_block":237,"autumnity:maple_planks":7,"minecraft:polished_andesite_stairs":36,"neapolitan:vanilla_fudge":6,"minecraft:stone_bricks":298,"croptopia:peach":18,"minecraft:oak_sapling":4,"minecraft:furnace":4,"autumnity:red_maple_sapling":1,"minecraft:egg":3,"projectvibrantjourneys:mossy_rocks":1,"minecraft:dark_oak_stairs":4,"luphieclutteredmod:luphie_tall_sketchbook_stack":1,"luphieclutteredmod:luphie_black_armchair":1,"quark:framed_glass_pane":14,"minecraft:stone_pickaxe":100,"minecraft:oak_planks":95,"minecraft:wooden_pickaxe":42,"minecraft:oak_leaves":199,"minecraft:golden_apple":1,"simplefarming:strawberries":3,"farm_and_charm:silo_wood":5,"another_furniture:blue_curtain":8,"simplefarming:yam":1,"farmersdelight:rice":1,"vinery:dark_cherry_door":2,"croptopia:orange":13,"bakery:bread_knife":13,"fastfooddelight:lemon_soda":1,"minecraft:light_gray_concrete":23,"minecraft:bread":7,"another_furniture:dark_oak_drawer":4,"tombstone:grave_key":1,"mcwlights:white_ceiling_light":2,"minecraft:deepslate":1,"projectvibrantjourneys:ice_chunks":1,"minecraft:polished_andesite_slab":22,"croptopia:avocado":5,"luphieclutteredmod:luphie_darkwood_round_table":1,"born_in_chaos_v1:rotten_fish":1,"minecraft:smithing_table":2,"autumnity:turkey_spawn_egg":1,"minecraft:smooth_stone_slab":9,"minecraft:bone_meal":28,"vanillaplustools:diamond_shovel":11,"minecraft:stone_sword":54,"ecologics:walnut_log":2,"minecraft:stone_shovel":319,"woodworks:oak_chest":2,"minecraft:spruce_planks":266,"refurbished_furniture:orange_sofa":1,"vanillaplustools:gold_shovel":28,"minecraft:cooked_chicken":1,"quark:granite_bricks":59,"mcwdoors:spruce_barn_glass_door":2,"minecraft:torch":9,"simplefarming:eggplant":1,"moa_decor_electronics:aire_acondicionado":2,"naturalist:duck_spawn_egg":1,"minecraft:dirt":962,"minecraft:anvil":3,"farm_and_charm:onion":52,"projectvibrantjourneys:bark_mushroom":1,"minecraft:golden_shovel":66,"minecraft:granite":40,"farm_and_charm:corn":3,"moa_decor_garden_:bancarobleosc":22,"neapolitan:strawberry_scones":5,"luphieclutteredmod:luphie_sewing_table":1,"minecraft:oak_stairs":2,"minecraft:mud_bricks":10,"minecraft:tall_grass":1,"minecraft:oxidized_copper":1,"mores:bronze_apple":1,"ecologics:walnut":11,"tombstone:gift":2,"quark:blossom_planks":2,"moa_decor_electronics:reloj_despertador_gris_claro":1,"treasure2:safe":1,"minecraft:cobbled_deepslate":30,"minecraft:iron_leggings":1,"minecraft:brown_bed":4,"minecraft:wheat_seeds":24,"minecraft:water_bucket":30,"minecraft:pink_tulip":1,"luphieclutteredmod:luphie_lunar_observatory_table":1,"minecraft:birch_planks":2,"quark:cobblestone_bricks":19,"minecraft:baked_potato":38,"minecraft:mud_brick_slab":144,"simplefarming:soybean":1,"ecologics:walnut_sapling":3,"born_in_chaos_v1:stimulating_decoction":1,"farmersdelight:onion":3,"simplefarming:tomato":2,"minecraft:crafting_table":3,"farm_and_charm:strawberry":2,"another_furniture:yellow_tall_stool":1,"vanillaplustools:stone_shovel":37,"mcwfences:modern_stone_brick_wall":90,"minecraft:white_bed":1,"minecraft:campfire":1,"croptopia:sweetpotato":1,"simplefarming:cassava":3,"simplefarming:cucumber":2,"quark:vertical_birch_planks":82,"minecraft:apple":18,"projectvibrantjourneys:twigs":4,"simplefarming:strawberry_bush":1,"minecraft:iron_pickaxe":26,"spartanweaponry:stone_boomerang":11,"minecraft:spruce_trapdoor":3,"quark:light_gray_framed_glass_pane":5,"minecraft:stone_axe":140,"luphieclutteredmod:luphie_cluttered_havana_cabinet":1,"minecraft:white_banner":1,"mores:cobalt_apple":2,"minecraft:cobblestone":92,"minecraft:cobbled_deepslate_slab":51,"minecraft:cooked_porkchop":2,"mores:tin_chestplate":1,"projectvibrantjourneys:reeds":1,"mcwlights:classic_street_lamp":71,"minecraft:dandelion":1,"minecraft:stripped_oak_log":9,"refurbished_furniture:jungle_crate":4},"minecraft:crafted":{"minecraft:oak_planks":84,"ecologics:walnut_planks":28,"mores:tin_ingot":16,"minecraft:chest":8,"autumnity:maple_planks":20,"spartanweaponry:stone_boomerang":1,"minecraft:cooked_porkchop":2,"mores:tin_chestplate":1,"minecraft:crafting_table":2,"minecraft:spruce_planks":420,"minecraft:wooden_pickaxe":1,"minecraft:baked_potato":9,"minecraft:copper_ingot":27,"minecraft:campfire":1,"minecraft:stick":11,"minecraft:iron_pickaxe":1,"minecraft:stone_sword":1,"minecraft:stone_shovel":2,"minecraft:furnace":3,"minecraft:spruce_wood":48,"minecraft:stone_pickaxe":1,"minecraft:stone_axe":1,"mores:tin_leggings":1,"minecraft:air":0,"woodworks:oak_chest":2,"minecraft:torch":4},"minecraft:broken":{"minecraft:stone_axe":1,"minecraft:stone_shovel":3,"mores:tin_chestplate":1,"minecraft:wooden_pickaxe":1},"minecraft:custom":{"minecraft:interact_with_crafting_table":23,"minecraft:open_barrel":29,"minecraft:leave_game":9,"minecraft:time_since_death":545978,"minecraft:sprint_one_cm":1166014,"minecraft:drop":212,"minecraft:play_time":640889,"minecraft:deaths":5,"tombstone:tomb_raiding":1,"minecraft:jump":9175,"minecraft:walk_on_water_one_cm":21591,"minecraft:interact_with_furnace":19,"minecraft:sleep_in_bed":4,"minecraft:damage_dealt":10182,"minecraft:player_kills":1,"minecraft:crouch_one_cm":17322,"tombstone:undead_killed":24,"tombstone:villager_killed":1,"minecraft:interact_with_smoker":3,"minecraft:interact_with_smithing_table":1,"minecraft:interact_with_anvil":2,"minecraft:mob_kills":55,"minecraft:interact_with_campfire":1,"minecraft:damage_dealt_resisted":40,"minecraft:walk_one_cm":1179752,"minecraft:sneak_time":5259,"minecraft:walk_under_water_one_cm":32913,"minecraft:interact_with_blast_furnace":2,"minecraft:total_world_time":640889,"tombstone:raider_killed":5,"minecraft:time_since_rest":20331,"minecraft:damage_absorbed":40,"minecraft:damage_taken":5811,"minecraft:swim_one_cm":16433,"minecraft:fly_one_cm":5932728,"minecraft:open_chest":109,"minecraft:fall_one_cm":158904},"minecraft:mined":{"minecraft:spruce_planks":20,"minecraft:grass_block":2611,"autumnity:maple_log":5,"minecraft:iron_ore":1,"ecologics:walnut_log":9,"minecraft:torch":4,"projectvibrantjourneys:twigs":5,"minecraft:blast_furnace":1,"minecraft:oxidized_copper":1,"minecraft:chest":1,"minecraft:cobblestone":3,"minecraft:oak_planks":34,"minecraft:wall_torch":1,"farm_and_charm:wild_onions":12,"projectvibrantjourneys:bones":1,"born_in_chaos_v1:river_mint":3,"minecraft:copper_block":4,"minecraft:grass":64,"minecraft:oak_log":45,"projectvibrantjourneys:short_grass":52,"minecraft:dirt":2978,"mores:silver_ore":9,"minecraft:decorated_pot":2,"minecraft:furnace":1,"crittersandcompanions:silk_cocoon":1,"minecraft:stone":1181,"simplefarming:strawberry_bush":1,"mores:cobalt_ore":8,"minecraft:dandelion":1,"minecraft:crafting_table":2,"ecologics:walnut_leaves":1,"minecraft:tall_grass":24,"mores:tin_ore":6,"minecraft:coarse_dirt":2,"minecraft:coal_ore":7,"minecraft:gravel":20,"minecraft:cobweb":2,"minecraft:acacia_planks":6}},"DataVersion":3465}