{"stats":{"minecraft:broken":{"minecraft:wooden_pickaxe":1,"minecraft:stone_shovel":3},"minecraft:mined":{"minecraft:grass_block":214,"autumnity:maple_log":5,"crittersandcompanions:silk_cocoon":1,"ecologics:walnut_log":9,"minecraft:stone":93,"simplefarming:strawberry_bush":1,"minecraft:dandelion":1,"minecraft:crafting_table":1,"minecraft:torch":2,"projectvibrantjourneys:twigs":5,"ecologics:walnut_leaves":1,"minecraft:tall_grass":18,"minecraft:oak_planks":1,"mores:tin_ore":3,"minecraft:wall_torch":1,"farm_and_charm:wild_onions":12,"born_in_chaos_v1:river_mint":3,"minecraft:grass":51,"minecraft:oak_log":45,"minecraft:coal_ore":4,"projectvibrantjourneys:short_grass":45,"minecraft:dirt":74,"mores:silver_ore":8,"minecraft:cobweb":1},"minecraft:custom":{"minecraft:mob_kills":16,"minecraft:interact_with_crafting_table":20,"minecraft:interact_with_campfire":1,"minecraft:leave_game":4,"minecraft:time_since_death":79488,"minecraft:sprint_one_cm":473118,"minecraft:walk_one_cm":431040,"minecraft:drop":46,"minecraft:play_time":174399,"minecraft:deaths":5,"minecraft:sneak_time":1216,"minecraft:walk_under_water_one_cm":10409,"tombstone:tomb_raiding":1,"minecraft:jump":4220,"minecraft:interact_with_blast_furnace":1,"minecraft:walk_on_water_one_cm":16146,"minecraft:total_world_time":174399,"minecraft:interact_with_furnace":19,"minecraft:sleep_in_bed":2,"minecraft:time_since_rest":79328,"minecraft:damage_taken":3304,"minecraft:damage_absorbed":40,"minecraft:damage_dealt":2076,"minecraft:swim_one_cm":11749,"minecraft:fly_one_cm":993425,"minecraft:player_kills":1,"minecraft:open_chest":40,"minecraft:crouch_one_cm":3480,"tombstone:undead_killed":5,"minecraft:fall_one_cm":118336},"minecraft:dropped":{"coinsje:gold_coin":6,"minecraft:wheat_seeds":2,"untamedwilds:flora_yarrow":3,"minecraft:iron_helmet":1,"minecraft:cobblestone":1,"mores:tin_ingot":1,"projectvibrantjourneys:orange_bark_mushroom":1,"minecraft:coal":15,"minecraft:stick":8,"projectvibrantjourneys:rocks":1,"minecraft:gold_block":1,"born_in_chaos_v1:river_mint":3,"minecraft:iron_axe":1,"projectvibrantjourneys:bark_mushroom":1,"projectvibrantjourneys:reeds":1,"minecraft:bone":4,"simplefarming:tomato_seeds":2,"mores:cobalt_apple":5,"minecraft:raw_copper":64,"minecraft:iron_boots":1,"iter_rpg:abyssquartz_shard":12,"minecraft:potato":2,"spartanweaponry:stone_boomerang":2,"simplefarming:strawberry_bush":2,"mores:raw_silver":8,"simplefarming:strawberries":1,"minecraft:slime_ball":1,"minecraft:wooden_pickaxe":1,"simplefarming:barley_seeds":1,"simplefarming:eggplant_seeds":1,"simplefarming:sorghum_seeds":1,"projectvibrantjourneys:ice_chunks":1},"minecraft:picked_up":{"simplefarming:pea_seeds":1,"minecraft:crafting_table":1,"minecraft:chicken":1,"born_in_chaos_v1:river_mint":3,"croptopia:peach":18,"autumnity:maple_log":5,"croptopia:sweetpotato_seed":2,"minecraft:wooden_pickaxe":2,"projectvibrantjourneys:ice_chunks":2,"projectvibrantjourneys:mossy_rocks":1,"minecraft:string":3,"simplefarming:zucchini_seeds":1,"minecraft:raw_copper":64,"simplefarming:sorghum_seeds":1,"minecraft:iron_axe":1,"projectvibrantjourneys:reeds":2,"ecologics:walnut_sapling":9,"simplefarming:barley_seeds":2,"crittersandcompanions:clam":1,"minecraft:egg":3,"minecraft:stick":35,"ecologics:walnut_log":9,"projectvibrantjourneys:bark_mushroom":2,"minecraft:torch":3,"untamedwilds:flora_bush_temperate":3,"minecraft:porkchop":2,"simplefarming:eggplant_seeds":1,"mores:raw_tin":10,"coinsje:gold_coin":16,"minecraft:arrow":4,"minecraft:rotten_flesh":4,"minecraft:stone_shovel":1,"autumnity:orange_maple_sapling":2,"simplefarming:strawberries":2,"crittersandcompanions:silk":3,"minecraft:pink_tulip":1,"projectvibrantjourneys:cattail":2,"untamedwilds:flora_yarrow":3,"minecraft:cobblestone":134,"born_in_chaos_v1:corpse_maggot":4,"autumnity:red_maple_sapling":1,"ecologics:walnut":11,"minecraft:feather":8,"minecraft:oak_log":44,"projectvibrantjourneys:rocks":2,"simplefarming:broccoli_seeds":1,"farm_and_charm:onion":35,"minecraft:dirt":382,"untamedwilds:spawn_tortoise":1,"minecraft:bone":12,"minecraft:apple":23,"croptopia:sweetpotato":1,"untamedwilds:material_fat":1,"minecraft:wheat_seeds":17,"simplefarming:honeydew_seeds":1,"minecraft:rabbit_hide":2,"minecraft:cooked_chicken":1,"simplefarming:tomato_seeds":2,"minecraft:oak_planks":1,"simplefarming:corn_seeds":1,"minecraft:dandelion":1,"simplefarming:blueberries":1,"minecraft:spider_eye":1,"minecraft:slime_ball":1,"simplefarming:strawberry_bush":3,"iter_rpg:abyssquartz_shard":12,"croptopia:orange":11,"projectvibrantjourneys:twigs":11,"born_in_chaos_v1:rotten_fish":2,"projectvibrantjourneys:orange_bark_mushroom":1,"minecraft:oak_sapling":14,"mores:raw_silver":8,"simplefarming:cassava_seeds":1,"minecraft:coal":110},"minecraft:used":{"minecraft:stone_sword":54,"ecologics:walnut_log":2,"minecraft:stone_shovel":319,"woodworks:oak_chest":2,"minecraft:chest":8,"untamedwilds:spawn_tortoise":1,"minecraft:cooked_chicken":1,"minecraft:torch":7,"minecraft:dirt":379,"farm_and_charm:onion":52,"projectvibrantjourneys:bark_mushroom":1,"simplefarming:blueberries":1,"born_in_chaos_v1:corpse_maggot":4,"neapolitan:strawberry_scones":5,"autumnity:maple_planks":7,"neapolitan:vanilla_fudge":6,"croptopia:peach":18,"minecraft:furnace":3,"autumnity:red_maple_sapling":1,"ecologics:walnut":11,"tombstone:gift":1,"minecraft:egg":3,"projectvibrantjourneys:mossy_rocks":1,"minecraft:pink_tulip":1,"minecraft:stone_pickaxe":68,"minecraft:baked_potato":9,"minecraft:oak_planks":65,"minecraft:wooden_pickaxe":42,"ecologics:walnut_sapling":3,"simplefarming:strawberries":1,"minecraft:golden_apple":1,"farmersdelight:onion":3,"minecraft:crafting_table":2,"minecraft:campfire":1,"croptopia:sweetpotato":1,"croptopia:orange":13,"bakery:bread_knife":13,"minecraft:apple":18,"projectvibrantjourneys:twigs":4,"simplefarming:strawberry_bush":1,"minecraft:bread":7,"spartanweaponry:stone_boomerang":11,"tombstone:grave_key":1,"projectvibrantjourneys:ice_chunks":1,"minecraft:stone_axe":70,"croptopia:avocado":5,"born_in_chaos_v1:rotten_fish":1,"projectvibrantjourneys:reeds":1,"minecraft:cooked_porkchop":2,"minecraft:dandelion":1},"minecraft:killed":{"minecraft:spider":1,"naturalist:robin":2,"born_in_chaos_v1:maggot":2,"naturalist:snail":2,"minecraft:skeleton":2,"minecraft:chicken":1,"minecraft:zombie":3,"born_in_chaos_v1:corpse_fly":1,"iter_rpg:scallop":1},"minecraft:crafted":{"minecraft:oak_planks":84,"minecraft:stone_shovel":2,"ecologics:walnut_planks":28,"minecraft:furnace":3,"mores:tin_ingot":16,"minecraft:stone_pickaxe":1,"minecraft:chest":8,"autumnity:maple_planks":20,"spartanweaponry:stone_boomerang":1,"minecraft:cooked_porkchop":2,"mores:tin_chestplate":1,"minecraft:crafting_table":1,"minecraft:wooden_pickaxe":1,"minecraft:baked_potato":9,"minecraft:campfire":1,"minecraft:stone_axe":1,"mores:tin_leggings":1,"minecraft:air":0,"woodworks:oak_chest":2,"minecraft:stick":11,"minecraft:stone_sword":1,"minecraft:torch":4}},"DataVersion":3465}