{"stats":{"minecraft:picked_up":{"minecraft:crafting_table":1,"simplefarming:pea_seeds":1,"minecraft:chicken":1,"born_in_chaos_v1:river_mint":3,"croptopia:peach":18,"autumnity:maple_log":5,"croptopia:sweetpotato_seed":2,"minecraft:wooden_pickaxe":2,"projectvibrantjourneys:ice_chunks":2,"projectvibrantjourneys:mossy_rocks":1,"minecraft:string":3,"simplefarming:zucchini_seeds":1,"minecraft:iron_axe":1,"minecraft:raw_copper":64,"simplefarming:sorghum_seeds":1,"projectvibrantjourneys:reeds":2,"ecologics:walnut_sapling":9,"simplefarming:barley_seeds":2,"crittersandcompanions:clam":1,"minecraft:egg":3,"minecraft:stick":35,"ecologics:walnut_log":9,"projectvibrantjourneys:bark_mushroom":2,"minecraft:torch":3,"minecraft:porkchop":2,"tombstone:grave_dust":1,"simplefarming:eggplant_seeds":1,"mores:raw_tin":10,"minecraft:arrow":4,"minecraft:rotten_flesh":6,"minecraft:stone_shovel":1,"autumnity:orange_maple_sapling":2,"simplefarming:strawberries":4,"crittersandcompanions:silk":3,"minecraft:pink_tulip":1,"projectvibrantjourneys:cattail":2,"minecraft:cobblestone":168,"born_in_chaos_v1:corpse_maggot":4,"autumnity:red_maple_sapling":1,"ecologics:walnut":11,"minecraft:feather":8,"minecraft:oak_log":44,"projectvibrantjourneys:rocks":2,"simplefarming:broccoli_seeds":1,"farm_and_charm:onion":35,"minecraft:dirt":383,"minecraft:bone":12,"minecraft:apple":23,"croptopia:sweetpotato":1,"minecraft:wheat_seeds":19,"simplefarming:honeydew_seeds":1,"minecraft:rabbit_hide":2,"minecraft:iron_ingot":1,"minecraft:cooked_chicken":1,"simplefarming:tomato_seeds":2,"minecraft:oak_planks":1,"simplefarming:corn_seeds":1,"minecraft:dandelion":1,"simplefarming:blueberries":1,"minecraft:spruce_log":1,"minecraft:spider_eye":1,"minecraft:slime_ball":1,"simplefarming:strawberry_bush":3,"iter_rpg:abyssquartz_shard":12,"croptopia:orange":11,"projectvibrantjourneys:twigs":11,"minecraft:oak_sapling":14,"projectvibrantjourneys:orange_bark_mushroom":1,"born_in_chaos_v1:rotten_fish":2,"mores:raw_silver":8,"simplefarming:cassava_seeds":1,"minecraft:coal":110},"minecraft:broken":{"minecraft:wooden_pickaxe":1,"minecraft:stone_shovel":3},"minecraft:mined":{"minecraft:grass_block":214,"autumnity:maple_log":5,"crittersandcompanions:silk_cocoon":1,"ecologics:walnut_log":9,"minecraft:stone":125,"simplefarming:strawberry_bush":1,"minecraft:dandelion":1,"minecraft:crafting_table":1,"minecraft:torch":2,"projectvibrantjourneys:twigs":5,"ecologics:walnut_leaves":1,"minecraft:tall_grass":23,"minecraft:oak_planks":1,"mores:tin_ore":3,"minecraft:wall_torch":1,"farm_and_charm:wild_onions":12,"born_in_chaos_v1:river_mint":3,"minecraft:grass":63,"minecraft:oak_log":45,"minecraft:coal_ore":4,"projectvibrantjourneys:short_grass":49,"minecraft:dirt":74,"mores:silver_ore":8,"minecraft:cobweb":1},"minecraft:dropped":{"minecraft:wheat_seeds":2,"minecraft:iron_helmet":1,"minecraft:cobblestone":1,"mores:tin_ingot":1,"projectvibrantjourneys:orange_bark_mushroom":1,"minecraft:coal":15,"projectvibrantjourneys:rocks":1,"minecraft:stick":8,"minecraft:gold_block":1,"born_in_chaos_v1:river_mint":3,"minecraft:iron_axe":1,"projectvibrantjourneys:bark_mushroom":1,"projectvibrantjourneys:reeds":1,"minecraft:bone":4,"simplefarming:tomato_seeds":2,"mores:cobalt_apple":5,"minecraft:raw_copper":64,"minecraft:iron_boots":1,"iter_rpg:abyssquartz_shard":12,"minecraft:potato":2,"spartanweaponry:stone_boomerang":2,"simplefarming:strawberry_bush":2,"mores:raw_silver":8,"simplefarming:strawberries":1,"minecraft:spider_eye":1,"minecraft:slime_ball":1,"minecraft:wooden_pickaxe":1,"simplefarming:barley_seeds":1,"simplefarming:eggplant_seeds":1,"simplefarming:sorghum_seeds":1,"projectvibrantjourneys:ice_chunks":1},"minecraft:crafted":{"minecraft:oak_planks":84,"minecraft:stone_shovel":2,"ecologics:walnut_planks":28,"minecraft:furnace":3,"mores:tin_ingot":16,"minecraft:stone_pickaxe":1,"minecraft:chest":8,"autumnity:maple_planks":20,"spartanweaponry:stone_boomerang":1,"minecraft:cooked_porkchop":2,"mores:tin_chestplate":1,"minecraft:crafting_table":1,"minecraft:wooden_pickaxe":1,"minecraft:baked_potato":9,"minecraft:campfire":1,"minecraft:stone_axe":1,"mores:tin_leggings":1,"minecraft:air":0,"woodworks:oak_chest":2,"minecraft:stick":11,"minecraft:stone_sword":1,"minecraft:torch":4},"minecraft:custom":{"minecraft:mob_kills":18,"minecraft:interact_with_crafting_table":20,"minecraft:interact_with_campfire":1,"minecraft:leave_game":5,"minecraft:time_since_death":93177,"minecraft:sprint_one_cm":513537,"minecraft:walk_one_cm":466700,"minecraft:drop":47,"minecraft:play_time":188088,"minecraft:deaths":5,"minecraft:sneak_time":1219,"minecraft:walk_under_water_one_cm":10676,"tombstone:tomb_raiding":1,"minecraft:jump":4538,"minecraft:interact_with_blast_furnace":1,"minecraft:walk_on_water_one_cm":16649,"minecraft:total_world_time":188088,"minecraft:interact_with_furnace":19,"minecraft:sleep_in_bed":2,"minecraft:time_since_rest":93017,"minecraft:damage_taken":3586,"minecraft:damage_absorbed":40,"minecraft:damage_dealt":2758,"minecraft:swim_one_cm":15006,"minecraft:fly_one_cm":1075192,"minecraft:player_kills":1,"minecraft:open_chest":50,"minecraft:crouch_one_cm":3480,"tombstone:undead_killed":6,"tombstone:villager_killed":1,"minecraft:fall_one_cm":129092},"minecraft:killed":{"born_in_chaos_v1:zombie_lumberjack":1,"minecraft:spider":1,"naturalist:robin":2,"born_in_chaos_v1:maggot":2,"naturalist:snail":2,"minecraft:skeleton":2,"minecraft:chicken":1,"bakery:wandering_baker":1,"minecraft:zombie":3,"born_in_chaos_v1:corpse_fly":1,"iter_rpg:scallop":1},"minecraft:used":{"minecraft:stone_sword":54,"ecologics:walnut_log":2,"minecraft:stone_shovel":319,"woodworks:oak_chest":2,"minecraft:chest":8,"minecraft:iron_sword":16,"minecraft:cooked_chicken":1,"minecraft:torch":7,"minecraft:dirt":379,"farm_and_charm:onion":52,"projectvibrantjourneys:bark_mushroom":1,"simplefarming:blueberries":1,"born_in_chaos_v1:corpse_maggot":4,"neapolitan:strawberry_scones":5,"autumnity:maple_planks":7,"neapolitan:vanilla_fudge":6,"croptopia:peach":18,"minecraft:furnace":3,"autumnity:red_maple_sapling":1,"ecologics:walnut":11,"tombstone:gift":1,"minecraft:egg":3,"projectvibrantjourneys:mossy_rocks":1,"minecraft:pink_tulip":1,"minecraft:stone_pickaxe":100,"minecraft:baked_potato":9,"minecraft:oak_planks":65,"minecraft:wooden_pickaxe":42,"ecologics:walnut_sapling":3,"born_in_chaos_v1:stimulating_decoction":1,"simplefarming:strawberries":3,"minecraft:golden_apple":1,"farmersdelight:onion":3,"minecraft:crafting_table":2,"minecraft:campfire":1,"croptopia:sweetpotato":1,"croptopia:orange":13,"bakery:bread_knife":13,"minecraft:apple":18,"projectvibrantjourneys:twigs":4,"simplefarming:strawberry_bush":1,"minecraft:bread":7,"spartanweaponry:stone_boomerang":11,"tombstone:grave_key":1,"projectvibrantjourneys:ice_chunks":1,"minecraft:stone_axe":70,"croptopia:avocado":5,"mores:cobalt_apple":2,"born_in_chaos_v1:rotten_fish":1,"projectvibrantjourneys:reeds":1,"minecraft:cooked_porkchop":2,"minecraft:dandelion":1}},"DataVersion":3465}