{"stats":{"minecraft:crafted":{"minecraft:oak_planks":84,"ecologics:walnut_planks":28,"mores:tin_ingot":16,"minecraft:chest":8,"autumnity:maple_planks":20,"spartanweaponry:stone_boomerang":1,"minecraft:cooked_porkchop":2,"mores:tin_chestplate":1,"minecraft:crafting_table":1,"minecraft:spruce_planks":192,"minecraft:wooden_pickaxe":1,"minecraft:baked_potato":9,"minecraft:campfire":1,"minecraft:stick":11,"minecraft:iron_pickaxe":1,"minecraft:stone_sword":1,"minecraft:stone_shovel":2,"minecraft:furnace":3,"minecraft:spruce_wood":48,"minecraft:stone_pickaxe":1,"minecraft:stone_axe":1,"mores:tin_leggings":1,"minecraft:air":0,"woodworks:oak_chest":2,"minecraft:torch":4},"minecraft:dropped":{"croptopia:dragonfruit_sapling":1,"minecraft:iron_sword":1,"farm_and_charm:barley_seeds":3,"treasure2:diamond_key":1,"minecraft:llama_spawn_egg":2,"vinery:jungle_grape_seeds_white":2,"farm_and_charm:strawberry":1,"vinery:white_grape_seeds":2,"travelersbackpack:iron_tier_upgrade":2,"mores:tin_ingot":1,"simplefarming:mango_sapling":1,"projectvibrantjourneys:orange_bark_mushroom":1,"farmersdelight:rice":2,"minecraft:gold_block":1,"minecraft:dirt":64,"projectvibrantjourneys:bark_mushroom":1,"projectvibrantjourneys:reeds":1,"vinery:taiga_grape_seeds_white":2,"farm_and_charm:rotten_tomato":1,"croptopia:walnut_sapling":1,"minecraft:bone":4,"croptopia:orange_sapling":1,"vinery:red_grape_seeds":2,"croptopia:mango_sapling":1,"treasure2:diamond_lock":2,"fastfooddelight:chicken_wrap":1,"mores:cobalt_apple":5,"vinery:taiga_grape_seeds_red":2,"minecraft:pig_spawn_egg":2,"vinery:dark_cherry_sapling":3,"minecraft:goat_spawn_egg":2,"treasure2:gold_coin":1,"mores:stone_mace":2,"minecraft:rotten_flesh":1,"minecraft:diamond_shovel":1,"travelersbackpack:netherite_tier_upgrade":2,"naturalist:duck_spawn_egg":2,"croptopia:persimmon_sapling":1,"croptopia:almond_sapling":1,"simplefarming:olive_sapling":1,"simplefarming:scarecrow":1,"treasure2:silver_coin":1,"farm_and_charm:tomato_seeds":4,"travelersbackpack:hay":3,"iter_rpg:abyssquartz_shard":12,"croptopia:apple_sapling":1,"travelersbackpack:gold_tier_upgrade":2,"vinery:savanna_grape_seeds_white":1,"brewery:hops":6,"croptopia:coconut_sapling":1,"spartanweaponry:stone_boomerang":2,"treasure2:copper_coin":1,"autumnity:turkey_spawn_egg":2,"simplefarming:strawberry_bush":2,"simplefarming:strawberries":1,"simplefarming:banana_sapling":1,"simplefarming:barley_seeds":1,"croptopia:banana_sapling":1,"simplefarming:plum_sapling":1,"projectvibrantjourneys:ice_chunks":1,"croptopia:lemon_sapling":1,"farm_and_charm:wild_onions":1,"croptopia:peach_sapling":1,"travelersbackpack:cow":1,"minecraft:wheat_seeds":4,"croptopia:date_sapling":1,"minecraft:cobbled_deepslate_stairs":128,"croptopia:starfruit_sapling":1,"croptopia:cinnamon_sapling":1,"farm_and_charm:wild_ribwort":1,"croptopia:kumquat_sapling":1,"minecraft:iron_helmet":2,"minecraft:cobblestone":1,"minecraft:sheep_spawn_egg":2,"minecraft:tropical_fish":1,"minecraft:chicken_spawn_egg":2,"vinery:jungle_grape_seeds_red":2,"minecraft:coal":15,"projectvibrantjourneys:rocks":1,"minecraft:stick":8,"farm_and_charm:wild_beetroots":1,"argentinas_delight:mateconyuyos":1,"simplefarming:pear_sapling":1,"born_in_chaos_v1:river_mint":3,"travelersbackpack:blank_upgrade":2,"minecraft:iron_leggings":1,"croptopia:lime_sapling":1,"croptopia:nutmeg_sapling":1,"farm_and_charm:onion":4,"croptopia:pear_sapling":1,"minecraft:iron_axe":2,"iter_rpg:coin":1,"simplefarming:apricot_sapling":1,"vinery:savanna_grape_seeds_red":2,"simplefarming:orange_sapling":1,"vanillaplustools:diamond_hammer":2,"farm_and_charm:oat_seeds":3,"simplefarming:tomato_seeds":2,"croptopia:avocado_sapling":1,"minecraft:raw_copper":64,"minecraft:deepslate":192,"farm_and_charm:kernels":2,"croptopia:apricot_sapling":1,"minecraft:iron_boots":2,"simplefarming:apple_sapling":1,"croptopia:cashew_sapling":1,"minecraft:cobbled_deepslate_slab":64,"croptopia:nectarine_sapling":1,"travelersbackpack:diamond_tier_upgrade":2,"minecraft:donkey_spawn_egg":2,"croptopia:plum_sapling":1,"croptopia:grapefruit_sapling":1,"minecraft:potato":2,"farm_and_charm:lettuce":1,"minecraft:rabbit_spawn_egg":2,"farm_and_charm:strawberry_seeds":1,"minecraft:sea_pickle":1,"minecraft:iron_chestplate":1,"minecraft:diamond_pickaxe":1,"croptopia:pecan_sapling":1,"farm_and_charm:lettuce_seeds":3,"travelersbackpack:crafting_upgrade":2,"mores:raw_silver":8,"simplefarming:cherry_sapling":1,"croptopia:cherry_sapling":1,"farm_and_charm:wild_corn":1,"minecraft:spider_eye":4,"minecraft:cow_spawn_egg":2,"minecraft:slime_ball":1,"minecraft:wooden_pickaxe":1,"minecraft:horse_spawn_egg":2,"farm_and_charm:tomato":2,"croptopia:fig_sapling":1,"simplefarming:eggplant_seeds":1,"vanillaplustools:diamond_shovel":2,"simplefarming:sorghum_seeds":1},"minecraft:mined":{"minecraft:spruce_planks":10,"minecraft:grass_block":2563,"autumnity:maple_log":5,"ecologics:walnut_log":9,"minecraft:torch":3,"minecraft:blast_furnace":1,"projectvibrantjourneys:twigs":5,"minecraft:chest":1,"minecraft:cobblestone":1,"minecraft:oak_planks":30,"minecraft:wall_torch":1,"farm_and_charm:wild_onions":12,"born_in_chaos_v1:river_mint":3,"minecraft:grass":64,"minecraft:oak_log":45,"projectvibrantjourneys:short_grass":52,"minecraft:dirt":2940,"mores:silver_ore":9,"minecraft:furnace":1,"crittersandcompanions:silk_cocoon":1,"minecraft:stone":1179,"simplefarming:strawberry_bush":1,"mores:cobalt_ore":8,"minecraft:dandelion":1,"minecraft:crafting_table":2,"ecologics:walnut_leaves":1,"minecraft:tall_grass":23,"mores:tin_ore":6,"minecraft:coarse_dirt":2,"minecraft:coal_ore":7,"minecraft:gravel":20,"minecraft:cobweb":1},"minecraft:picked_up":{"minecraft:wheat":14,"autumnity:maple_log":5,"tombstone:tablet_of_home":1,"projectvibrantjourneys:ice_chunks":2,"projectvibrantjourneys:mossy_rocks":1,"minecraft:string":7,"simplefarming:zucchini_seeds":1,"minecraft:raw_copper":64,"vinery:savanna_grapes_red":2,"minecraft:sea_pickle":1,"minecraft:cherry_boat":1,"minecraft:cobbled_deepslate":3,"minecraft:spruce_planks":12,"minecraft:white_tulip":1,"minecraft:furnace":1,"minecraft:stick":42,"ecologics:walnut_log":9,"minecraft:torch":9,"travelersbackpack:iron_tier_upgrade":1,"travelersbackpack:diamond_tier_upgrade":1,"minecraft:porkchop":2,"simplefarming:raspberries":2,"mores:topaz_gem":1,"tombstone:grave_dust":8,"travelersbackpack:crafting_upgrade":1,"mores:raw_tin":19,"minecraft:orange_bed":5,"minecraft:rotten_flesh":20,"simplefarming:pepper_seeds":1,"minecraft:tropical_fish":1,"projectvibrantjourneys:cattail":3,"minecraft:cobblestone":1160,"ecologics:walnut":17,"minecraft:feather":10,"minecraft:lilac":5,"minecraft:cherry_planks":30,"minecraft:potato":1,"bakery:sweet_dough":1,"minecraft:horn_coral":1,"projectvibrantjourneys:rocks":2,"travelersbackpack:gold_tier_upgrade":1,"minecraft:dirt":4727,"minecraft:lantern":10,"simplefarming:cucumber_seeds":4,"minecraft:bone":19,"croptopia:corn":1,"croptopia:sweetpotato":1,"minecraft:wheat_seeds":403,"simplefarming:kenaf_seeds":1,"minecraft:cobbled_deepslate_slab":65,"simplefarming:tomato_seeds":5,"minecraft:oak_planks":30,"simplefarming:peanut_seeds":1,"simplefarming:corn_seeds":2,"iter_rpg:seashell":1,"simplefarming:radish_seeds":2,"farm_and_charm:strawberry_seeds":1,"treasure2:safe":1,"mores:raw_cobalt":8,"minecraft:ink_sac":1,"minecraft:lily_of_the_valley":4,"quark:blossom_sign":1,"naturalist:duck_egg":1,"neapolitan:strawberries":10,"simplefarming:corn":2,"minecraft:deepslate":192,"iter_rpg:abyssquartz_shard":12,"minecraft:oak_sapling":21,"born_in_chaos_v1:rotten_fish":3,"mores:raw_silver":17,"simplefarming:cassava_seeds":9,"simplefarming:pea_seeds":2,"minecraft:coarse_dirt":1,"minecraft:crafting_table":2,"minecraft:azure_bluet":3,"travelersbackpack:hay":1,"minecraft:chicken":1,"born_in_chaos_v1:river_mint":18,"croptopia:peach":18,"simplefarming:yam":1,"treasure2:diamond_lock":1,"croptopia:sweetpotato_seed":2,"minecraft:wooden_pickaxe":2,"mores:turquoise_horse_armor":2,"simplefarming:eggplant":2,"minecraft:moss_carpet":4,"simplefarming:sorghum_seeds":3,"minecraft:iron_axe":1,"minecraft:flint_and_steel":1,"projectvibrantjourneys:reeds":2,"ecologics:walnut_sapling":13,"simplefarming:oat_seeds":2,"iter_rpg:coin":1,"croptopia:pepper_seed":2,"minecraft:poppy":4,"minecraft:chest":1,"minecraft:sugar_cane":1,"minecraft:birch_sapling":1,"simplefarming:barley_seeds":4,"crittersandcompanions:clam":1,"minecraft:egg":3,"naturalist:duck":1,"croptopia:corn_seed":2,"projectvibrantjourneys:bark_mushroom":4,"travelersbackpack:netherite_tier_upgrade":1,"simplefarming:yam_seeds":5,"minecraft:carrot":48,"simplefarming:eggplant_seeds":3,"simplefarming:cassava":6,"minecraft:arrow":6,"minecraft:stone_shovel":6,"minecraft:shears":1,"mores:stone_mace":2,"simplefarming:strawberries":4,"autumnity:orange_maple_sapling":2,"crittersandcompanions:silk":3,"farm_and_charm:strawberry":5,"simplefarming:ginger_seeds":1,"minecraft:pink_tulip":13,"croptopia:pepper":1,"born_in_chaos_v1:fused_bone":2,"born_in_chaos_v1:corpse_maggot":7,"autumnity:red_maple_sapling":1,"vinery:dark_cherry_door":3,"simplefarming:soybean_seeds":3,"simplefarming:soybean":2,"minecraft:red_mushroom":1,"simplefarming:rye_seeds":1,"brewery:wooden_brewingstation":2,"minecraft:oak_log":44,"minecraft:gunpowder":5,"simplefarming:broccoli_seeds":1,"farm_and_charm:onion":35,"simplefarming:grape_seeds":1,"minecraft:apple":23,"minecraft:kelp":1,"minecraft:rabbit_hide":2,"simplefarming:honeydew_seeds":1,"minecraft:iron_ingot":1,"minecraft:cooked_chicken":1,"spartanweaponry:iron_dagger":1,"travelersbackpack:blank_upgrade":3,"projectvibrantjourneys:light_brown_bark_mushroom":3,"simplefarming:rice_seeds":1,"minecraft:dandelion":14,"simplefarming:blueberries":1,"minecraft:gravel":16,"minecraft:blast_furnace":1,"minecraft:spruce_log":385,"simplefarming:cucumber":2,"minecraft:spider_eye":6,"treasure2:copper_coin":1,"simplefarming:tomato":2,"treasure2:diamond_key":1,"minecraft:slime_ball":1,"simplefarming:strawberry_bush":3,"treasure2:silver_coin":1,"mores:anthracite":3,"croptopia:orange":11,"treasure2:gold_coin":1,"minecraft:scute":1,"minecraft:cherry_sapling":15,"tombstone:magic_scroll":1,"projectvibrantjourneys:orange_bark_mushroom":3,"projectvibrantjourneys:twigs":11,"simplefarming:cotton_seeds":3,"minecraft:coal":113},"minecraft:custom":{"minecraft:interact_with_crafting_table":22,"minecraft:open_barrel":14,"minecraft:leave_game":9,"minecraft:time_since_death":465088,"minecraft:sprint_one_cm":1038615,"minecraft:drop":197,"minecraft:play_time":559999,"minecraft:deaths":5,"tombstone:tomb_raiding":1,"minecraft:jump":8441,"minecraft:walk_on_water_one_cm":20435,"minecraft:interact_with_furnace":19,"minecraft:sleep_in_bed":2,"minecraft:damage_dealt":7393,"minecraft:player_kills":1,"minecraft:crouch_one_cm":10490,"tombstone:undead_killed":17,"tombstone:villager_killed":1,"minecraft:interact_with_smoker":3,"minecraft:interact_with_smithing_table":1,"minecraft:mob_kills":39,"minecraft:interact_with_anvil":2,"minecraft:interact_with_campfire":1,"minecraft:walk_one_cm":1029967,"minecraft:sneak_time":3716,"minecraft:walk_under_water_one_cm":32913,"minecraft:interact_with_blast_furnace":2,"minecraft:total_world_time":559999,"tombstone:raider_killed":2,"minecraft:time_since_rest":464928,"minecraft:damage_taken":4172,"minecraft:damage_absorbed":40,"minecraft:swim_one_cm":16433,"minecraft:fly_one_cm":5562555,"minecraft:open_chest":92,"minecraft:fall_one_cm":144912},"minecraft:used":{"minecraft:iron_shovel":166,"minecraft:chest":11,"minecraft:stone":1,"minecraft:iron_sword":109,"mcwdoors:sliding_glass_door":1,"simplefarming:blueberries":1,"born_in_chaos_v1:corpse_maggot":4,"minecraft:lantern":10,"minecraft:grass_block":236,"autumnity:maple_planks":7,"neapolitan:vanilla_fudge":6,"minecraft:stone_bricks":298,"croptopia:peach":18,"minecraft:oak_sapling":4,"minecraft:furnace":4,"autumnity:red_maple_sapling":1,"minecraft:egg":3,"projectvibrantjourneys:mossy_rocks":1,"minecraft:stone_pickaxe":100,"minecraft:oak_planks":85,"minecraft:wooden_pickaxe":42,"minecraft:oak_leaves":199,"minecraft:golden_apple":1,"simplefarming:strawberries":3,"farm_and_charm:silo_wood":5,"simplefarming:yam":1,"farmersdelight:rice":1,"vinery:dark_cherry_door":2,"croptopia:orange":13,"bakery:bread_knife":13,"fastfooddelight:lemon_soda":1,"minecraft:light_gray_concrete":23,"minecraft:bread":7,"tombstone:grave_key":1,"minecraft:deepslate":1,"projectvibrantjourneys:ice_chunks":1,"croptopia:avocado":5,"luphieclutteredmod:luphie_darkwood_round_table":1,"born_in_chaos_v1:rotten_fish":1,"minecraft:smithing_table":2,"autumnity:turkey_spawn_egg":1,"minecraft:smooth_stone_slab":9,"minecraft:bone_meal":28,"minecraft:stone_sword":54,"ecologics:walnut_log":2,"minecraft:stone_shovel":319,"woodworks:oak_chest":2,"minecraft:spruce_planks":66,"refurbished_furniture:orange_sofa":1,"vanillaplustools:gold_shovel":28,"minecraft:cooked_chicken":1,"minecraft:torch":7,"naturalist:duck_spawn_egg":1,"minecraft:dirt":962,"minecraft:anvil":3,"farm_and_charm:onion":52,"projectvibrantjourneys:bark_mushroom":1,"minecraft:golden_shovel":66,"moa_decor_garden_:bancarobleosc":22,"neapolitan:strawberry_scones":5,"luphieclutteredmod:luphie_sewing_table":1,"minecraft:oak_stairs":2,"minecraft:tall_grass":1,"ecologics:walnut":11,"tombstone:gift":2,"quark:blossom_planks":2,"treasure2:safe":1,"minecraft:cobbled_deepslate":30,"minecraft:iron_leggings":1,"minecraft:water_bucket":30,"minecraft:pink_tulip":1,"luphieclutteredmod:luphie_lunar_observatory_table":1,"minecraft:birch_planks":2,"quark:cobblestone_bricks":19,"minecraft:baked_potato":18,"minecraft:mud_brick_slab":19,"simplefarming:soybean":1,"ecologics:walnut_sapling":3,"born_in_chaos_v1:stimulating_decoction":1,"farmersdelight:onion":3,"farm_and_charm:strawberry":2,"minecraft:crafting_table":2,"simplefarming:tomato":2,"vanillaplustools:stone_shovel":37,"mcwfences:modern_stone_brick_wall":90,"minecraft:campfire":1,"croptopia:sweetpotato":1,"simplefarming:cassava":3,"minecraft:apple":18,"projectvibrantjourneys:twigs":4,"simplefarming:strawberry_bush":1,"minecraft:iron_pickaxe":16,"spartanweaponry:stone_boomerang":11,"quark:light_gray_framed_glass_pane":5,"minecraft:stone_axe":112,"minecraft:cobblestone":80,"mores:cobalt_apple":2,"mores:tin_chestplate":1,"minecraft:cobbled_deepslate_slab":51,"projectvibrantjourneys:reeds":1,"mcwlights:classic_street_lamp":71,"minecraft:cooked_porkchop":2,"minecraft:stripped_oak_log":9,"minecraft:dandelion":1},"minecraft:broken":{"minecraft:stone_shovel":3,"minecraft:wooden_pickaxe":1},"minecraft:killed":{"minecraft:witch":2,"born_in_chaos_v1:zombie_lumberjack":1,"born_in_chaos_v1:skeleton_demoman":1,"minecraft:spider":2,"naturalist:robin":2,"born_in_chaos_v1:siamese_skeletonsright":1,"naturalist:snail":2,"minecraft:skeleton":3,"minecraft:chicken":1,"iter_rpg:spiderling":1,"minecraft:creeper":2,"bakery:wandering_baker":1,"minecraft:zombie":8,"born_in_chaos_v1:corpse_fly":1,"born_in_chaos_v1:siamese_skeletonsleft":1,"born_in_chaos_v1:maggot":2,"born_in_chaos_v1:corpse_fish":1,"born_in_chaos_v1:barrel_zombie":1,"born_in_chaos_v1:decrepit_skeleton":1,"iter_rpg:giant_spider":2,"iter_rpg:scallop":2}},"DataVersion":3465}