{"stats":{"minecraft:used":{"minecraft:beetroot":4,"mteg:glock_17":22,"quark:cobblestone_bricks_slab":124,"minecraft:chest":11,"minecraft:stone":7,"customnpcs:npcwand":1,"minecraft:rotten_flesh":2,"minecraft:grass_block":875,"minecraft:polished_andesite_stairs":36,"minecraft:stone_brick_stairs":20,"croptopia:peach":19,"minecraft:furnace":4,"minecraft:oak_sapling":4,"autumnity:red_maple_sapling":1,"minecraft:egg":3,"minecraft:potato":1,"projectvibrantjourneys:mossy_rocks":1,"jeg:water_bomb":1,"minecraft:deepslate_brick_wall":97,"projectvibrantjourneys:rocks":1,"minecraft:wooden_pickaxe":42,"aurorasarsenal:mosin":9,"treasure2:iron_mace":2,"jeg:assault_rifle":28,"spartanweaponry:iron_boomerang":21,"naturalist:duck_egg":21,"minecraft:oak_leaves":199,"minecraft:golden_apple":11,"farm_and_charm:silo_wood":5,"minecraft:blast_furnace":1,"simplefarming:yam":1,"farmersdelight:rice":1,"vinery:dark_cherry_door":2,"croptopia:orange":21,"another_furniture:dark_oak_drawer":4,"mcwlights:white_ceiling_light":2,"projectvibrantjourneys:ice_chunks":1,"minecraft:polished_andesite_slab":22,"minecraft:diamond_sword":259,"minecraft:smithing_table":2,"vanillaplustools:diamond_shovel":170,"minecraft:iron_bars":2,"minecraft:stone_sword":54,"ecologics:walnut_log":2,"minecraft:netherrack":6,"quark:granite_bricks":59,"minecraft:torch":16,"simplefarming:eggplant":2,"minecraft:anvil":3,"farm_and_charm:onion":52,"minecraft:golden_shovel":66,"luphieclutteredmod:luphie_sewing_table":1,"treasure2:compressor_chest":2,"minecraft:iron_axe":502,"minecraft:mud_bricks":10,"minecraft:barrel":1,"minecraft:tall_grass":1,"minecraft:oxidized_copper":1,"ecologics:walnut":11,"quark:blossom_planks":2,"tombstone:gift":6,"treasure2:safe":1,"minecraft:cobbled_deepslate":30,"farm_and_charm:tomato":3,"minecraft:wheat_seeds":24,"minecraft:water_bucket":30,"luphieclutteredmod:luphie_lunar_observatory_table":1,"minecraft:birch_planks":2,"quark:cobblestone_bricks":19,"butcher:butchers_knife":2,"simplefarming:soybean":1,"minecraft:crafting_table":4,"simplefarming:tomato":2,"vanillaplustools:stone_shovel":37,"another_furniture:yellow_tall_stool":1,"minecraft:campfire":1,"minecraft:white_bed":1,"minecraft:blue_stained_glass_pane":42,"minecraft:diamond_pickaxe":362,"quark:vertical_birch_planks":82,"projectvibrantjourneys:twigs":6,"born_in_chaos_v1:black_argillite_column":1,"simplefarming:strawberry_bush":1,"minecraft:iron_pickaxe":90,"minecraft:spruce_trapdoor":3,"quark:light_gray_framed_glass_pane":5,"mores:cobalt_apple":2,"minecraft:cobblestone":118,"minecraft:potion":3,"mores:tin_chestplate":1,"minecraft:cooked_porkchop":2,"minecraft:stripped_oak_log":9,"minecraft:goat_spawn_egg":1,"refurbished_furniture:jungle_crate":4,"minecraft:dandelion":1,"mcwlights:wall_lantern":6,"minecraft:iron_shovel":262,"minecraft:shield":49,"minecraft:iron_sword":204,"mcwdoors:sliding_glass_door":1,"minecraft:carrot":16,"simplefarming:blueberries":1,"mores:alloy_furnace":1,"jeg:grenade":11,"born_in_chaos_v1:corpse_maggot":12,"minecraft:bricks":132,"minecraft:lantern":10,"autumnity:maple_planks":7,"minecraft:iron_helmet":1,"neapolitan:vanilla_fudge":6,"minecraft:stone_bricks":307,"minecraft:bedrock":32,"minecraft:dark_oak_stairs":4,"luphieclutteredmod:luphie_tall_sketchbook_stack":1,"luphieclutteredmod:luphie_black_armchair":1,"quark:framed_glass_pane":14,"minecraft:stone_pickaxe":100,"minecraft:oak_planks":95,"simplefarming:strawberries":5,"another_furniture:blue_curtain":8,"bakery:bread_knife":13,"minecraft:black_concrete":47,"fastfooddelight:lemon_soda":1,"minecraft:light_gray_concrete":23,"minecraft:bread":40,"tombstone:grave_key":1,"minecraft:deepslate":1,"croptopia:avocado":5,"luphieclutteredmod:luphie_darkwood_round_table":1,"born_in_chaos_v1:rotten_fish":1,"autumnity:foul_berries":11,"autumnity:turkey_spawn_egg":1,"minecraft:smooth_stone_slab":9,"minecraft:white_concrete":1259,"minecraft:bone_meal":28,"minecraft:experience_bottle":21,"jeg:stun_grenade":13,"minecraft:stone_shovel":319,"woodworks:oak_chest":2,"minecraft:spruce_planks":787,"refurbished_furniture:orange_sofa":1,"vanillaplustools:gold_shovel":28,"butcher:goat_corpse_item":1,"minecraft:cooked_chicken":3,"mcwdoors:spruce_barn_glass_door":2,"moa_decor_electronics:aire_acondicionado":2,"naturalist:duck_spawn_egg":1,"minecraft:dirt":1247,"minecraft:spruce_stairs":21,"projectvibrantjourneys:bark_mushroom":1,"minecraft:golden_chestplate":1,"minecraft:granite":42,"moa_decor_garden_:bancarobleosc":22,"farm_and_charm:corn":32,"neapolitan:strawberry_scones":5,"minecraft:oak_stairs":2,"minecraft:iron_boots":1,"minecraft:golden_carrot":4,"mores:bronze_apple":1,"moa_decor_electronics:reloj_despertador_gris_claro":1,"minecraft:enchanted_golden_apple":1,"minecraft:iron_leggings":1,"minecraft:brown_bed":4,"minecraft:cooked_mutton":2,"minecraft:pink_tulip":1,"minecraft:baked_potato":81,"minecraft:mud_brick_slab":144,"ecologics:walnut_sapling":3,"born_in_chaos_v1:stimulating_decoction":1,"spartanshields:iron_tower_shield":12,"farmersdelight:onion":3,"farm_and_charm:strawberry":4,"mcwfences:modern_stone_brick_wall":90,"simplefarming:blackberries":3,"croptopia:sweetpotato":1,"simplefarming:cassava":3,"simplefarming:cucumber":2,"minecraft:apple":22,"spartanweaponry:stone_boomerang":11,"minecraft:stone_axe":140,"luphieclutteredmod:luphie_cluttered_havana_cabinet":1,"minecraft:cobbled_deepslate_slab":51,"projectvibrantjourneys:reeds":1,"minecraft:white_banner":1,"mcwlights:classic_street_lamp":71},"minecraft:mined":{"minecraft:oxeye_daisy":1,"autumnity:maple_log":5,"minecraft:spawner":7,"projectvibrantjourneys:reeds":1,"minecraft:oak_stairs":3,"minecraft:torch":6,"minecraft:blast_furnace":1,"projectvibrantjourneys:twigs":5,"minecraft:oxidized_copper":1,"projectvibrantjourneys:fallen_leaves":1,"minecraft:damaged_anvil":1,"minecraft:stone_brick_stairs":5,"minecraft:copper_block":31,"minecraft:grass":106,"projectvibrantjourneys:short_grass":72,"mores:silver_ore":14,"minecraft:mossy_cobblestone":3,"minecraft:vine":14,"minecraft:oak_slab":35,"minecraft:dandelion":6,"ecologics:walnut_leaves":1,"minecraft:tall_grass":53,"minecraft:copper_ore":3,"mores:tin_ore":6,"minecraft:coarse_dirt":2,"minecraft:spruce_log":4,"minecraft:gravel":20,"minecraft:cobweb":3,"minecraft:acacia_planks":8,"minecraft:fern":1,"treasure2:compressor_chest":2,"minecraft:spruce_planks":178,"minecraft:grass_block":3122,"minecraft:white_concrete":71,"minecraft:iron_ore":1,"minecraft:iron_bars":2,"ecologics:walnut_log":9,"minecraft:poppy":2,"minecraft:chest":3,"minecraft:cobblestone":81,"minecraft:slime_block":2,"minecraft:oak_planks":237,"minecraft:wall_torch":3,"minecraft:seagrass":2,"farm_and_charm:wild_onions":12,"projectvibrantjourneys:bones":2,"born_in_chaos_v1:river_mint":9,"minecraft:oak_log":45,"minecraft:dirt":3401,"minecraft:netherrack":6,"minecraft:decorated_pot":2,"born_in_chaos_v1:black_argillite_column":1,"minecraft:furnace":1,"crittersandcompanions:silk_cocoon":1,"minecraft:stripped_acacia_log":4,"minecraft:stone":1381,"simplefarming:strawberry_bush":1,"mores:cobalt_ore":13,"minecraft:crafting_table":2,"minecraft:spruce_stairs":21,"minecraft:coal_ore":7,"iter_rpg:spider_egg":1,"minecraft:mossy_stone_bricks":2},"minecraft:killed_by":{"minecraft:player":1},"minecraft:broken":{"minecraft:iron_boots":1,"minecraft:wooden_pickaxe":1,"minecraft:iron_axe":2,"minecraft:iron_shovel":1,"minecraft:stone_axe":1,"minecraft:stone_shovel":3,"minecraft:diamond_chestplate":1,"mores:tin_chestplate":1},"minecraft:killed":{"born_in_chaos_v1:restless_spirit":1,"born_in_chaos_v1:zombie_lumberjack":3,"born_in_chaos_v1:skeleton_demoman":1,"naturalist:robin":2,"born_in_chaos_v1:siamese_skeletonsright":1,"minecraft:skeleton":9,"minecraft:chicken":2,"minecraft:pillager":4,"minecraft:zombie":23,"born_in_chaos_v1:corpse_fly":9,"minecraft:vindicator":1,"born_in_chaos_v1:barrel_zombie":3,"born_in_chaos_v1:spiritof_chaos":1,"enemyexpansion:sprinter":1,"born_in_chaos_v1:decrepit_skeleton":3,"iter_rpg:giant_spider":4,"minecraft:enderman":1,"minecraft:witch":4,"minecraft:spider":5,"naturalist:snail":2,"minecraft:zombie_villager":4,"iter_rpg:spiderling":10,"minecraft:creeper":4,"bakery:wandering_baker":1,"minecraft:stray":1,"iter_rpg:bloated":1,"born_in_chaos_v1:siamese_skeletonsleft":1,"born_in_chaos_v1:maggot":8,"born_in_chaos_v1:corpse_fish":1,"iter_rpg:scallop":4,"minecraft:wither_skeleton":4},"minecraft:custom":{"minecraft:interact_with_crafting_table":36,"minecraft:open_barrel":43,"minecraft:leave_game":11,"minecraft:time_since_death":55338,"minecraft:damage_blocked_by_shield":3844,"minecraft:play_time":1108748,"minecraft:deaths":7,"tombstone:tomb_raiding":1,"minecraft:jump":15680,"minecraft:interact_with_furnace":50,"minecraft:sleep_in_bed":11,"minecraft:damage_dealt":21665,"tombstone:undead_killed":55,"minecraft:interact_with_smoker":3,"minecraft:horse_one_cm":1212,"minecraft:interact_with_smithing_table":2,"minecraft:interact_with_anvil":3,"minecraft:inspect_hopper":2,"minecraft:sneak_time":11413,"minecraft:interact_with_blast_furnace":15,"minecraft:total_world_time":1108748,"tombstone:raider_killed":9,"minecraft:interact_with_stonecutter":2,"minecraft:time_since_rest":55124,"minecraft:swim_one_cm":37500,"minecraft:fly_one_cm":8443674,"minecraft:open_chest":325,"minecraft:fall_one_cm":302011,"minecraft:damage_resisted":331,"minecraft:sprint_one_cm":2260828,"minecraft:drop":325,"minecraft:walk_on_water_one_cm":36161,"minecraft:player_kills":2,"minecraft:crouch_one_cm":37842,"tombstone:villager_killed":1,"minecraft:mob_kills":121,"minecraft:interact_with_campfire":1,"minecraft:damage_dealt_resisted":417,"minecraft:climb_one_cm":14255,"minecraft:walk_one_cm":2254391,"minecraft:walk_under_water_one_cm":54855,"spartanshields:shield_bash_hits":38,"minecraft:damage_taken":14100,"minecraft:damage_absorbed":302},"minecraft:dropped":{"minecraft:iron_sword":2,"minecraft:glow_ink_sac":1,"minecraft:glass_bottle":4,"minecraft:diamond":24,"vinery:jungle_grape_seeds_white":2,"farm_and_charm:strawberry":1,"vinery:white_grape_seeds":2,"travelersbackpack:iron_tier_upgrade":2,"minecraft:saddle":1,"mores:tin_ingot":1,"minecraft:camel_spawn_egg":2,"neapolitan:strawberry_milkshake":1,"minecraft:rail":1,"projectvibrantjourneys:orange_bark_mushroom":1,"minecraft:gold_block":1,"minecraft:dirt":367,"simplefarming:rye_seeds":1,"minecraft:iron_pickaxe":1,"simplefarming:lettuce_seeds":1,"minecraft:white_wool":1,"projectvibrantjourneys:reeds":1,"vinery:taiga_grape_seeds_white":2,"farm_and_charm:rotten_tomato":1,"minecraft:bone":5,"croptopia:orange_sapling":1,"fastfooddelight:chicken_wrap":1,"vinery:taiga_grape_seeds_red":2,"vinery:dark_cherry_sapling":3,"projectvibrantjourneys:twigs":1,"mores:stone_mace":2,"minecraft:rotten_flesh":8,"naturalist:duck_spawn_egg":2,"travelersbackpack:netherite_tier_upgrade":2,"simplefarming:cassava_seeds":3,"treasure2:silver_coin":54,"brewery:hops":6,"minecraft:tipped_arrow":1,"simplefarming:honeydew_seeds":1,"croptopia:coconut_sapling":1,"spartanweaponry:stone_boomerang":2,"treasure2:copper_coin":9,"simplefarming:strawberry_bush":2,"iter_rpg:spider_silk":1,"born_in_chaos_v1:marigolds":2,"croptopia:banana_sapling":1,"simplefarming:plum_sapling":1,"projectvibrantjourneys:ice_chunks":1,"croptopia:lemon_sapling":1,"travelersbackpack:cow":1,"spartanshields:iron_tower_shield":1,"minecraft:wheat_seeds":16,"croptopia:date_sapling":1,"minecraft:cobbled_deepslate_stairs":128,"croptopia:starfruit_sapling":1,"croptopia:cinnamon_sapling":1,"mores:tourmaline_chestplate":1,"farm_and_charm:wild_ribwort":1,"croptopia:kumquat_sapling":1,"minecraft:iron_helmet":3,"minecraft:cobblestone":4,"minecraft:sheep_spawn_egg":2,"minecraft:chicken_spawn_egg":2,"vinery:jungle_grape_seeds_red":2,"minecraft:coal":15,"minecraft:golden_apple":1,"projectvibrantjourneys:rocks":1,"farm_and_charm:wild_beetroots":1,"argentinas_delight:mateconyuyos":1,"simplefarming:pear_sapling":1,"travelersbackpack:blank_upgrade":2,"iter_rpg:coin":1,"simplefarming:apricot_sapling":1,"minecraft:iron_shovel":1,"minecraft:string":3,"simplefarming:orange_sapling":1,"vanillaplustools:diamond_hammer":2,"farm_and_charm:oat_seeds":3,"simplefarming:tomato_seeds":2,"mores:raw_tin":9,"minecraft:deepslate":192,"farm_and_charm:kernels":2,"minecraft:iron_boots":2,"minecraft:cobbled_deepslate_slab":64,"minecraft:diamond_ore":6,"minecraft:spruce_fence":128,"minecraft:shears":1,"farm_and_charm:lettuce":1,"minecraft:potato":3,"minecraft:rabbit_spawn_egg":2,"minecraft:sea_pickle":1,"minecraft:spruce_planks":47,"minecraft:diamond_pickaxe":2,"croptopia:pecan_sapling":1,"croptopia:cherry_sapling":1,"farm_and_charm:wild_corn":1,"minecraft:spider_eye":4,"minecraft:horse_spawn_egg":2,"farm_and_charm:tomato":2,"vanillaplustools:diamond_shovel":2,"croptopia:dragonfruit_sapling":1,"farm_and_charm:barley_seeds":5,"treasure2:diamond_key":1,"minecraft:llama_spawn_egg":2,"simplefarming:mango_sapling":1,"farmersdelight:rice":2,"simplefarming:pea_seeds":1,"minecraft:seagrass":1,"simplefarming:oat_seeds":1,"mores:tourmaline_leggings":1,"spartanshields:diamond_tower_shield":1,"mores:bronze_ingot":1,"projectvibrantjourneys:bark_mushroom":1,"croptopia:walnut_sapling":1,"vinery:red_grape_seeds":2,"croptopia:mango_sapling":1,"treasure2:diamond_lock":2,"simplefarming:blueberries":1,"mores:cobalt_apple":5,"minecraft:pig_spawn_egg":2,"minecraft:goat_spawn_egg":2,"born_in_chaos_v1:ethereal_spirit":2,"treasure2:gold_coin":1,"minecraft:diamond_shovel":1,"croptopia:persimmon_sapling":1,"croptopia:almond_sapling":1,"simplefarming:olive_sapling":1,"simplefarming:scarecrow":1,"farm_and_charm:tomato_seeds":4,"travelersbackpack:hay":3,"iter_rpg:abyssquartz_shard":12,"croptopia:apple_sapling":1,"travelersbackpack:gold_tier_upgrade":2,"minecraft:leather_chestplate":2,"vinery:savanna_grape_seeds_white":1,"minecraft:gunpowder":6,"autumnity:turkey_spawn_egg":2,"born_in_chaos_v1:corpse_maggot":3,"simplefarming:strawberries":1,"simplefarming:banana_sapling":1,"minecraft:arrow":8,"simplefarming:barley_seeds":1,"minecraft:bread":64,"croptopia:peach_sapling":1,"farm_and_charm:wild_onions":1,"minecraft:mossy_cobblestone":3,"minecraft:tropical_fish":1,"minecraft:stick":8,"minecraft:spruce_fence_gate":32,"born_in_chaos_v1:river_mint":3,"minecraft:torch":128,"minecraft:white_concrete":194,"minecraft:iron_leggings":1,"croptopia:lime_sapling":1,"minecraft:polished_andesite_stairs":1,"farm_and_charm:onion":4,"croptopia:nutmeg_sapling":1,"croptopia:pear_sapling":1,"minecraft:iron_axe":2,"autumnity:foul_berries":4,"vinery:savanna_grape_seeds_red":2,"minecraft:dandelion":4,"minecraft:kelp":2,"croptopia:avocado_sapling":1,"minecraft:raw_copper":154,"croptopia:apricot_sapling":1,"simplefarming:apple_sapling":1,"croptopia:cashew_sapling":1,"croptopia:nectarine_sapling":1,"travelersbackpack:diamond_tier_upgrade":2,"mteg:glock_17":1,"minecraft:donkey_spawn_egg":2,"jeg:stun_grenade":1,"croptopia:plum_sapling":1,"croptopia:grapefruit_sapling":1,"farm_and_charm:strawberry_seeds":1,"minecraft:iron_chestplate":1,"farm_and_charm:lettuce_seeds":3,"minecraft:andesite":15,"travelersbackpack:crafting_upgrade":2,"mores:raw_silver":8,"simplefarming:cherry_sapling":1,"minecraft:cow_spawn_egg":2,"minecraft:slime_ball":1,"minecraft:wooden_pickaxe":1,"croptopia:fig_sapling":1,"simplefarming:eggplant_seeds":5,"simplefarming:sorghum_seeds":1},"minecraft:picked_up":{"treasure2:ruby_lock":3,"minecraft:seagrass":1,"mores:bronze_ingot":1,"minecraft:oak_stairs":3,"projectvibrantjourneys:ice_chunks":2,"simplefarming:zucchini_seeds":1,"minecraft:string":19,"iter_rpg:unidentified_spell":1,"minecraft:beetroot":8,"minecraft:cherry_boat":1,"minecraft:cobbled_deepslate":3,"minecraft:spruce_planks":170,"simplefarming:raspberries":2,"mores:topaz_gem":1,"minecraft:golden_chestplate":1,"mores:raw_tin":19,"minecraft:orange_bed":5,"simplefarming:pepper_seeds":1,"minecraft:tropical_fish":1,"farmersdelight:rope":64,"projectvibrantjourneys:cattail":3,"minecraft:iron_bars":2,"minecraft:feather":10,"minecraft:oxidized_copper":1,"minecraft:jungle_log":1,"minecraft:copper_block":31,"travelersbackpack:gold_tier_upgrade":1,"minecraft:lantern":10,"minecraft:brown_candle":2,"born_in_chaos_v1:marigolds":2,"simplefarming:cucumber_seeds":6,"simplefarming:kenaf_seeds":1,"simplefarming:lettuce_seeds":1,"simplefarming:tomato_seeds":5,"simplefarming:peanut_seeds":2,"simplefarming:radish_seeds":2,"farm_and_charm:strawberry_seeds":1,"minecraft:ink_sac":1,"croptopia:oat":1,"minecraft:barrel":12,"naturalist:duck_egg":1,"neapolitan:strawberries":10,"minecraft:stripped_acacia_log":4,"minecraft:deepslate":192,"minecraft:miner_pottery_sherd":2,"neapolitan:chocolate_bar":4,"minecraft:granite":2,"minecraft:bread":19,"born_in_chaos_v1:rotten_fish":5,"mores:raw_silver":22,"simplefarming:cassava_seeds":12,"minecraft:crafting_table":2,"minecraft:coarse_dirt":1,"travelersbackpack:hay":1,"minecraft:leather_leggings":1,"treasure2:diamond_lock":1,"mores:turquoise_horse_armor":2,"minecraft:cornflower":3,"born_in_chaos_v1:black_argillite_column":1,"minecraft:flint_and_steel":1,"minecraft:iron_shovel":1,"iter_rpg:coin":1,"croptopia:pepper_seed":2,"minecraft:poppy":5,"minecraft:chest":3,"minecraft:birch_sapling":2,"minecraft:egg":8,"minecraft:stone":2,"naturalist:duck":1,"croptopia:corn_seed":2,"simplefarming:yam_seeds":6,"simplefarming:onion_seeds":3,"minecraft:carrot":48,"treasure2:compressor_chest":2,"simplefarming:eggplant_seeds":7,"minecraft:stone_shovel":6,"minecraft:shears":4,"simplefarming:strawberries":6,"mores:stone_mace":2,"autumnity:orange_maple_sapling":2,"farm_and_charm:strawberry":7,"minecraft:gold_ingot":2,"croptopia:pepper":1,"minecraft:mutton":2,"minecraft:white_wool":2,"minecraft:rail":1,"minecraft:oxeye_daisy":1,"vinery:dark_cherry_door":3,"simplefarming:soybean_seeds":3,"minecraft:red_mushroom":1,"simplefarming:soybean":2,"minecraft:oak_log":48,"simplefarming:rye_seeds":4,"simplefarming:broccoli_seeds":3,"farm_and_charm:onion":35,"minecraft:white_banner":1,"simplefarming:grape_seeds":1,"minecraft:apple":24,"minecraft:kelp":3,"tombstone:bag_of_seeds":1,"minecraft:glass_bottle":1,"spartanweaponry:iron_dagger":1,"travelersbackpack:blank_upgrade":3,"minecraft:polished_andesite_stairs":1,"born_in_chaos_v1:ethereal_spirit":4,"simplefarming:blueberries":2,"minecraft:gravel":16,"minecraft:spruce_log":924,"simplefarming:cucumber":2,"minecraft:leather_helmet":1,"treasure2:copper_coin":9,"minecraft:infested_stone_bricks":7,"simplefarming:tomato":2,"treasure2:diamond_key":1,"minecraft:slime_ball":1,"treasure2:silver_coin":69,"mores:anthracite":3,"croptopia:orange":19,"minecraft:scute":1,"projectvibrantjourneys:orange_bark_mushroom":3,"projectvibrantjourneys:twigs":14,"simplefarming:cotton_seeds":3,"minecraft:wheat":30,"autumnity:maple_log":5,"tombstone:tablet_of_home":1,"minecraft:potion":1,"minecraft:stone_brick_stairs":11,"projectvibrantjourneys:mossy_rocks":1,"minecraft:raw_copper":352,"minecraft:experience_bottle":1,"vinery:savanna_grapes_red":2,"minecraft:sea_pickle":1,"minecraft:white_tulip":1,"minecraft:iron_pickaxe":1,"minecraft:furnace":1,"minecraft:tipped_arrow":1,"minecraft:stick":50,"ecologics:walnut_log":9,"minecraft:torch":22,"farm_and_charm:barley_seeds":2,"travelersbackpack:iron_tier_upgrade":1,"minecraft:spruce_stairs":21,"travelersbackpack:diamond_tier_upgrade":1,"minecraft:porkchop":2,"tombstone:grave_dust":11,"travelersbackpack:crafting_upgrade":1,"minecraft:rotten_flesh":49,"minecraft:cobblestone":1423,"minecraft:leather_chestplate":2,"ecologics:walnut":21,"minecraft:lilac":5,"minecraft:cherry_planks":30,"minecraft:andesite":15,"farm_and_charm:barley":11,"minecraft:potato":3,"bakery:sweet_dough":1,"minecraft:horn_coral":1,"minecraft:acacia_boat":1,"projectvibrantjourneys:rocks":3,"minecraft:dirt":5766,"minecraft:lapis_lazuli":7,"minecraft:bone":42,"croptopia:corn":1,"minecraft:acacia_planks":22,"croptopia:sweetpotato":1,"minecraft:wheat_seeds":569,"minecraft:raw_gold":8,"minecraft:cobbled_deepslate_slab":65,"minecraft:oak_planks":265,"iter_rpg:seashell":1,"simplefarming:corn_seeds":2,"iter_rpg:spider_silk":1,"treasure2:safe":1,"mores:raw_cobalt":13,"minecraft:lily_of_the_valley":4,"quark:blossom_sign":2,"minecraft:mossy_cobblestone":3,"farm_and_charm:tomato":3,"minecraft:sugar":2,"minecraft:diamond":6,"simplefarming:corn":2,"minecraft:slime_block":2,"iter_rpg:abyssquartz_shard":12,"minecraft:white_concrete":259,"minecraft:golden_apple":5,"minecraft:emerald":6,"minecraft:oak_sapling":23,"minecraft:netherrack":6,"simplefarming:pea_seeds":3,"born_in_chaos_v1:river_mint":35,"minecraft:azure_bluet":3,"minecraft:chicken":1,"minecraft:ladder":1,"croptopia:peach":19,"simplefarming:yam":3,"minecraft:brown_mushroom":1,"croptopia:sweetpotato_seed":2,"minecraft:wooden_pickaxe":2,"minecraft:brick":6,"minecraft:shield":1,"minecraft:moss_carpet":4,"simplefarming:sorghum_seeds":3,"minecraft:iron_axe":1,"simplefarming:eggplant":2,"projectvibrantjourneys:reeds":2,"ecologics:walnut_sapling":14,"simplefarming:oat_seeds":4,"minecraft:sugar_cane":3,"simplefarming:barley_seeds":4,"crittersandcompanions:clam":1,"minecraft:raw_iron":4,"minecraft:copper_ingot":256,"projectvibrantjourneys:bark_mushroom":4,"travelersbackpack:netherite_tier_upgrade":1,"simplefarming:cassava":6,"minecraft:arrow":29,"crittersandcompanions:silk":3,"simplefarming:ginger_seeds":1,"minecraft:pink_tulip":13,"minecraft:saddle":1,"born_in_chaos_v1:fused_bone":2,"born_in_chaos_v1:corpse_maggot":18,"autumnity:red_maple_sapling":1,"minecraft:glow_ink_sac":1,"brewery:wooden_brewingstation":2,"butcher:goat_corpse_item":1,"minecraft:gunpowder":15,"minecraft:rabbit_hide":2,"simplefarming:honeydew_seeds":2,"minecraft:iron_ingot":2,"minecraft:cooked_chicken":3,"projectvibrantjourneys:light_brown_bark_mushroom":3,"minecraft:oak_slab":36,"simplefarming:rice_seeds":2,"minecraft:dandelion":29,"minecraft:blast_furnace":1,"simplefarming:squash_seeds":1,"minecraft:spider_eye":10,"simplefarming:blackberries":3,"croptopia:lemon":3,"croptopia:oat_seed":1,"simplefarming:strawberry_bush":3,"minecraft:chainmail_leggings":1,"treasure2:gold_coin":3,"minecraft:cherry_sapling":15,"tombstone:magic_scroll":1,"minecraft:damaged_anvil":1,"minecraft:coal":113},"minecraft:crafted":{"ecologics:walnut_planks":28,"minecraft:cooked_mutton":2,"mores:tin_ingot":16,"spartanweaponry:stone_boomerang":1,"minecraft:cooked_porkchop":2,"minecraft:copper_ingot":310,"minecraft:campfire":1,"minecraft:stone_brick_stairs":18,"minecraft:iron_pickaxe":1,"minecraft:stone_shovel":2,"minecraft:spruce_stairs":12,"minecraft:stone_pickaxe":1,"mores:tin_leggings":1,"minecraft:iron_leggings":1,"minecraft:oak_planks":84,"minecraft:cooked_chicken":2,"mores:bronze_ingot":8,"minecraft:iron_boots":1,"minecraft:raw_copper":36,"minecraft:chest":8,"autumnity:maple_planks":20,"mores:tin_chestplate":2,"minecraft:crafting_table":3,"minecraft:spruce_planks":628,"minecraft:wooden_pickaxe":1,"minecraft:baked_potato":9,"minecraft:iron_helmet":1,"spartanweaponry:iron_boomerang":1,"minecraft:shield":1,"minecraft:stick":15,"minecraft:iron_ingot":13,"minecraft:stone_sword":1,"minecraft:furnace":3,"minecraft:iron_axe":2,"minecraft:spruce_wood":48,"minecraft:diamond_sword":1,"minecraft:stone_axe":1,"minecraft:air":0,"woodworks:oak_chest":2,"minecraft:torch":4,"minecraft:diamond_chestplate":1}},"DataVersion":3465}