{"stats":{"minecraft:killed":{"naturalist:zebra":3,"minecraft:pig":1,"minecraft:iron_golem":1},"minecraft:picked_up":{"minecraft:crafting_table":5,"minecraft:chicken":1,"simplefarming:turnip_seeds":2,"autumnity:maple_log":66,"born_in_chaos_v1:black_argillite":1,"minecraft:iron_axe":5,"minecraft:raw_copper":48,"born_in_chaos_v1:intoxicating_decoction":2,"ecologics:walnut_sapling":1,"minecraft:spruce_planks":154,"simplefarming:blackberry_bush":4,"minecraft:iron_pickaxe":1,"upgrade_aquatic:embedded_ammonite":1,"minecraft:egg":1,"minecraft:stick":35,"autumnity:maple_planks":28,"ecologics:walnut_log":3,"projectvibrantjourneys:bark_mushroom":3,"minecraft:torch":1,"minecraft:acacia_log":25,"quark:blossom_log":8,"minecraft:porkchop":2,"farmersdelight:tomato_seeds":13,"simplefarming:onion_seeds":1,"minecraft:diorite":11,"simplefarming:eggplant_seeds":1,"mores:raw_tin":4,"minecraft:orange_bed":1,"minecraft:stone_sword":1,"minecraft:stone_shovel":1,"quark:orange_blossom_sapling":6,"autumnity:orange_maple_sapling":13,"minecraft:cobblestone":704,"autumnity:red_maple_sapling":7,"minecraft:magma_block":1,"ecologics:walnut":7,"minecraft:leather":3,"minecraft:oak_log":33,"born_in_chaos_v1:black_argillite_button":1,"minecraft:lapis_lazuli":74,"farmersdelight:tomato":1,"minecraft:dirt":339,"neapolitan:vanilla_pods":5,"minecraft:apple":6,"minecraft:wheat_seeds":9,"simplefarming:kenaf_seeds":1,"minecraft:stone_pickaxe":3,"minecraft:iron_ingot":3,"simplefarming:blueberry_bush":4,"minecraft:oak_planks":69,"minecraft:acacia_sapling":5,"croptopia:plum":5,"farm_and_charm:strawberry_seeds":2,"simplefarming:blueberries":9,"minecraft:spruce_sapling":4,"minecraft:spruce_log":39,"simplefarming:blackberries":4,"autumnity:yellow_maple_sapling":1,"croptopia:lemon":1,"autumnity:maple_sapling":9,"croptopia:orange":4,"minecraft:bread":1,"minecraft:oak_sapling":10,"mores:raw_silver":2,"minecraft:netherrack":19,"minecraft:coal":24,"minecraft:crimson_roots":3},"minecraft:dropped":{"farmersdelight:tomato_seeds":13,"minecraft:bread":1,"minecraft:wheat_seeds":6,"minecraft:lapis_lazuli":74,"simplefarming:blueberry_bush":4,"autumnity:orange_maple_sapling":13,"minecraft:crafting_table":1,"simplefarming:turnip_seeds":2,"minecraft:cobblestone":2,"ecologics:walnut_sapling":1,"ecologics:walnut_planks":9,"minecraft:dirt":23,"neapolitan:vanilla_pods":8,"minecraft:iron_axe":3,"projectvibrantjourneys:bark_mushroom":1,"minecraft:spruce_sapling":2,"simplefarming:onion_seeds":1,"simplefarming:blueberries":6,"minecraft:stone_sword":1,"mores:raw_tin":4,"born_in_chaos_v1:black_argillite_button":1,"minecraft:oak_planks":111,"autumnity:yellow_maple_sapling":1,"autumnity:maple_sapling":9,"autumnity:red_maple_sapling":7,"farm_and_charm:strawberry_seeds":2,"autumnity:maple_planks":8,"minecraft:spruce_planks":106,"mores:raw_silver":2,"minecraft:acacia_sapling":5,"minecraft:oak_sapling":10,"quark:orange_blossom_sapling":6,"minecraft:stone_pickaxe":1,"minecraft:magma_block":1,"simplefarming:eggplant_seeds":1},"minecraft:used":{"minecraft:stone_shovel":324,"minecraft:spruce_planks":126,"minecraft:stone":12,"minecraft:iron_sword":61,"minecraft:orange_bed":1,"minecraft:dirt":14,"simplefarming:blueberries":3,"farmersdelight:tomato":1,"minecraft:iron_axe":191,"autumnity:maple_planks":152,"ecologics:walnut_planks":3,"minecraft:furnace":1,"ecologics:walnut":7,"minecraft:egg":1,"minecraft:wheat_seeds":3,"croptopia:lemon":1,"minecraft:stone_pickaxe":467,"minecraft:oak_planks":20,"minecraft:cobblestone_slab":1,"minecraft:crafting_table":5,"simplefarming:blackberries":4,"croptopia:orange":4,"minecraft:oak_log":1,"croptopia:plum":5,"minecraft:apple":11,"spartanweaponry:iron_saber":1,"minecraft:chicken":1,"minecraft:bread":17,"minecraft:iron_pickaxe":250,"minecraft:spruce_sapling":2,"autumnity:maple_sign":1,"minecraft:stone_axe":170,"minecraft:cobblestone":16,"minecraft:porkchop":2},"minecraft:crafted":{"minecraft:oak_planks":128,"minecraft:cobblestone_slab":6,"minecraft:stone_shovel":2,"ecologics:walnut_planks":12,"minecraft:furnace":1,"minecraft:stone":76,"autumnity:maple_sign":3,"minecraft:stone_pickaxe":2,"autumnity:maple_planks":264,"minecraft:crafting_table":2,"minecraft:spruce_planks":64,"minecraft:stone_axe":2,"minecraft:air":0,"minecraft:stick":4,"minecraft:iron_pickaxe":1},"minecraft:broken":{"minecraft:stone_pickaxe":4,"minecraft:stone_axe":1,"minecraft:iron_pickaxe":1,"minecraft:stone_shovel":2},"minecraft:custom":{"minecraft:mob_kills":5,"minecraft:interact_with_crafting_table":25,"minecraft:leave_game":5,"minecraft:time_since_death":53940,"minecraft:climb_one_cm":9184,"minecraft:sprint_one_cm":340015,"minecraft:walk_one_cm":286375,"minecraft:drop":64,"minecraft:play_time":100938,"minecraft:deaths":1,"minecraft:sneak_time":7272,"minecraft:walk_under_water_one_cm":10610,"minecraft:interact_with_lectern":3,"minecraft:jump":1454,"minecraft:walk_on_water_one_cm":7403,"minecraft:total_world_time":100938,"minecraft:interact_with_furnace":5,"minecraft:interact_with_cartography_table":1,"minecraft:tune_noteblock":2,"minecraft:time_since_rest":53669,"minecraft:damage_taken":1160,"minecraft:damage_dealt":1607,"minecraft:swim_one_cm":14132,"minecraft:fly_one_cm":274911,"minecraft:open_chest":27,"minecraft:crouch_one_cm":22027,"minecraft:interact_with_smoker":1,"minecraft:fall_one_cm":39504},"minecraft:mined":{"minecraft:spruce_planks":2,"minecraft:acacia_log":26,"minecraft:grass_block":27,"autumnity:maple_log":79,"simplefarming:blackberry_bush":5,"minecraft:stone":649,"simplefarming:blueberry_bush":3,"minecraft:orange_bed":1,"autumnity:orange_maple_leaf_pile":1,"minecraft:crimson_nylium":2,"minecraft:crafting_table":4,"autumnity:maple_planks":28,"autumnity:red_maple_leaves":1,"minecraft:tall_grass":4,"minecraft:copper_ore":2,"minecraft:cobblestone":18,"farmersdelight:wild_tomatoes":12,"projectvibrantjourneys:fallen_leaves":1,"minecraft:oak_planks":12,"minecraft:diorite":18,"mores:tin_ore":6,"minecraft:wheat":2,"minecraft:spruce_log":126,"minecraft:grass":23,"minecraft:oak_log":35,"minecraft:coal_ore":3,"projectvibrantjourneys:short_grass":14,"minecraft:gravel":14,"minecraft:dirt":305,"mores:silver_ore":1,"minecraft:netherrack":12,"minecraft:oak_leaves":9}},"DataVersion":3465}