{"stats":{"minecraft:picked_up":{"autumnity:red_maple_sapling":7,"minecraft:crafting_table":3,"ecologics:walnut":7,"minecraft:chicken":1,"simplefarming:turnip_seeds":2,"autumnity:maple_log":66,"minecraft:leather":3,"minecraft:oak_log":33,"born_in_chaos_v1:black_argillite_button":1,"farmersdelight:tomato":1,"minecraft:lapis_lazuli":74,"minecraft:dirt":21,"neapolitan:vanilla_pods":5,"minecraft:raw_copper":23,"minecraft:iron_axe":5,"born_in_chaos_v1:intoxicating_decoction":2,"minecraft:apple":6,"ecologics:walnut_sapling":1,"minecraft:wheat_seeds":9,"minecraft:iron_ingot":3,"simplefarming:blueberry_bush":4,"simplefarming:blackberry_bush":4,"minecraft:oak_planks":6,"minecraft:acacia_sapling":5,"minecraft:egg":1,"minecraft:stick":35,"ecologics:walnut_log":3,"croptopia:plum":5,"farm_and_charm:strawberry_seeds":2,"projectvibrantjourneys:bark_mushroom":3,"minecraft:torch":1,"minecraft:acacia_log":25,"simplefarming:blueberries":9,"quark:blossom_log":8,"minecraft:porkchop":2,"farmersdelight:tomato_seeds":13,"minecraft:spruce_sapling":2,"minecraft:spruce_log":16,"simplefarming:blackberries":4,"simplefarming:eggplant_seeds":1,"minecraft:stone_sword":1,"autumnity:yellow_maple_sapling":1,"minecraft:orange_bed":1,"croptopia:lemon":1,"quark:orange_blossom_sapling":6,"autumnity:orange_maple_sapling":13,"autumnity:maple_sapling":9,"croptopia:orange":4,"minecraft:bread":1,"minecraft:oak_sapling":10,"mores:raw_silver":2,"minecraft:coal":23,"minecraft:cobblestone":40},"minecraft:broken":{"minecraft:stone_axe":1},"minecraft:mined":{"autumnity:orange_maple_leaf_pile":1,"minecraft:crafting_table":2,"autumnity:red_maple_leaves":1,"minecraft:acacia_log":26,"minecraft:copper_ore":1,"minecraft:tall_grass":4,"farmersdelight:wild_tomatoes":12,"minecraft:oak_planks":4,"autumnity:maple_log":79,"simplefarming:blackberry_bush":5,"minecraft:wheat":2,"minecraft:spruce_log":41,"minecraft:oak_log":29,"minecraft:grass":23,"minecraft:coal_ore":2,"projectvibrantjourneys:short_grass":12,"minecraft:dirt":13,"mores:silver_ore":1,"minecraft:stone":6,"minecraft:oak_leaves":9,"simplefarming:blueberry_bush":3,"minecraft:orange_bed":1},"minecraft:dropped":{"farmersdelight:tomato_seeds":12,"simplefarming:blueberries":6,"minecraft:bread":1,"minecraft:wheat_seeds":6,"minecraft:lapis_lazuli":74,"minecraft:stone_sword":1,"simplefarming:blueberry_bush":4,"autumnity:orange_maple_sapling":13,"minecraft:crafting_table":1,"simplefarming:turnip_seeds":2,"minecraft:cobblestone":2,"ecologics:walnut_sapling":1,"autumnity:yellow_maple_sapling":1,"autumnity:maple_sapling":9,"neapolitan:vanilla_pods":8,"autumnity:red_maple_sapling":7,"farm_and_charm:strawberry_seeds":2,"mores:raw_silver":2,"minecraft:oak_sapling":10,"minecraft:acacia_sapling":5,"minecraft:iron_axe":3,"quark:orange_blossom_sapling":6,"projectvibrantjourneys:bark_mushroom":1,"simplefarming:eggplant_seeds":1},"minecraft:crafted":{"minecraft:oak_planks":128,"minecraft:crafting_table":1,"minecraft:spruce_planks":64,"ecologics:walnut_planks":12,"minecraft:stone_axe":2,"minecraft:stick":4,"minecraft:stone_pickaxe":1,"autumnity:maple_planks":264},"minecraft:custom":{"minecraft:mob_kills":5,"minecraft:tune_noteblock":2,"minecraft:interact_with_cartography_table":1,"minecraft:interact_with_crafting_table":4,"minecraft:leave_game":1,"minecraft:time_since_death":5735,"minecraft:climb_one_cm":9127,"minecraft:time_since_rest":5464,"minecraft:sprint_one_cm":260991,"minecraft:damage_taken":925,"minecraft:walk_one_cm":117483,"minecraft:drop":48,"minecraft:damage_dealt":1607,"minecraft:swim_one_cm":4997,"minecraft:fly_one_cm":215323,"minecraft:open_chest":23,"minecraft:crouch_one_cm":2869,"minecraft:play_time":52733,"minecraft:deaths":1,"minecraft:sneak_time":1679,"minecraft:walk_under_water_one_cm":1296,"minecraft:interact_with_lectern":3,"minecraft:jump":1046,"minecraft:walk_on_water_one_cm":2006,"minecraft:total_world_time":52733,"minecraft:fall_one_cm":29223},"minecraft:killed":{"naturalist:zebra":3,"minecraft:pig":1,"minecraft:iron_golem":1},"minecraft:used":{"minecraft:wheat_seeds":3,"croptopia:lemon":1,"minecraft:stone_pickaxe":10,"minecraft:oak_planks":12,"minecraft:iron_sword":61,"minecraft:dirt":13,"minecraft:crafting_table":2,"simplefarming:blackberries":4,"simplefarming:blueberries":3,"croptopia:orange":4,"minecraft:oak_log":1,"croptopia:plum":5,"farmersdelight:tomato":1,"minecraft:apple":11,"spartanweaponry:iron_saber":1,"minecraft:iron_axe":59,"minecraft:chicken":1,"minecraft:bread":8,"minecraft:stone_axe":170,"ecologics:walnut_planks":3,"minecraft:porkchop":2,"ecologics:walnut":7,"minecraft:egg":1}},"DataVersion":3465}