{"stats":{"minecraft:picked_up":{"minecraft:crafting_table":4,"minecraft:chicken":1,"simplefarming:turnip_seeds":2,"autumnity:maple_log":66,"born_in_chaos_v1:black_argillite":1,"minecraft:iron_axe":5,"minecraft:raw_copper":48,"born_in_chaos_v1:intoxicating_decoction":2,"ecologics:walnut_sapling":1,"minecraft:spruce_planks":65,"simplefarming:blackberry_bush":4,"minecraft:iron_pickaxe":1,"upgrade_aquatic:embedded_ammonite":1,"minecraft:egg":1,"minecraft:stick":35,"autumnity:maple_planks":4,"ecologics:walnut_log":3,"projectvibrantjourneys:bark_mushroom":3,"minecraft:torch":1,"minecraft:acacia_log":25,"minecraft:porkchop":2,"quark:blossom_log":8,"farmersdelight:tomato_seeds":13,"minecraft:diorite":1,"simplefarming:eggplant_seeds":1,"mores:raw_tin":4,"minecraft:orange_bed":1,"minecraft:stone_sword":1,"minecraft:stone_shovel":1,"quark:orange_blossom_sapling":6,"autumnity:orange_maple_sapling":13,"minecraft:cobblestone":587,"minecraft:magma_block":1,"ecologics:walnut":7,"autumnity:red_maple_sapling":7,"minecraft:leather":3,"minecraft:oak_log":33,"born_in_chaos_v1:black_argillite_button":1,"minecraft:dirt":301,"minecraft:lapis_lazuli":74,"farmersdelight:tomato":1,"neapolitan:vanilla_pods":5,"minecraft:apple":6,"minecraft:wheat_seeds":9,"minecraft:iron_ingot":3,"minecraft:stone_pickaxe":3,"simplefarming:blueberry_bush":4,"minecraft:oak_planks":69,"minecraft:acacia_sapling":5,"croptopia:plum":5,"farm_and_charm:strawberry_seeds":2,"simplefarming:blueberries":9,"minecraft:spruce_sapling":4,"minecraft:spruce_log":39,"simplefarming:blackberries":4,"autumnity:yellow_maple_sapling":1,"croptopia:lemon":1,"autumnity:maple_sapling":9,"croptopia:orange":4,"minecraft:bread":1,"minecraft:oak_sapling":10,"mores:raw_silver":2,"minecraft:netherrack":19,"minecraft:coal":24,"minecraft:crimson_roots":3},"minecraft:broken":{"minecraft:stone_pickaxe":3,"minecraft:stone_axe":1,"minecraft:iron_pickaxe":1,"minecraft:stone_shovel":2},"minecraft:mined":{"minecraft:spruce_planks":1,"minecraft:acacia_log":26,"minecraft:grass_block":15,"autumnity:maple_log":79,"simplefarming:blackberry_bush":5,"minecraft:stone":529,"simplefarming:blueberry_bush":3,"minecraft:orange_bed":1,"autumnity:orange_maple_leaf_pile":1,"minecraft:crimson_nylium":2,"autumnity:maple_planks":4,"minecraft:crafting_table":3,"autumnity:red_maple_leaves":1,"minecraft:cobblestone":18,"minecraft:tall_grass":4,"minecraft:copper_ore":2,"farmersdelight:wild_tomatoes":12,"projectvibrantjourneys:fallen_leaves":1,"minecraft:oak_planks":12,"minecraft:diorite":8,"mores:tin_ore":6,"minecraft:wheat":2,"minecraft:spruce_log":126,"minecraft:grass":23,"minecraft:oak_log":35,"minecraft:coal_ore":3,"projectvibrantjourneys:short_grass":14,"minecraft:dirt":281,"mores:silver_ore":1,"minecraft:netherrack":12,"minecraft:oak_leaves":9},"minecraft:dropped":{"farmersdelight:tomato_seeds":13,"minecraft:bread":1,"minecraft:wheat_seeds":6,"minecraft:lapis_lazuli":74,"simplefarming:blueberry_bush":4,"autumnity:orange_maple_sapling":13,"minecraft:crafting_table":1,"simplefarming:turnip_seeds":2,"minecraft:cobblestone":2,"ecologics:walnut_sapling":1,"ecologics:walnut_planks":9,"minecraft:dirt":23,"neapolitan:vanilla_pods":8,"minecraft:iron_axe":3,"projectvibrantjourneys:bark_mushroom":1,"minecraft:spruce_sapling":2,"simplefarming:blueberries":6,"minecraft:stone_sword":1,"mores:raw_tin":4,"born_in_chaos_v1:black_argillite_button":1,"minecraft:oak_planks":111,"autumnity:yellow_maple_sapling":1,"autumnity:maple_sapling":9,"autumnity:red_maple_sapling":7,"farm_and_charm:strawberry_seeds":2,"autumnity:maple_planks":8,"minecraft:spruce_planks":64,"mores:raw_silver":2,"minecraft:acacia_sapling":5,"minecraft:oak_sapling":10,"quark:orange_blossom_sapling":6,"minecraft:stone_pickaxe":1,"minecraft:magma_block":1,"simplefarming:eggplant_seeds":1},"minecraft:crafted":{"minecraft:oak_planks":128,"minecraft:cobblestone_slab":6,"minecraft:stone_shovel":2,"ecologics:walnut_planks":12,"minecraft:furnace":1,"minecraft:stone":76,"minecraft:stone_pickaxe":1,"autumnity:maple_planks":264,"minecraft:crafting_table":2,"minecraft:spruce_planks":64,"minecraft:stone_axe":2,"minecraft:air":0,"minecraft:stick":4,"minecraft:iron_pickaxe":1},"minecraft:custom":{"minecraft:mob_kills":5,"minecraft:interact_with_crafting_table":22,"minecraft:leave_game":3,"minecraft:time_since_death":39450,"minecraft:climb_one_cm":9184,"minecraft:sprint_one_cm":322553,"minecraft:walk_one_cm":243965,"minecraft:drop":61,"minecraft:play_time":86448,"minecraft:deaths":1,"minecraft:sneak_time":5625,"minecraft:walk_under_water_one_cm":7897,"minecraft:interact_with_lectern":3,"minecraft:jump":1319,"minecraft:walk_on_water_one_cm":6893,"minecraft:total_world_time":86448,"minecraft:interact_with_furnace":5,"minecraft:interact_with_cartography_table":1,"minecraft:tune_noteblock":2,"minecraft:time_since_rest":39179,"minecraft:damage_taken":1030,"minecraft:damage_dealt":1607,"minecraft:swim_one_cm":8023,"minecraft:fly_one_cm":261324,"minecraft:open_chest":26,"minecraft:crouch_one_cm":17556,"minecraft:interact_with_smoker":1,"minecraft:fall_one_cm":35642},"minecraft:killed":{"naturalist:zebra":3,"minecraft:pig":1,"minecraft:iron_golem":1},"minecraft:used":{"minecraft:stone_shovel":275,"minecraft:spruce_planks":42,"minecraft:stone":12,"minecraft:iron_sword":61,"minecraft:dirt":14,"simplefarming:blueberries":3,"farmersdelight:tomato":1,"minecraft:iron_axe":165,"autumnity:maple_planks":22,"ecologics:walnut_planks":3,"minecraft:furnace":1,"ecologics:walnut":7,"minecraft:egg":1,"minecraft:wheat_seeds":3,"croptopia:lemon":1,"minecraft:stone_pickaxe":336,"minecraft:oak_planks":20,"minecraft:cobblestone_slab":1,"minecraft:crafting_table":5,"simplefarming:blackberries":4,"croptopia:orange":4,"minecraft:oak_log":1,"croptopia:plum":5,"minecraft:apple":11,"spartanweaponry:iron_saber":1,"minecraft:chicken":1,"minecraft:bread":13,"minecraft:iron_pickaxe":250,"minecraft:spruce_sapling":2,"minecraft:stone_axe":170,"minecraft:cobblestone":16,"minecraft:porkchop":2}},"DataVersion":3465}