{
  "mcwfences:recipes/stone": {
    "criteria": {
      "has_stone": "2024-10-06 20:21:11 +0000"
    },
    "done": true
  },
  "mcwfences:recipes/end": {
    "criteria": {
      "has_end_brick": "2024-10-06 20:21:11 +0000"
    },
    "done": true
  },
  "mcwfences:recipes/bamboo": {
    "criteria": {
      "has_bamboo": "2024-10-06 20:21:11 +0000"
    },
    "done": true
  },
  "mcwfences:recipes/deepslate": {
    "criteria": {
      "has_deepslate": "2024-10-06 20:21:11 +0000"
    },
    "done": true
  },
  "mcwfences:recipes/dark_oak": {
    "criteria": {
      "has_dark_oak": "2024-10-06 20:21:11 +0000"
    },
    "done": true
  },
  "butcher:firstjoinadvancement": {
    "criteria": {
      "firstjoinadvancement_0": "2024-10-06 20:21:11 +0000"
    },
    "done": true
  },
  "mcwfences:recipes/spruce": {
    "criteria": {
      "has_spruce": "2024-10-06 20:21:11 +0000"
    },
    "done": true
  },
  "mcwfences:recipes/crimson": {
    "criteria": {
      "has_crimson": "2024-10-06 20:21:11 +0000"
    },
    "done": true
  },
  "mcwfences:recipes/prismarine": {
    "criteria": {
      "has_qq": "2024-10-06 20:21:11 +0000"
    },
    "done": true
  },
  "farmersdelight:main/root": {
    "criteria": {
      "seeds": "2024-10-06 20:21:11 +0000"
    },
    "done": true
  },
  "mcwfences:recipes/quartz": {
    "criteria": {
      "has_qq": "2024-10-06 20:21:11 +0000"
    },
    "done": true
  },
  "mcwfences:recipes/sandstone": {
    "criteria": {
      "has_sand": "2024-10-06 20:21:11 +0000"
    },
    "done": true
  },
  "bakery:main/root": {
    "criteria": {
      "seeds": "2024-10-06 20:21:11 +0000"
    },
    "done": true
  },
  "brewery:main/root": {
    "criteria": {
      "seeds": "2024-10-06 20:21:11 +0000"
    },
    "done": true
  },
  "mcwfences:recipes/acacia": {
    "criteria": {
      "has_acacia": "2024-10-06 20:21:11 +0000"
    },
    "done": true
  },
  "mcwfences:recipes/jungle": {
    "criteria": {
      "has_jungle": "2024-10-06 20:21:11 +0000"
    },
    "done": true
  },
  "mcwfences:recipes/oak": {
    "criteria": {
      "has_oak": "2024-10-06 20:21:11 +0000"
    },
    "done": true
  },
  "iter_rpg:iter_root": {
    "criteria": {
      "iter_root_0": "2024-10-06 20:21:11 +0000"
    },
    "done": true
  },
  "travelersbackpack:standard_from_custom": {
    "criteria": {
      "has_the_recipe": "2024-10-06 20:21:11 +0000"
    },
    "done": true
  },
  "mcwfences:recipes/mud_brick": {
    "criteria": {
      "has_qq": "2024-10-06 20:21:11 +0000"
    },
    "done": true
  },
  "mcwfences:recipes/mangrove": {
    "criteria": {
      "has_mangrove": "2024-10-06 20:21:11 +0000"
    },
    "done": true
  },
  "mcwfences:recipes/warped": {
    "criteria": {
      "has_warped": "2024-10-06 20:21:11 +0000"
    },
    "done": true
  },
  "mcwfences:recipes/blackstone": {
    "criteria": {
      "has_blackstone": "2024-10-06 20:21:11 +0000"
    },
    "done": true
  },
  "mcwfences:recipes/hedge": {
    "criteria": {
      "has_birch": "2024-10-06 20:21:11 +0000"
    },
    "done": true
  },
  "mcwfences:recipes/nether": {
    "criteria": {
      "has_nether_brick": "2024-10-06 20:21:11 +0000"
    },
    "done": true
  },
  "born_in_chaos_v1:bornin_chaos": {
    "criteria": {
      "bornin_chaos_0": "2024-10-06 20:21:11 +0000"
    },
    "done": true
  },
  "mcwfences:recipes/birch": {
    "criteria": {
      "has_birch": "2024-10-06 20:21:11 +0000"
    },
    "done": true
  },
  "farm_and_charm:main/find_wild_crops": {
    "criteria": {
      "oat": "2024-10-06 20:21:11 +0000",
      "wild_strawberry": "2024-10-06 20:21:11 +0000",
      "corn": "2024-10-06 20:21:11 +0000",
      "onion": "2024-10-06 20:21:11 +0000",
      "wild_corn": "2024-10-06 20:21:11 +0000",
      "wild_ribwort": "2024-10-06 20:21:11 +0000",
      "strawberry": "2024-10-06 20:21:11 +0000",
      "wild_nettle": "2024-10-06 20:21:11 +0000",
      "barley": "2024-10-06 20:21:11 +0000",
      "tomato": "2024-10-06 20:21:11 +0000",
      "lettuce": "2024-10-06 20:21:11 +0000",
      "wild_lettuce": "2024-10-06 20:21:11 +0000",
      "wild_tomatoes": "2024-10-06 20:21:11 +0000",
      "oat_seeds": "2024-10-06 20:21:11 +0000",
      "tomato_seeds": "2024-10-06 20:21:11 +0000",
      "barley_seeds": "2024-10-06 20:21:11 +0000",
      "strawberry_seeds": "2024-10-06 20:21:11 +0000",
      "lettuce_seeds": "2024-10-06 20:21:11 +0000",
      "kernels": "2024-10-06 20:21:11 +0000",
      "wild_barley": "2024-10-06 20:21:11 +0000",
      "wild_onion": "2024-10-06 20:21:11 +0000",
      "wild_oat": "2024-10-06 20:21:11 +0000"
    },
    "done": true
  },
  "vinery:main/root": {
    "criteria": {
      "seeds": "2024-10-06 20:21:11 +0000"
    },
    "done": true
  },
  "minecraft:adventure/adventuring_time": {
    "criteria": {
      "minecraft:snowy_slopes": "2024-10-06 20:22:21 +0000",
      "minecraft:cherry_grove": "2024-10-06 20:33:44 +0000",
      "minecraft:sunflower_plains": "2024-10-08 20:22:19 +0000",
      "minecraft:river": "2024-10-08 19:19:34 +0000",
      "minecraft:stony_shore": "2024-10-06 21:13:13 +0000",
      "minecraft:grove": "2024-10-06 20:22:08 +0000",
      "minecraft:forest": "2024-10-06 20:21:12 +0000",
      "autumnity:autumnity:maple_forest": "2024-10-06 20:33:53 +0000",
      "minecraft:flower_forest": "2024-10-06 21:02:58 +0000",
      "minecraft:deep_dark": "2024-10-08 22:01:36 +0000",
      "minecraft:savanna": "2024-10-06 21:18:51 +0000",
      "minecraft:plains": "2024-10-06 20:39:17 +0000",
      "autumnity:autumnity:pumpkin_fields": "2024-10-06 22:17:09 +0000"
    },
    "done": false
  },
  "farm_and_charm:main/root": {
    "criteria": {
      "example_criterion": "2024-10-06 20:21:12 +0000"
    },
    "done": true
  },
  "tombstone:adventure/root": {
    "criteria": {
      "auto": "2024-10-06 20:21:12 +0000"
    },
    "done": true
  },
  "minecraft:husbandry/root": {
    "criteria": {
      "consumed_item": "2024-10-06 20:21:45 +0000"
    },
    "done": true
  },
  "simplefarming:root": {
    "criteria": {
      "pickup_seed": "2024-10-06 20:38:07 +0000"
    },
    "done": true
  },
  "croptopia:gather_all": {
    "criteria": {
      "sweetpotato_seed": "2024-10-06 21:31:28 +0000",
      "bellpepper_seed": "2024-10-06 22:06:06 +0000",
      "cantaloupe_seed": "2024-10-06 22:15:26 +0000",
      "yam_seed": "2024-10-07 00:10:17 +0000",
      "chile_pepper_seed": "2024-10-06 21:31:54 +0000",
      "kale_seed": "2024-10-06 20:39:16 +0000",
      "blueberry_seed": "2024-10-06 22:15:32 +0000",
      "oat_seed": "2024-10-06 21:26:55 +0000",
      "mustard_seed": "2024-10-06 21:31:55 +0000"
    },
    "done": false
  },
  "croptopia:getseeds": {
    "criteria": {
      "has_seeds": "2024-10-06 20:39:16 +0000"
    },
    "done": true
  },
  "croptopia:gather_plains": {
    "criteria": {
      "sweetpotato_seed": "2024-10-06 21:31:28 +0000",
      "chile_pepper_seed": "2024-10-06 21:31:54 +0000",
      "bellpepper_seed": "2024-10-06 22:06:06 +0000",
      "oat_seed": "2024-10-06 21:26:55 +0000",
      "mustard_seed": "2024-10-06 21:31:55 +0000",
      "kale_seed": "2024-10-06 20:39:16 +0000"
    },
    "done": false
  },
  "mores:root": {
    "criteria": {
      "crafting_table": "2024-10-06 21:14:13 +0000"
    },
    "done": true
  },
  "minecraft:story/root": {
    "criteria": {
      "crafting_table": "2024-10-06 21:14:13 +0000"
    },
    "done": true
  },
  "minecraft:adventure/root": {
    "criteria": {
      "killed_something": "2024-10-06 21:16:25 +0000"
    },
    "done": true
  },
  "minecraft:adventure/kill_all_mobs": {
    "criteria": {
      "minecraft:skeleton": "2024-10-06 22:32:41 +0000",
      "minecraft:spider": "2024-10-06 21:29:52 +0000",
      "minecraft:creeper": "2024-10-06 22:18:25 +0000",
      "minecraft:enderman": "2024-10-08 21:54:54 +0000",
      "minecraft:zombie": "2024-10-06 21:16:25 +0000",
      "minecraft:zombie_villager": "2024-10-06 23:58:08 +0000"
    },
    "done": false
  },
  "minecraft:adventure/kill_a_mob": {
    "criteria": {
      "minecraft:zombie": "2024-10-06 21:16:25 +0000"
    },
    "done": true
  },
  "tombstone:adventure/first_grave": {
    "criteria": {
      "coded_trigger": "2024-10-06 21:16:59 +0000"
    },
    "done": true
  },
  "tombstone:recipes/from_grave_key": {
    "criteria": {
      "has_ingredient": "2024-10-06 21:17:00 +0000"
    },
    "done": true
  },
  "tombstone:adventure/enchant_grave_key": {
    "criteria": {
      "has_upgraded_grave_key": "2024-10-06 21:17:00 +0000"
    },
    "done": true
  },
  "tombstone:adventure/teleport_to_grave": {
    "criteria": {
      "coded_trigger": "2024-10-06 21:17:07 +0000"
    },
    "done": true
  },
  "tombstone:adventure/first_knowledge": {
    "criteria": {
      "coded_trigger": "2024-10-06 21:17:07 +0000"
    },
    "done": true
  },
  "quark:get_all_blossom_saplings": {
    "criteria": {
      "yellow": "2024-10-06 21:17:34 +0000"
    },
    "done": false
  },
  "vinery:main/get_apple": {
    "criteria": {
      "apple": "2024-10-06 21:18:08 +0000"
    },
    "done": true
  },
  "minecraft:story/mine_stone": {
    "criteria": {
      "get_stone": "2024-10-06 21:23:42 +0000"
    },
    "done": true
  },
  "minecraft:story/upgrade_tools": {
    "criteria": {
      "stone_pickaxe": "2024-10-06 21:23:52 +0000"
    },
    "done": true
  },
  "minecraft:husbandry/balanced_diet": {
    "criteria": {
      "baked_potato": "2024-10-07 00:35:38 +0000",
      "cooked_salmon": "2024-10-06 22:46:43 +0000",
      "cooked_mutton": "2024-10-07 00:39:58 +0000",
      "apple": "2024-10-06 21:35:03 +0000",
      "cooked_cod": "2024-10-06 23:34:14 +0000",
      "beetroot": "2024-10-06 22:32:35 +0000"
    },
    "done": false
  },
  "spartanweaponry:root": {
    "criteria": {
      "has_handle": "2024-10-06 22:01:11 +0000"
    },
    "done": true
  },
  "spartanweaponry:katana": {
    "criteria": {
      "has_katana": "2024-10-06 22:01:24 +0000"
    },
    "done": true
  },
  "croptopia:gather_forest": {
    "criteria": {
      "cantaloupe_seed": "2024-10-06 22:15:26 +0000",
      "blueberry_seed": "2024-10-06 22:15:32 +0000"
    },
    "done": false
  },
  "mores:obtain_tin_ore": {
    "criteria": {
      "obtain_tin_ore": "2024-10-06 22:17:39 +0000"
    },
    "done": true
  },
  "mores:obtain_silver_ore": {
    "criteria": {
      "obtain_silver_ore": "2024-10-06 22:18:04 +0000"
    },
    "done": true
  },
  "immersive_aircraft:misc/aircraftery": {
    "criteria": {
      "has_item": "2024-10-06 22:24:05 +0000"
    },
    "done": true
  },
  "minecraft:story/smelt_iron": {
    "criteria": {
      "iron": "2024-10-06 22:24:05 +0000"
    },
    "done": true
  },
  "mores:acquire_hardware": {
    "criteria": {
      "iron": "2024-10-06 22:24:05 +0000"
    },
    "done": true
  },
  "tombstone:adventure/create_magic_tablet": {
    "criteria": {
      "has_magic_tablet": "2024-10-06 22:24:07 +0000"
    },
    "done": true
  },
  "tombstone:adventure/use_home": {
    "criteria": {
      "coded_trigger": "2024-10-06 22:30:59 +0000"
    },
    "done": true
  },
  "minecraft:husbandry/make_a_sign_glow": {
    "criteria": {
      "make_a_sign_glow": "2024-10-06 22:32:07 +0000"
    },
    "done": true
  },
  "tombstone:adventure/ashes_and_bones": {
    "criteria": {
      "coded_trigger": "2024-10-06 22:32:41 +0000"
    },
    "done": true
  },
  "tombstone:adventure/strong_or_careful": {
    "criteria": {
      "coded_trigger": "2024-10-06 22:32:52 +0000"
    },
    "done": true
  },
  "tombstone:adventure/cancel_ghostly_shape": {
    "criteria": {
      "coded_trigger": "2024-10-06 22:33:05 +0000"
    },
    "done": true
  },
  "tombstone:recipes/from_grave_dust": {
    "criteria": {
      "has_ingredient": "2024-10-06 22:34:33 +0000"
    },
    "done": true
  },
  "tombstone:adventure/find_grave_dust": {
    "criteria": {
      "from_undead": "2024-10-06 22:38:09 +0000"
    },
    "done": true
  },
  "mores:obtain_all": {
    "criteria": {
      "obtain_cobalt_ingot": "2024-10-08 20:41:14 +0000",
      "obtain_topaz_gem": "2024-10-08 22:00:41 +0000",
      "obtain_tourmaline": "2024-10-08 21:59:50 +0000",
      "obtain_tin_ingot": "2024-10-06 22:38:35 +0000",
      "obtain_silver_ingot": "2024-10-06 22:53:02 +0000"
    },
    "done": false
  },
  "mores:smelt_more": {
    "criteria": {
      "smelt_tin_ore": "2024-10-06 22:38:35 +0000"
    },
    "done": true
  },
  "croptopia:root": {
    "criteria": {
      "root": "2024-10-06 22:41:57 +0000"
    },
    "done": true
  },
  "farmersdelight:main/plant_all_crops": {
    "criteria": {
      "sugar_cane": "2024-10-06 23:33:25 +0000",
      "potato": "2024-10-06 22:42:51 +0000",
      "wheat": "2024-10-06 22:43:11 +0000"
    },
    "done": false
  },
  "minecraft:husbandry/plant_seed": {
    "criteria": {
      "wheat": "2024-10-06 22:43:11 +0000"
    },
    "done": true
  },
  "farm_and_charm:main/eat_tomato": {
    "criteria": {
      "tomato": "2024-10-06 22:57:42 +0000"
    },
    "done": true
  },
  "mores:eat_silver_apple": {
    "criteria": {
      "requirement": "2024-10-06 23:11:28 +0000"
    },
    "done": true
  },
  "spartanweaponry:battle_hammer": {
    "criteria": {
      "has_battle_hammer": "2024-10-06 23:46:32 +0000"
    },
    "done": true
  },
  "simplefarming:crops": {
    "criteria": {
      "yam": "2024-10-07 00:04:27 +0000",
      "corn": "2024-10-08 18:39:14 +0000",
      "cassava": "2024-10-07 00:08:36 +0000"
    },
    "done": false
  },
  "croptopia:gather_savanna": {
    "criteria": {
      "yam_seed": "2024-10-07 00:10:17 +0000"
    },
    "done": false
  },
  "minecraft:adventure/sleep_in_bed": {
    "criteria": {
      "slept_in_bed": "2024-10-07 00:37:12 +0000"
    },
    "done": true
  },
  "croptopia:gather_food": {
    "criteria": {
      "clam": "2024-10-07 00:46:14 +0000"
    },
    "done": false
  },
  "minecraft:husbandry/fishy_business": {
    "criteria": {
      "cod": "2024-10-07 00:47:06 +0000"
    },
    "done": true
  },
  "pizzadelight:root": {
    "criteria": {
      "tick": "2024-10-08 18:26:33 +0000"
    },
    "done": true
  },
  "treasure2:grant_book_on_first_join": {
    "criteria": {
      "tick": "2024-10-08 18:26:33 +0000"
    },
    "done": true
  },
  "tombstone:adventure/bone_crusher": {
    "criteria": {
      "coded_trigger": "2024-10-08 18:31:26 +0000"
    },
    "done": true
  },
  "mores:obtain_topaz": {
    "criteria": {
      "obtain_topaz_gem": "2024-10-08 22:00:41 +0000"
    },
    "done": true
  },
  "vanillatweaks:root": {
    "criteria": {
      "tick": "2024-10-08 19:03:48 +0000"
    },
    "done": true
  },
  "tombstone:adventure/neighborhood_brawl": {
    "criteria": {
      "coded_trigger": "2024-10-08 21:02:39 +0000"
    },
    "done": true
  },
  "mores:craft_tin_pickaxe": {
    "criteria": {
      "craft_tin_pickaxe": "2024-10-08 20:29:02 +0000"
    },
    "done": true
  },
  "croptopia:gather_tree_forest": {
    "criteria": {
      "apricot_sapling": "2024-10-08 21:20:16 +0000",
      "lemon_sapling": "2024-10-08 21:20:41 +0000",
      "pear_sapling": "2024-10-08 21:20:44 +0000",
      "orange_sapling": "2024-10-08 21:20:43 +0000",
      "avocado_sapling": "2024-10-08 21:20:17 +0000",
      "plum_sapling": "2024-10-08 21:20:45 +0000",
      "cherry_sapling": "2024-10-08 21:20:31 +0000",
      "lime_sapling": "2024-10-08 21:20:41 +0000",
      "starfruit_sapling": "2024-10-08 21:20:45 +0000",
      "nectarine_sapling": "2024-10-08 21:20:42 +0000",
      "persimmon_sapling": "2024-10-08 21:20:45 +0000"
    },
    "done": true
  },
  "croptopia:gather_tree_dark_forest": {
    "criteria": {
      "pecan_sapling": "2024-10-08 21:20:44 +0000",
      "walnut_sapling": "2024-10-08 21:20:46 +0000",
      "cashew_sapling": "2024-10-08 21:20:20 +0000",
      "almond_sapling": "2024-10-08 21:20:15 +0000"
    },
    "done": true
  },
  "croptopia:gather_tree_jungle": {
    "criteria": {
      "dragonfruit_sapling": "2024-10-08 21:20:33 +0000",
      "kumquat_sapling": "2024-10-08 21:20:41 +0000",
      "coconut_sapling": "2024-10-08 21:20:32 +0000",
      "grapefruit_sapling": "2024-10-08 21:20:36 +0000",
      "nutmeg_sapling": "2024-10-08 21:20:42 +0000",
      "date_sapling": "2024-10-08 21:20:33 +0000",
      "cinnamon_sapling": "2024-10-08 21:20:46 +0000",
      "fig_sapling": "2024-10-08 21:20:35 +0000",
      "banana_sapling": "2024-10-08 21:20:18 +0000",
      "mango_sapling": "2024-10-08 21:20:42 +0000"
    },
    "done": true
  },
  "mores:obtain_tourmaline": {
    "criteria": {
      "obtain_tourmaline_gem": "2024-10-08 21:59:50 +0000"
    },
    "done": true
  },
  "croptopia:getsapling": {
    "criteria": {
      "has_sapling": "2024-10-08 21:20:15 +0000"
    },
    "done": true
  },
  "croptopia:gather_tree_plains": {
    "criteria": {
      "orange_sapling": "2024-10-08 21:20:43 +0000",
      "apple_sapling": "2024-10-08 21:20:15 +0000",
      "peach_sapling": "2024-10-08 21:20:43 +0000"
    },
    "done": true
  },
  "simplefarming:scarecrow": {
    "criteria": {
      "scarecrow": "2024-10-08 21:21:25 +0000"
    },
    "done": true
  },
  "croptopia:gather_tree_all": {
    "criteria": {
      "orange_sapling": "2024-10-08 21:20:43 +0000",
      "cinnamon_sapling": "2024-10-08 21:20:46 +0000",
      "lime_sapling": "2024-10-08 21:20:41 +0000",
      "lemon_sapling": "2024-10-08 21:20:41 +0000",
      "nutmeg_sapling": "2024-10-08 21:20:42 +0000",
      "avocado_sapling": "2024-10-08 21:20:17 +0000",
      "almond_sapling": "2024-10-08 21:20:15 +0000",
      "banana_sapling": "2024-10-08 21:20:18 +0000",
      "nectarine_sapling": "2024-10-08 21:20:42 +0000",
      "persimmon_sapling": "2024-10-08 21:20:45 +0000",
      "pear_sapling": "2024-10-08 21:20:44 +0000",
      "pecan_sapling": "2024-10-08 21:20:44 +0000",
      "dragonfruit_sapling": "2024-10-08 21:20:33 +0000",
      "coconut_sapling": "2024-10-08 21:20:32 +0000",
      "walnut_sapling": "2024-10-08 21:20:46 +0000",
      "peach_sapling": "2024-10-08 21:20:43 +0000",
      "plum_sapling": "2024-10-08 21:20:45 +0000",
      "cherry_sapling": "2024-10-08 21:20:31 +0000",
      "mango_sapling": "2024-10-08 21:20:42 +0000",
      "apricot_sapling": "2024-10-08 21:20:16 +0000",
      "kumquat_sapling": "2024-10-08 21:20:41 +0000",
      "grapefruit_sapling": "2024-10-08 21:20:36 +0000",
      "apple_sapling": "2024-10-08 21:20:15 +0000",
      "date_sapling": "2024-10-08 21:20:33 +0000",
      "cashew_sapling": "2024-10-08 21:20:20 +0000",
      "fig_sapling": "2024-10-08 21:20:35 +0000",
      "starfruit_sapling": "2024-10-08 21:20:45 +0000"
    },
    "done": true
  },
  "farmersdelight:main/get_fd_seed": {
    "criteria": {
      "rice": "2024-10-08 20:51:26 +0000"
    },
    "done": true
  },
  "mores:craft_full_tin_armor": {
    "criteria": {
      "obtain_tin_armor": "2024-10-08 19:56:13 +0000"
    },
    "done": true
  },
  "born_in_chaos_v1:exorcism": {
    "criteria": {
      "exorcism_0": "2024-10-08 21:54:54 +0000"
    },
    "done": true
  },
  "mores:obtain_cobalt_ore": {
    "criteria": {
      "obtain_cobalt_ore": "2024-10-08 20:34:36 +0000"
    },
    "done": true
  },
  "born_in_chaos_v1:deceived_hopes": {
    "criteria": {
      "deceived_hopes_0": "2024-10-08 22:03:00 +0000"
    },
    "done": true
  },
  "vanillatweaks:multiplayer_sleep": {
    "criteria": {
      "tick": "2024-10-08 19:03:48 +0000"
    },
    "done": true
  },
  "DataVersion": 3465
}