{
  "mcwfences:recipes/stone": {
    "criteria": {
      "has_stone": "2024-10-06 22:13:53 +0000"
    },
    "done": true
  },
  "mcwfences:recipes/end": {
    "criteria": {
      "has_end_brick": "2024-10-06 22:13:53 +0000"
    },
    "done": true
  },
  "croptopia:gather_food": {
    "criteria": {
      "taco": "2024-10-06 22:38:42 +0000"
    },
    "done": false
  },
  "mcwfences:recipes/bamboo": {
    "criteria": {
      "has_bamboo": "2024-10-06 22:13:53 +0000"
    },
    "done": true
  },
  "simplefarming:root": {
    "criteria": {
      "pickup_seed": "2024-10-06 22:20:54 +0000"
    },
    "done": true
  },
  "untamedwilds:zoology/root": {
    "criteria": {
      "patchouli_not_loaded": "2024-10-06 22:22:58 +0000"
    },
    "done": true
  },
  "mcwfences:recipes/deepslate": {
    "criteria": {
      "has_deepslate": "2024-10-06 22:13:53 +0000"
    },
    "done": true
  },
  "mcwfences:recipes/dark_oak": {
    "criteria": {
      "has_dark_oak": "2024-10-06 22:13:53 +0000"
    },
    "done": true
  },
  "butcher:firstjoinadvancement": {
    "criteria": {
      "firstjoinadvancement_0": "2024-10-06 22:13:53 +0000"
    },
    "done": true
  },
  "mcwfences:recipes/spruce": {
    "criteria": {
      "has_spruce": "2024-10-06 22:13:53 +0000"
    },
    "done": true
  },
  "minecraft:story/mine_stone": {
    "criteria": {
      "get_stone": "2024-10-06 22:20:37 +0000"
    },
    "done": true
  },
  "mcwfences:recipes/crimson": {
    "criteria": {
      "has_crimson": "2024-10-06 22:13:53 +0000"
    },
    "done": true
  },
  "mcwfences:recipes/prismarine": {
    "criteria": {
      "has_qq": "2024-10-06 22:13:53 +0000"
    },
    "done": true
  },
  "farmersdelight:main/root": {
    "criteria": {
      "seeds": "2024-10-06 22:13:53 +0000"
    },
    "done": true
  },
  "mcwfences:recipes/quartz": {
    "criteria": {
      "has_qq": "2024-10-06 22:13:53 +0000"
    },
    "done": true
  },
  "naturescompass:natures_compass_log": {
    "criteria": {
      "has_recipe": "2024-10-06 22:13:53 +0000"
    },
    "done": true
  },
  "vinery:main/get_wine": {
    "criteria": {
      "have_any_wine": "2024-10-06 22:25:59 +0000"
    },
    "done": true
  },
  "mcwfences:recipes/sandstone": {
    "criteria": {
      "has_sand": "2024-10-06 22:13:53 +0000"
    },
    "done": true
  },
  "bakery:main/root": {
    "criteria": {
      "seeds": "2024-10-06 22:13:53 +0000"
    },
    "done": true
  },
  "brewery:main/root": {
    "criteria": {
      "seeds": "2024-10-06 22:13:53 +0000"
    },
    "done": true
  },
  "mcwfences:recipes/acacia": {
    "criteria": {
      "has_acacia": "2024-10-06 22:13:53 +0000"
    },
    "done": true
  },
  "naturescompass:natures_compass": {
    "criteria": {
      "has_recipe": "2024-10-06 22:13:53 +0000"
    },
    "done": true
  },
  "mcwfences:recipes/jungle": {
    "criteria": {
      "has_jungle": "2024-10-06 22:13:53 +0000"
    },
    "done": true
  },
  "mcwfences:recipes/oak": {
    "criteria": {
      "has_oak": "2024-10-06 22:13:53 +0000"
    },
    "done": true
  },
  "iter_rpg:iter_root": {
    "criteria": {
      "iter_root_0": "2024-10-06 22:13:53 +0000"
    },
    "done": true
  },
  "naturescompass:natures_compass_sapling": {
    "criteria": {
      "has_recipe": "2024-10-06 22:13:53 +0000"
    },
    "done": true
  },
  "iter_rpg:adv_etherbloom": {
    "criteria": {
      "adv_etherbloom_0": "2024-10-06 22:40:36 +0000"
    },
    "done": true
  },
  "minecraft:adventure/root": {
    "criteria": {
      "killed_something": "2024-10-06 22:23:22 +0000"
    },
    "done": true
  },
  "travelersbackpack:standard_from_custom": {
    "criteria": {
      "has_the_recipe": "2024-10-06 22:13:53 +0000"
    },
    "done": true
  },
  "brewery:main/get_whiskey_cristelwalker": {
    "criteria": {
      "whiskey_cristelwalker": "2024-10-06 22:31:44 +0000"
    },
    "done": true
  },
  "mcwfences:recipes/mud_brick": {
    "criteria": {
      "has_qq": "2024-10-06 22:13:53 +0000"
    },
    "done": true
  },
  "mcwfences:recipes/mangrove": {
    "criteria": {
      "has_mangrove": "2024-10-06 22:13:53 +0000"
    },
    "done": true
  },
  "mcwfences:recipes/warped": {
    "criteria": {
      "has_warped": "2024-10-06 22:13:53 +0000"
    },
    "done": true
  },
  "mcwfences:recipes/blackstone": {
    "criteria": {
      "has_blackstone": "2024-10-06 22:13:53 +0000"
    },
    "done": true
  },
  "minecraft:adventure/adventuring_time": {
    "criteria": {
      "minecraft:sunflower_plains": "2024-10-06 22:54:36 +0000",
      "minecraft:river": "2024-10-06 22:54:33 +0000",
      "minecraft:stony_shore": "2024-10-06 22:17:05 +0000",
      "minecraft:grove": "2024-10-06 22:13:54 +0000",
      "minecraft:forest": "2024-10-06 22:15:00 +0000",
      "autumnity:autumnity:maple_forest": "2024-10-06 22:45:59 +0000",
      "minecraft:flower_forest": "2024-10-06 22:50:20 +0000",
      "minecraft:savanna": "2024-10-06 22:53:07 +0000",
      "minecraft:plains": "2024-10-06 22:15:21 +0000"
    },
    "done": false
  },
  "farm_and_charm:main/root": {
    "criteria": {
      "example_criterion": "2024-10-06 22:13:54 +0000"
    },
    "done": true
  },
  "mcwfences:recipes/hedge": {
    "criteria": {
      "has_birch": "2024-10-06 22:13:53 +0000"
    },
    "done": true
  },
  "vinery:main/wine_collector": {
    "criteria": {
      "vinery:bottle_mojang_noir": "2024-10-06 22:25:59 +0000"
    },
    "done": false
  },
  "vinery:main/get_apple": {
    "criteria": {
      "apple": "2024-10-06 22:17:36 +0000"
    },
    "done": true
  },
  "minecraft:husbandry/root": {
    "criteria": {
      "consumed_item": "2024-10-06 22:32:27 +0000"
    },
    "done": true
  },
  "mcwfences:recipes/nether": {
    "criteria": {
      "has_nether_brick": "2024-10-06 22:13:53 +0000"
    },
    "done": true
  },
  "born_in_chaos_v1:bornin_chaos": {
    "criteria": {
      "bornin_chaos_0": "2024-10-06 22:13:53 +0000"
    },
    "done": true
  },
  "tombstone:adventure/root": {
    "criteria": {
      "auto": "2024-10-06 22:13:54 +0000"
    },
    "done": true
  },
  "mcwfences:recipes/birch": {
    "criteria": {
      "has_birch": "2024-10-06 22:13:53 +0000"
    },
    "done": true
  },
  "farm_and_charm:main/find_wild_crops": {
    "criteria": {
      "oat": "2024-10-06 22:13:53 +0000",
      "wild_strawberry": "2024-10-06 22:13:53 +0000",
      "corn": "2024-10-06 22:13:53 +0000",
      "onion": "2024-10-06 22:13:53 +0000",
      "wild_corn": "2024-10-06 22:13:53 +0000",
      "wild_ribwort": "2024-10-06 22:13:53 +0000",
      "strawberry": "2024-10-06 22:13:53 +0000",
      "wild_nettle": "2024-10-06 22:13:53 +0000",
      "barley": "2024-10-06 22:13:53 +0000",
      "tomato": "2024-10-06 22:13:53 +0000",
      "lettuce": "2024-10-06 22:13:53 +0000",
      "wild_lettuce": "2024-10-06 22:13:53 +0000",
      "wild_tomatoes": "2024-10-06 22:13:53 +0000",
      "oat_seeds": "2024-10-06 22:13:53 +0000",
      "tomato_seeds": "2024-10-06 22:13:53 +0000",
      "barley_seeds": "2024-10-06 22:13:53 +0000",
      "strawberry_seeds": "2024-10-06 22:13:53 +0000",
      "lettuce_seeds": "2024-10-06 22:13:53 +0000",
      "kernels": "2024-10-06 22:13:53 +0000",
      "wild_barley": "2024-10-06 22:13:53 +0000",
      "wild_onion": "2024-10-06 22:13:53 +0000",
      "wild_oat": "2024-10-06 22:13:53 +0000"
    },
    "done": true
  },
  "vinery:main/root": {
    "criteria": {
      "seeds": "2024-10-06 22:13:53 +0000"
    },
    "done": true
  },
  "DataVersion": 3465
}