{
  "mcwfences:recipes/stone": {
    "criteria": {
      "has_stone": "2024-10-06 20:13:25 +0000"
    },
    "done": true
  },
  "mcwfences:recipes/end": {
    "criteria": {
      "has_end_brick": "2024-10-06 20:13:25 +0000"
    },
    "done": true
  },
  "mcwfences:recipes/bamboo": {
    "criteria": {
      "has_bamboo": "2024-10-06 20:13:25 +0000"
    },
    "done": true
  },
  "mcwfences:recipes/deepslate": {
    "criteria": {
      "has_deepslate": "2024-10-06 20:13:25 +0000"
    },
    "done": true
  },
  "mcwfences:recipes/dark_oak": {
    "criteria": {
      "has_dark_oak": "2024-10-06 20:13:25 +0000"
    },
    "done": true
  },
  "butcher:firstjoinadvancement": {
    "criteria": {
      "firstjoinadvancement_0": "2024-10-06 20:13:25 +0000"
    },
    "done": true
  },
  "mcwfences:recipes/spruce": {
    "criteria": {
      "has_spruce": "2024-10-06 20:13:25 +0000"
    },
    "done": true
  },
  "mcwfences:recipes/crimson": {
    "criteria": {
      "has_crimson": "2024-10-06 20:13:25 +0000"
    },
    "done": true
  },
  "mcwfences:recipes/prismarine": {
    "criteria": {
      "has_qq": "2024-10-06 20:13:25 +0000"
    },
    "done": true
  },
  "farmersdelight:main/root": {
    "criteria": {
      "seeds": "2024-10-06 20:13:25 +0000"
    },
    "done": true
  },
  "mcwfences:recipes/quartz": {
    "criteria": {
      "has_qq": "2024-10-06 20:13:25 +0000"
    },
    "done": true
  },
  "mcwfences:recipes/sandstone": {
    "criteria": {
      "has_sand": "2024-10-06 20:13:25 +0000"
    },
    "done": true
  },
  "bakery:main/root": {
    "criteria": {
      "seeds": "2024-10-06 20:13:25 +0000"
    },
    "done": true
  },
  "brewery:main/root": {
    "criteria": {
      "seeds": "2024-10-06 20:13:25 +0000"
    },
    "done": true
  },
  "mcwfences:recipes/acacia": {
    "criteria": {
      "has_acacia": "2024-10-06 20:13:25 +0000"
    },
    "done": true
  },
  "mcwfences:recipes/jungle": {
    "criteria": {
      "has_jungle": "2024-10-06 20:13:25 +0000"
    },
    "done": true
  },
  "mcwfences:recipes/oak": {
    "criteria": {
      "has_oak": "2024-10-06 20:13:25 +0000"
    },
    "done": true
  },
  "iter_rpg:iter_root": {
    "criteria": {
      "iter_root_0": "2024-10-06 20:13:25 +0000"
    },
    "done": true
  },
  "travelersbackpack:standard_from_custom": {
    "criteria": {
      "has_the_recipe": "2024-10-06 20:13:25 +0000"
    },
    "done": true
  },
  "mcwfences:recipes/mud_brick": {
    "criteria": {
      "has_qq": "2024-10-06 20:13:25 +0000"
    },
    "done": true
  },
  "mcwfences:recipes/mangrove": {
    "criteria": {
      "has_mangrove": "2024-10-06 20:13:25 +0000"
    },
    "done": true
  },
  "mcwfences:recipes/warped": {
    "criteria": {
      "has_warped": "2024-10-06 20:13:25 +0000"
    },
    "done": true
  },
  "mcwfences:recipes/blackstone": {
    "criteria": {
      "has_blackstone": "2024-10-06 20:13:25 +0000"
    },
    "done": true
  },
  "mcwfences:recipes/hedge": {
    "criteria": {
      "has_birch": "2024-10-06 20:13:25 +0000"
    },
    "done": true
  },
  "mcwfences:recipes/nether": {
    "criteria": {
      "has_nether_brick": "2024-10-06 20:13:25 +0000"
    },
    "done": true
  },
  "born_in_chaos_v1:bornin_chaos": {
    "criteria": {
      "bornin_chaos_0": "2024-10-06 20:13:25 +0000"
    },
    "done": true
  },
  "mcwfences:recipes/birch": {
    "criteria": {
      "has_birch": "2024-10-06 20:13:25 +0000"
    },
    "done": true
  },
  "farm_and_charm:main/find_wild_crops": {
    "criteria": {
      "oat": "2024-10-06 20:13:25 +0000",
      "wild_strawberry": "2024-10-06 20:13:25 +0000",
      "corn": "2024-10-06 20:13:25 +0000",
      "onion": "2024-10-06 20:13:25 +0000",
      "wild_corn": "2024-10-06 20:13:25 +0000",
      "wild_ribwort": "2024-10-06 20:13:25 +0000",
      "strawberry": "2024-10-06 20:13:25 +0000",
      "wild_nettle": "2024-10-06 20:13:25 +0000",
      "barley": "2024-10-06 20:13:25 +0000",
      "tomato": "2024-10-06 20:13:25 +0000",
      "lettuce": "2024-10-06 20:13:25 +0000",
      "wild_lettuce": "2024-10-06 20:13:25 +0000",
      "wild_tomatoes": "2024-10-06 20:13:25 +0000",
      "oat_seeds": "2024-10-06 20:13:25 +0000",
      "tomato_seeds": "2024-10-06 20:13:25 +0000",
      "barley_seeds": "2024-10-06 20:13:25 +0000",
      "strawberry_seeds": "2024-10-06 20:13:25 +0000",
      "lettuce_seeds": "2024-10-06 20:13:25 +0000",
      "kernels": "2024-10-06 20:13:25 +0000",
      "wild_barley": "2024-10-06 20:13:25 +0000",
      "wild_onion": "2024-10-06 20:13:25 +0000",
      "wild_oat": "2024-10-06 20:13:25 +0000"
    },
    "done": true
  },
  "vinery:main/root": {
    "criteria": {
      "seeds": "2024-10-06 20:13:25 +0000"
    },
    "done": true
  },
  "minecraft:adventure/adventuring_time": {
    "criteria": {
      "minecraft:snowy_slopes": "2024-10-06 22:44:06 +0000",
      "minecraft:sunflower_plains": "2024-10-06 21:33:00 +0000",
      "minecraft:cherry_grove": "2024-10-08 21:34:36 +0000",
      "minecraft:beach": "2024-10-06 23:01:11 +0000",
      "minecraft:river": "2024-10-06 20:16:46 +0000",
      "minecraft:stony_shore": "2024-10-06 20:18:15 +0000",
      "minecraft:grove": "2024-10-06 22:44:10 +0000",
      "minecraft:forest": "2024-10-06 20:13:27 +0000",
      "autumnity:autumnity:maple_forest": "2024-10-06 20:16:31 +0000",
      "minecraft:flower_forest": "2024-10-06 20:54:13 +0000",
      "minecraft:frozen_peaks": "2024-10-08 21:38:30 +0000",
      "minecraft:savanna": "2024-10-06 20:30:51 +0000",
      "minecraft:plains": "2024-10-06 20:16:37 +0000"
    },
    "done": false
  },
  "farm_and_charm:main/root": {
    "criteria": {
      "example_criterion": "2024-10-06 20:13:27 +0000"
    },
    "done": true
  },
  "tombstone:adventure/root": {
    "criteria": {
      "auto": "2024-10-06 20:13:27 +0000"
    },
    "done": true
  },
  "minecraft:adventure/root": {
    "criteria": {
      "killed_something": "2024-10-06 20:15:18 +0000"
    },
    "done": true
  },
  "mores:root": {
    "criteria": {
      "crafting_table": "2024-10-06 20:17:25 +0000"
    },
    "done": true
  },
  "minecraft:story/root": {
    "criteria": {
      "crafting_table": "2024-10-06 20:17:25 +0000"
    },
    "done": true
  },
  "vinery:main/get_apple": {
    "criteria": {
      "apple": "2024-10-06 20:17:55 +0000"
    },
    "done": true
  },
  "simplefarming:berries": {
    "criteria": {
      "strawberries": "2024-10-06 20:17:59 +0000",
      "raspberries": "2024-10-06 23:04:07 +0000"
    },
    "done": false
  },
  "minecraft:husbandry/root": {
    "criteria": {
      "consumed_item": "2024-10-06 20:19:07 +0000"
    },
    "done": true
  },
  "minecraft:story/mine_stone": {
    "criteria": {
      "get_stone": "2024-10-06 20:19:48 +0000"
    },
    "done": true
  },
  "minecraft:story/upgrade_tools": {
    "criteria": {
      "stone_pickaxe": "2024-10-06 20:19:53 +0000"
    },
    "done": true
  },
  "mores:obtain_silver_ore": {
    "criteria": {
      "obtain_silver_ore": "2024-10-06 20:20:51 +0000"
    },
    "done": true
  },
  "mores:obtain_all": {
    "criteria": {
      "obtain_cobalt_ingot": "2024-10-06 20:56:10 +0000",
      "obtain_tin_ingot": "2024-10-06 20:35:13 +0000",
      "obtain_silver_ingot": "2024-10-06 20:21:57 +0000"
    },
    "done": false
  },
  "mores:smelt_more": {
    "criteria": {
      "smelt_silver_ore": "2024-10-06 20:21:57 +0000"
    },
    "done": true
  },
  "mores:craft_silver_sword": {
    "criteria": {
      "obtain_copper_ore": "2024-10-06 20:22:02 +0000"
    },
    "done": true
  },
  "minecraft:adventure/kill_all_mobs": {
    "criteria": {
      "minecraft:skeleton": "2024-10-08 21:35:10 +0000",
      "minecraft:spider": "2024-10-06 20:22:45 +0000",
      "minecraft:witch": "2024-10-08 21:37:41 +0000",
      "minecraft:zombie": "2024-10-06 21:15:29 +0000"
    },
    "done": false
  },
  "minecraft:adventure/kill_a_mob": {
    "criteria": {
      "minecraft:spider": "2024-10-06 20:22:45 +0000"
    },
    "done": true
  },
  "mores:obtain_tin_ore": {
    "criteria": {
      "obtain_tin_ore": "2024-10-06 20:23:53 +0000"
    },
    "done": true
  },
  "minecraft:husbandry/balanced_diet": {
    "criteria": {
      "neapolitan:chocolate_milkshake": "2024-10-06 23:22:44 +0000",
      "cooked_porkchop": "2024-10-06 21:24:55 +0000",
      "cooked_beef": "2024-10-06 20:35:20 +0000",
      "porkchop": "2024-10-06 20:32:12 +0000",
      "apple": "2024-10-06 20:25:26 +0000"
    },
    "done": false
  },
  "mores:craft_full_tin_armor": {
    "criteria": {
      "obtain_tin_armor": "2024-10-06 20:52:34 +0000"
    },
    "done": true
  },
  "mores:obtain_emerald": {
    "criteria": {
      "obtain_topaz_gem": "2024-10-06 20:55:37 +0000"
    },
    "done": true
  },
  "immersive_aircraft:misc/aircraftery": {
    "criteria": {
      "has_item": "2024-10-06 20:56:11 +0000"
    },
    "done": true
  },
  "minecraft:story/smelt_iron": {
    "criteria": {
      "iron": "2024-10-06 20:56:11 +0000"
    },
    "done": true
  },
  "mores:acquire_hardware": {
    "criteria": {
      "iron": "2024-10-06 20:56:11 +0000"
    },
    "done": true
  },
  "minecraft:story/obtain_armor": {
    "criteria": {
      "iron_boots": "2024-10-06 20:57:27 +0000"
    },
    "done": true
  },
  "spartanweaponry:spear": {
    "criteria": {
      "has_spear": "2024-10-06 20:57:32 +0000"
    },
    "done": true
  },
  "simplefarming:root": {
    "criteria": {
      "pickup_seed": "2024-10-06 21:06:00 +0000"
    },
    "done": true
  },
  "minecraft:adventure/sleep_in_bed": {
    "criteria": {
      "slept_in_bed": "2024-10-06 21:08:21 +0000"
    },
    "done": true
  },
  "tombstone:adventure/find_grave_dust": {
    "criteria": {
      "from_undead": "2024-10-06 21:15:29 +0000"
    },
    "done": true
  },
  "tombstone:recipes/from_grave_dust": {
    "criteria": {
      "has_ingredient": "2024-10-06 21:15:30 +0000"
    },
    "done": true
  },
  "spartanweaponry:boomerang": {
    "criteria": {
      "has_boomerang": "2024-10-06 21:18:02 +0000"
    },
    "done": true
  },
  "bakery:main/get_everything": {
    "criteria": {
      "bakery:chocolate_glazed_cookie": "2024-10-06 23:02:51 +0000",
      "bakery:apple_cupcake": "2024-10-06 23:02:50 +0000",
      "bakery:chocolate_tart": "2024-10-06 23:02:42 +0000",
      "bakery:sweetberry_cupcake": "2024-10-06 23:02:51 +0000"
    },
    "done": false
  },
  "bakery:main/get_all_baked_goods": {
    "criteria": {
      "bakery:chocolate_tart": "2024-10-06 23:02:42 +0000"
    },
    "done": false
  },
  "bakery:main/get_all_caked_goods": {
    "criteria": {
      "bakery:chocolate_glazed_cookie": "2024-10-06 23:02:51 +0000",
      "bakery:sweetberry_cupcake": "2024-10-06 23:02:51 +0000",
      "bakery:apple_cupcake": "2024-10-06 23:02:50 +0000"
    },
    "done": false
  },
  "croptopia:knife": {
    "criteria": {
      "knife": "2024-10-06 23:27:48 +0000"
    },
    "done": true
  },
  "vanillatweaks:root": {
    "criteria": {
      "tick": "2024-10-08 21:02:37 +0000"
    },
    "done": true
  },
  "pizzadelight:root": {
    "criteria": {
      "tick": "2024-10-08 21:02:37 +0000"
    },
    "done": true
  },
  "treasure2:grant_book_on_first_join": {
    "criteria": {
      "tick": "2024-10-08 21:02:37 +0000"
    },
    "done": true
  },
  "vanillatweaks:multiplayer_sleep": {
    "criteria": {
      "tick": "2024-10-08 21:02:37 +0000"
    },
    "done": true
  },
  "mores:obtain_cobalt_ore": {
    "criteria": {
      "obtain_cobalt_ore": "2024-10-08 21:12:53 +0000"
    },
    "done": true
  },
  "tombstone:adventure/ambush": {
    "criteria": {
      "coded_trigger": "2024-10-08 21:37:41 +0000"
    },
    "done": true
  },
  "tombstone:adventure/first_knowledge": {
    "criteria": {
      "coded_trigger": "2024-10-08 21:37:41 +0000"
    },
    "done": true
  },
  "born_in_chaos_v1:deceived_hopes": {
    "criteria": {
      "deceived_hopes_0": "2024-10-08 21:38:54 +0000"
    },
    "done": true
  },
  "DataVersion": 3465
}