{
  "mcwfences:recipes/stone": {
    "criteria": {
      "has_stone": "2024-10-06 20:27:28 +0000"
    },
    "done": true
  },
  "mcwfences:recipes/end": {
    "criteria": {
      "has_end_brick": "2024-10-06 20:27:28 +0000"
    },
    "done": true
  },
  "mcwfences:recipes/bamboo": {
    "criteria": {
      "has_bamboo": "2024-10-06 20:27:28 +0000"
    },
    "done": true
  },
  "mcwfences:recipes/deepslate": {
    "criteria": {
      "has_deepslate": "2024-10-06 20:27:28 +0000"
    },
    "done": true
  },
  "mcwfences:recipes/dark_oak": {
    "criteria": {
      "has_dark_oak": "2024-10-06 20:27:28 +0000"
    },
    "done": true
  },
  "butcher:firstjoinadvancement": {
    "criteria": {
      "firstjoinadvancement_0": "2024-10-06 20:27:28 +0000"
    },
    "done": true
  },
  "mcwfences:recipes/spruce": {
    "criteria": {
      "has_spruce": "2024-10-06 20:27:28 +0000"
    },
    "done": true
  },
  "mcwfences:recipes/crimson": {
    "criteria": {
      "has_crimson": "2024-10-06 20:27:28 +0000"
    },
    "done": true
  },
  "mcwfences:recipes/prismarine": {
    "criteria": {
      "has_qq": "2024-10-06 20:27:28 +0000"
    },
    "done": true
  },
  "farmersdelight:main/root": {
    "criteria": {
      "seeds": "2024-10-06 20:27:28 +0000"
    },
    "done": true
  },
  "mcwfences:recipes/quartz": {
    "criteria": {
      "has_qq": "2024-10-06 20:27:28 +0000"
    },
    "done": true
  },
  "mcwfences:recipes/sandstone": {
    "criteria": {
      "has_sand": "2024-10-06 20:27:28 +0000"
    },
    "done": true
  },
  "bakery:main/root": {
    "criteria": {
      "seeds": "2024-10-06 20:27:28 +0000"
    },
    "done": true
  },
  "brewery:main/root": {
    "criteria": {
      "seeds": "2024-10-06 20:27:28 +0000"
    },
    "done": true
  },
  "mcwfences:recipes/acacia": {
    "criteria": {
      "has_acacia": "2024-10-06 20:27:28 +0000"
    },
    "done": true
  },
  "mcwfences:recipes/jungle": {
    "criteria": {
      "has_jungle": "2024-10-06 20:27:28 +0000"
    },
    "done": true
  },
  "mcwfences:recipes/oak": {
    "criteria": {
      "has_oak": "2024-10-06 20:27:28 +0000"
    },
    "done": true
  },
  "iter_rpg:iter_root": {
    "criteria": {
      "iter_root_0": "2024-10-06 20:27:28 +0000"
    },
    "done": true
  },
  "travelersbackpack:standard_from_custom": {
    "criteria": {
      "has_the_recipe": "2024-10-06 20:27:28 +0000"
    },
    "done": true
  },
  "mcwfences:recipes/mud_brick": {
    "criteria": {
      "has_qq": "2024-10-06 20:27:28 +0000"
    },
    "done": true
  },
  "mcwfences:recipes/mangrove": {
    "criteria": {
      "has_mangrove": "2024-10-06 20:27:28 +0000"
    },
    "done": true
  },
  "mcwfences:recipes/warped": {
    "criteria": {
      "has_warped": "2024-10-06 20:27:28 +0000"
    },
    "done": true
  },
  "mcwfences:recipes/blackstone": {
    "criteria": {
      "has_blackstone": "2024-10-06 20:27:28 +0000"
    },
    "done": true
  },
  "mcwfences:recipes/hedge": {
    "criteria": {
      "has_birch": "2024-10-06 20:27:28 +0000"
    },
    "done": true
  },
  "mcwfences:recipes/nether": {
    "criteria": {
      "has_nether_brick": "2024-10-06 20:27:28 +0000"
    },
    "done": true
  },
  "mcwfences:recipes/birch": {
    "criteria": {
      "has_birch": "2024-10-06 20:27:28 +0000"
    },
    "done": true
  },
  "farm_and_charm:main/find_wild_crops": {
    "criteria": {
      "oat": "2024-10-06 20:27:28 +0000",
      "wild_strawberry": "2024-10-06 20:27:28 +0000",
      "corn": "2024-10-06 20:27:28 +0000",
      "onion": "2024-10-06 20:27:28 +0000",
      "wild_corn": "2024-10-06 20:27:28 +0000",
      "wild_ribwort": "2024-10-06 20:27:28 +0000",
      "strawberry": "2024-10-06 20:27:28 +0000",
      "wild_nettle": "2024-10-06 20:27:28 +0000",
      "barley": "2024-10-06 20:27:28 +0000",
      "tomato": "2024-10-06 20:27:28 +0000",
      "lettuce": "2024-10-06 20:27:28 +0000",
      "wild_lettuce": "2024-10-06 20:27:28 +0000",
      "wild_tomatoes": "2024-10-06 20:27:28 +0000",
      "oat_seeds": "2024-10-06 20:27:28 +0000",
      "tomato_seeds": "2024-10-06 20:27:28 +0000",
      "barley_seeds": "2024-10-06 20:27:28 +0000",
      "strawberry_seeds": "2024-10-06 20:27:28 +0000",
      "lettuce_seeds": "2024-10-06 20:27:28 +0000",
      "kernels": "2024-10-06 20:27:28 +0000",
      "wild_barley": "2024-10-06 20:27:28 +0000",
      "wild_onion": "2024-10-06 20:27:28 +0000",
      "wild_oat": "2024-10-06 20:27:28 +0000"
    },
    "done": true
  },
  "vinery:main/root": {
    "criteria": {
      "seeds": "2024-10-06 20:27:28 +0000"
    },
    "done": true
  },
  "born_in_chaos_v1:bornin_chaos": {
    "criteria": {
      "bornin_chaos_0": "2024-10-06 20:27:29 +0000"
    },
    "done": true
  },
  "minecraft:adventure/adventuring_time": {
    "criteria": {
      "minecraft:snowy_slopes": "2024-10-07 00:01:55 +0000",
      "minecraft:sunflower_plains": "2024-10-11 03:25:16 +0000",
      "minecraft:savanna_plateau": "2024-10-06 21:16:18 +0000",
      "minecraft:river": "2024-10-06 22:50:47 +0000",
      "minecraft:stony_shore": "2024-10-06 20:33:57 +0000",
      "minecraft:grove": "2024-10-06 20:27:50 +0000",
      "minecraft:forest": "2024-10-06 20:27:30 +0000",
      "autumnity:autumnity:maple_forest": "2024-10-06 22:51:51 +0000",
      "minecraft:flower_forest": "2024-10-06 21:53:47 +0000",
      "minecraft:savanna": "2024-10-06 20:59:22 +0000",
      "minecraft:plains": "2024-10-06 20:35:06 +0000"
    },
    "done": false
  },
  "farm_and_charm:main/root": {
    "criteria": {
      "example_criterion": "2024-10-06 20:27:30 +0000"
    },
    "done": true
  },
  "tombstone:adventure/root": {
    "criteria": {
      "auto": "2024-10-06 20:27:30 +0000"
    },
    "done": true
  },
  "tombstone:adventure/first_grave": {
    "criteria": {
      "coded_trigger": "2024-10-06 20:29:13 +0000"
    },
    "done": true
  },
  "tombstone:recipes/from_grave_key": {
    "criteria": {
      "has_ingredient": "2024-10-06 20:29:45 +0000"
    },
    "done": true
  },
  "tombstone:adventure/enchant_grave_key": {
    "criteria": {
      "has_upgraded_grave_key": "2024-10-06 20:29:45 +0000"
    },
    "done": true
  },
  "tombstone:adventure/teleport_to_grave": {
    "criteria": {
      "coded_trigger": "2024-10-06 20:29:58 +0000"
    },
    "done": true
  },
  "tombstone:adventure/first_knowledge": {
    "criteria": {
      "coded_trigger": "2024-10-06 20:29:58 +0000"
    },
    "done": true
  },
  "vinery:main/get_apple": {
    "criteria": {
      "apple": "2024-10-06 20:30:43 +0000"
    },
    "done": true
  },
  "mores:root": {
    "criteria": {
      "crafting_table": "2024-10-06 20:32:18 +0000"
    },
    "done": true
  },
  "minecraft:story/root": {
    "criteria": {
      "crafting_table": "2024-10-06 20:32:18 +0000"
    },
    "done": true
  },
  "minecraft:story/mine_stone": {
    "criteria": {
      "get_stone": "2024-10-06 20:34:02 +0000"
    },
    "done": true
  },
  "minecraft:story/upgrade_tools": {
    "criteria": {
      "stone_pickaxe": "2024-10-06 20:34:48 +0000"
    },
    "done": true
  },
  "mores:obtain_tin_ore": {
    "criteria": {
      "obtain_tin_ore": "2024-10-06 20:35:41 +0000"
    },
    "done": true
  },
  "simplefarming:berries": {
    "criteria": {
      "blueberries": "2024-10-06 20:36:39 +0000",
      "raspberries": "2024-10-06 20:36:32 +0000"
    },
    "done": false
  },
  "minecraft:husbandry/root": {
    "criteria": {
      "consumed_item": "2024-10-06 20:37:37 +0000"
    },
    "done": true
  },
  "simplefarming:root": {
    "criteria": {
      "pickup_seed": "2024-10-06 20:38:24 +0000"
    },
    "done": true
  },
  "minecraft:adventure/root": {
    "criteria": {
      "killed_something": "2024-10-06 20:39:16 +0000"
    },
    "done": true
  },
  "minecraft:husbandry/balanced_diet": {
    "criteria": {
      "bread": "2024-10-06 21:07:28 +0000",
      "cooked_porkchop": "2024-10-07 00:51:24 +0000",
      "cooked_beef": "2024-10-11 02:41:00 +0000",
      "apple": "2024-10-06 21:02:29 +0000",
      "beetroot": "2024-10-06 21:04:37 +0000"
    },
    "done": false
  },
  "minecraft:story/obtain_armor": {
    "criteria": {
      "iron_boots": "2024-10-06 21:05:55 +0000"
    },
    "done": true
  },
  "spartanweaponry:dagger": {
    "criteria": {
      "has_dagger": "2024-10-06 21:05:57 +0000"
    },
    "done": true
  },
  "minecraft:adventure/kill_all_mobs": {
    "criteria": {
      "minecraft:skeleton": "2024-10-06 22:32:52 +0000",
      "minecraft:spider": "2024-10-06 22:02:06 +0000",
      "minecraft:creeper": "2024-10-11 02:41:06 +0000",
      "minecraft:zombie": "2024-10-06 21:13:13 +0000"
    },
    "done": false
  },
  "minecraft:adventure/kill_a_mob": {
    "criteria": {
      "minecraft:zombie": "2024-10-06 21:13:13 +0000"
    },
    "done": true
  },
  "tombstone:adventure/cancel_ghostly_shape": {
    "criteria": {
      "coded_trigger": "2024-10-06 21:14:29 +0000"
    },
    "done": true
  },
  "immersive_aircraft:misc/aircraftery": {
    "criteria": {
      "has_item": "2024-10-06 21:14:39 +0000"
    },
    "done": true
  },
  "minecraft:story/smelt_iron": {
    "criteria": {
      "iron": "2024-10-06 21:14:39 +0000"
    },
    "done": true
  },
  "mores:acquire_hardware": {
    "criteria": {
      "iron": "2024-10-06 21:14:39 +0000"
    },
    "done": true
  },
  "tombstone:recipes/from_grave_dust": {
    "criteria": {
      "has_ingredient": "2024-10-06 21:14:52 +0000"
    },
    "done": true
  },
  "vinery:main/get_wine": {
    "criteria": {
      "have_any_wine": "2024-10-06 22:29:14 +0000"
    },
    "done": true
  },
  "vinery:main/wine_collector": {
    "criteria": {
      "vinery:bottle_mojang_noir": "2024-10-06 22:29:14 +0000"
    },
    "done": false
  },
  "tombstone:adventure/find_grave_dust": {
    "criteria": {
      "from_undead": "2024-10-06 22:39:41 +0000"
    },
    "done": true
  },
  "mores:obtain_all": {
    "criteria": {
      "obtain_tin_ingot": "2024-10-06 23:07:27 +0000"
    },
    "done": false
  },
  "mores:smelt_more": {
    "criteria": {
      "smelt_tin_ore": "2024-10-06 23:07:27 +0000"
    },
    "done": true
  },
  "mores:craft_tin_pickaxe": {
    "criteria": {
      "craft_tin_pickaxe": "2024-10-06 23:08:01 +0000"
    },
    "done": true
  },
  "mores:obtain_emerald": {
    "criteria": {
      "obtain_topaz_gem": "2024-10-06 23:10:30 +0000"
    },
    "done": true
  },
  "spartanweaponry:battleaxe": {
    "criteria": {
      "has_battleaxe": "2024-10-06 23:11:30 +0000"
    },
    "done": true
  },
  "minecraft:story/form_obsidian": {
    "criteria": {
      "obsidian": "2024-10-06 23:11:37 +0000"
    },
    "done": true
  },
  "croptopia:knife": {
    "criteria": {
      "knife": "2024-10-06 23:12:13 +0000"
    },
    "done": true
  },
  "farmersdelight:main/craft_knife": {
    "criteria": {
      "flint_knife": "2024-10-06 23:12:13 +0000"
    },
    "done": true
  },
  "brewery:main/crop_collector": {
    "criteria": {
      "brewery:hops": "2024-10-11 03:43:43 +0000",
      "farm_and_charm:barley": "2024-10-11 02:17:02 +0000",
      "farm_and_charm:corn": "2024-10-06 23:19:21 +0000"
    },
    "done": true
  },
  "croptopia:root": {
    "criteria": {
      "root": "2024-10-06 23:21:30 +0000"
    },
    "done": true
  },
  "minecraft:husbandry/plant_seed": {
    "criteria": {
      "wheat": "2024-10-06 23:22:56 +0000"
    },
    "done": true
  },
  "farmersdelight:main/plant_all_crops": {
    "criteria": {
      "sugar_cane": "2024-10-11 02:39:46 +0000",
      "wheat": "2024-10-06 23:22:56 +0000"
    },
    "done": false
  },
  "mores:obtain_cobalt_ore": {
    "criteria": {
      "obtain_cobalt_ore": "2024-10-06 23:51:21 +0000"
    },
    "done": true
  },
  "mores:obtain_silver_ore": {
    "criteria": {
      "obtain_silver_ore": "2024-10-06 23:52:19 +0000"
    },
    "done": true
  },
  "tombstone:adventure/ashes_and_bones": {
    "criteria": {
      "coded_trigger": "2024-10-06 23:54:32 +0000"
    },
    "done": true
  },
  "iter_rpg:iter_get_voidquartz": {
    "criteria": {
      "iter_get_voidquartz_0": "2024-10-06 23:57:49 +0000"
    },
    "done": true
  },
  "spartanweaponry:longsword": {
    "criteria": {
      "has_longsword": "2024-10-07 00:07:47 +0000"
    },
    "done": true
  },
  "minecraft:story/iron_tools": {
    "criteria": {
      "iron_pickaxe": "2024-10-07 00:24:09 +0000"
    },
    "done": true
  },
  "spartanweaponry:root": {
    "criteria": {
      "has_handle": "2024-10-07 00:26:43 +0000"
    },
    "done": true
  },
  "spartanweaponry:katana": {
    "criteria": {
      "has_katana": "2024-10-07 00:26:50 +0000"
    },
    "done": true
  },
  "vinery:main/fermentation": {
    "criteria": {
      "fermentation_barrel": "2024-10-07 00:32:13 +0000"
    },
    "done": true
  },
  "immersive_weathering:immersive_weathering/bark_off": {
    "criteria": {
      "wax_off": "2024-10-11 02:50:47 +0000"
    },
    "done": true
  },
  "vanillatweaks:root": {
    "criteria": {
      "tick": "2024-10-11 02:15:56 +0000"
    },
    "done": true
  },
  "brewery:main/brewing_pioneer": {
    "criteria": {
      "brewing_station": "2024-10-11 02:54:07 +0000"
    },
    "done": true
  },
  "simplefarming:crops": {
    "criteria": {
      "soybean": "2024-10-11 02:44:27 +0000"
    },
    "done": false
  },
  "brewery:main/wild_crops": {
    "criteria": {
      "barley_seeds": "2024-10-11 02:16:50 +0000",
      "hops": "2024-10-11 03:43:43 +0000",
      "barley": "2024-10-11 02:17:02 +0000",
      "hops_seeds": "2024-10-11 03:46:45 +0000"
    },
    "done": true
  },
  "vinery:main/place_pot": {
    "criteria": {
      "grapevine_pot": "2024-10-11 04:03:41 +0000"
    },
    "done": true
  },
  "vinery:main/wild_crops": {
    "criteria": {
      "white_savanna_grape_seeds": "2024-10-11 03:28:02 +0000"
    },
    "done": true
  },
  "pizzadelight:root": {
    "criteria": {
      "tick": "2024-10-11 02:15:56 +0000"
    },
    "done": true
  },
  "treasure2:grant_book_on_first_join": {
    "criteria": {
      "tick": "2024-10-11 02:15:56 +0000"
    },
    "done": true
  },
  "vanillatweaks:multiplayer_sleep": {
    "criteria": {
      "tick": "2024-10-11 02:15:56 +0000"
    },
    "done": true
  },
  "croptopia:gather_savanna": {
    "criteria": {
      "hops_seed": "2024-10-11 03:32:33 +0000",
      "olive_seed": "2024-10-11 02:52:47 +0000"
    },
    "done": false
  },
  "croptopia:gather_all": {
    "criteria": {
      "hops_seed": "2024-10-11 03:32:33 +0000",
      "olive_seed": "2024-10-11 02:52:47 +0000"
    },
    "done": false
  },
  "farm_and_charm:main/place_cooking_pot": {
    "criteria": {
      "cooking_pot": "2024-10-11 02:27:29 +0000"
    },
    "done": true
  },
  "miningmaster:miningmaster/root": {
    "criteria": {
      "tick": "2024-10-11 02:15:56 +0000"
    },
    "done": true
  },
  "croptopia:getseeds": {
    "criteria": {
      "has_seeds": "2024-10-11 02:52:47 +0000"
    },
    "done": true
  },
  "vinery:main/crop_collector": {
    "criteria": {
      "vinery:red_grape_seeds": "2024-10-11 03:58:09 +0000",
      "vinery:savanna_grape_seeds_white": "2024-10-11 03:28:02 +0000",
      "vinery:taiga_grape_seeds_white": "2024-10-11 03:58:08 +0000",
      "vinery:taiga_grape_seeds_red": "2024-10-11 03:58:06 +0000"
    },
    "done": false
  },
  "immersive_weathering:immersive_weathering/dirts": {
    "criteria": {
      "dirt": "2024-10-11 02:37:36 +0000"
    },
    "done": false
  },
  "brewery:main/get_dried_wheat": {
    "criteria": {
      "dry_wheat": "2024-10-11 02:50:14 +0000"
    },
    "done": true
  },
  "vinery:main/get_juice": {
    "criteria": {
      "red_taiga_grape_juice": "2024-10-11 04:05:18 +0000"
    },
    "done": true
  },
  "DataVersion": 3465
}