{
  "mcwfences:recipes/stone": {
    "criteria": {
      "has_stone": "2024-10-06 19:16:33 +0000"
    },
    "done": true
  },
  "mcwfences:recipes/end": {
    "criteria": {
      "has_end_brick": "2024-10-06 19:16:33 +0000"
    },
    "done": true
  },
  "mcwfences:recipes/bamboo": {
    "criteria": {
      "has_bamboo": "2024-10-06 19:16:33 +0000"
    },
    "done": true
  },
  "mcwfences:recipes/deepslate": {
    "criteria": {
      "has_deepslate": "2024-10-06 19:16:33 +0000"
    },
    "done": true
  },
  "mcwfences:recipes/dark_oak": {
    "criteria": {
      "has_dark_oak": "2024-10-06 19:16:33 +0000"
    },
    "done": true
  },
  "butcher:firstjoinadvancement": {
    "criteria": {
      "firstjoinadvancement_0": "2024-10-06 19:16:33 +0000"
    },
    "done": true
  },
  "mcwfences:recipes/spruce": {
    "criteria": {
      "has_spruce": "2024-10-06 19:16:33 +0000"
    },
    "done": true
  },
  "mcwfences:recipes/crimson": {
    "criteria": {
      "has_crimson": "2024-10-06 19:16:33 +0000"
    },
    "done": true
  },
  "mcwfences:recipes/prismarine": {
    "criteria": {
      "has_qq": "2024-10-06 19:16:33 +0000"
    },
    "done": true
  },
  "farmersdelight:main/root": {
    "criteria": {
      "seeds": "2024-10-06 19:16:33 +0000"
    },
    "done": true
  },
  "mcwfences:recipes/quartz": {
    "criteria": {
      "has_qq": "2024-10-06 19:16:33 +0000"
    },
    "done": true
  },
  "mcwfences:recipes/sandstone": {
    "criteria": {
      "has_sand": "2024-10-06 19:16:33 +0000"
    },
    "done": true
  },
  "bakery:main/root": {
    "criteria": {
      "seeds": "2024-10-06 19:16:33 +0000"
    },
    "done": true
  },
  "brewery:main/root": {
    "criteria": {
      "seeds": "2024-10-06 19:16:33 +0000"
    },
    "done": true
  },
  "mcwfences:recipes/acacia": {
    "criteria": {
      "has_acacia": "2024-10-06 19:16:33 +0000"
    },
    "done": true
  },
  "mcwfences:recipes/jungle": {
    "criteria": {
      "has_jungle": "2024-10-06 19:16:33 +0000"
    },
    "done": true
  },
  "mcwfences:recipes/oak": {
    "criteria": {
      "has_oak": "2024-10-06 19:16:33 +0000"
    },
    "done": true
  },
  "iter_rpg:iter_root": {
    "criteria": {
      "iter_root_0": "2024-10-06 19:16:33 +0000"
    },
    "done": true
  },
  "travelersbackpack:standard_from_custom": {
    "criteria": {
      "has_the_recipe": "2024-10-06 19:16:33 +0000"
    },
    "done": true
  },
  "mcwfences:recipes/mud_brick": {
    "criteria": {
      "has_qq": "2024-10-06 19:16:33 +0000"
    },
    "done": true
  },
  "mcwfences:recipes/mangrove": {
    "criteria": {
      "has_mangrove": "2024-10-06 19:16:33 +0000"
    },
    "done": true
  },
  "mcwfences:recipes/warped": {
    "criteria": {
      "has_warped": "2024-10-06 19:16:33 +0000"
    },
    "done": true
  },
  "mcwfences:recipes/blackstone": {
    "criteria": {
      "has_blackstone": "2024-10-06 19:16:33 +0000"
    },
    "done": true
  },
  "mcwfences:recipes/hedge": {
    "criteria": {
      "has_birch": "2024-10-06 19:16:33 +0000"
    },
    "done": true
  },
  "mcwfences:recipes/nether": {
    "criteria": {
      "has_nether_brick": "2024-10-06 19:16:33 +0000"
    },
    "done": true
  },
  "born_in_chaos_v1:bornin_chaos": {
    "criteria": {
      "bornin_chaos_0": "2024-10-06 19:16:33 +0000"
    },
    "done": true
  },
  "mcwfences:recipes/birch": {
    "criteria": {
      "has_birch": "2024-10-06 19:16:33 +0000"
    },
    "done": true
  },
  "farm_and_charm:main/find_wild_crops": {
    "criteria": {
      "oat": "2024-10-06 19:16:33 +0000",
      "wild_strawberry": "2024-10-06 19:16:33 +0000",
      "corn": "2024-10-06 19:16:33 +0000",
      "onion": "2024-10-06 19:16:33 +0000",
      "wild_corn": "2024-10-06 19:16:33 +0000",
      "wild_ribwort": "2024-10-06 19:16:33 +0000",
      "strawberry": "2024-10-06 19:16:33 +0000",
      "wild_nettle": "2024-10-06 19:16:33 +0000",
      "barley": "2024-10-06 19:16:33 +0000",
      "tomato": "2024-10-06 19:16:33 +0000",
      "lettuce": "2024-10-06 19:16:33 +0000",
      "wild_lettuce": "2024-10-06 19:16:33 +0000",
      "wild_tomatoes": "2024-10-06 19:16:33 +0000",
      "oat_seeds": "2024-10-06 19:16:33 +0000",
      "tomato_seeds": "2024-10-06 19:16:33 +0000",
      "barley_seeds": "2024-10-06 19:16:33 +0000",
      "strawberry_seeds": "2024-10-06 19:16:33 +0000",
      "lettuce_seeds": "2024-10-06 19:16:33 +0000",
      "kernels": "2024-10-06 19:16:33 +0000",
      "wild_barley": "2024-10-06 19:16:33 +0000",
      "wild_onion": "2024-10-06 19:16:33 +0000",
      "wild_oat": "2024-10-06 19:16:33 +0000"
    },
    "done": true
  },
  "vinery:main/root": {
    "criteria": {
      "seeds": "2024-10-06 19:16:33 +0000"
    },
    "done": true
  },
  "minecraft:adventure/adventuring_time": {
    "criteria": {
      "minecraft:snowy_slopes": "2024-10-06 19:18:18 +0000",
      "minecraft:sunflower_plains": "2024-10-08 19:00:46 +0000",
      "minecraft:savanna_plateau": "2024-10-09 23:01:00 +0000",
      "minecraft:beach": "2024-10-08 20:28:47 +0000",
      "minecraft:stony_peaks": "2024-10-09 23:00:50 +0000",
      "minecraft:river": "2024-10-06 19:18:40 +0000",
      "minecraft:stony_shore": "2024-10-06 19:47:15 +0000",
      "minecraft:grove": "2024-10-09 22:53:28 +0000",
      "minecraft:forest": "2024-10-06 19:16:36 +0000",
      "autumnity:autumnity:maple_forest": "2024-10-06 19:18:17 +0000",
      "minecraft:flower_forest": "2024-10-06 20:25:42 +0000",
      "minecraft:frozen_peaks": "2024-10-06 19:18:20 +0000",
      "minecraft:savanna": "2024-10-06 21:00:45 +0000",
      "minecraft:plains": "2024-10-06 19:18:39 +0000"
    },
    "done": false
  },
  "farm_and_charm:main/root": {
    "criteria": {
      "example_criterion": "2024-10-06 19:16:36 +0000"
    },
    "done": true
  },
  "tombstone:adventure/root": {
    "criteria": {
      "auto": "2024-10-06 19:16:36 +0000"
    },
    "done": true
  },
  "vinery:main/get_apple": {
    "criteria": {
      "apple": "2024-10-06 19:18:45 +0000"
    },
    "done": true
  },
  "minecraft:husbandry/balanced_diet": {
    "criteria": {
      "baked_potato": "2024-10-06 21:51:50 +0000",
      "neapolitan:vanilla_fudge": "2024-10-07 00:04:06 +0000",
      "neapolitan:strawberry_scones": "2024-10-06 20:20:29 +0000",
      "potato": "2024-10-10 01:15:18 +0000",
      "bread": "2024-10-06 20:37:39 +0000",
      "golden_apple": "2024-10-07 00:14:53 +0000",
      "rotten_flesh": "2024-10-10 01:14:22 +0000",
      "cooked_porkchop": "2024-10-07 00:18:24 +0000",
      "cooked_chicken": "2024-10-06 21:14:09 +0000",
      "apple": "2024-10-06 19:20:08 +0000",
      "enchanted_golden_apple": "2024-10-10 00:29:29 +0000"
    },
    "done": false
  },
  "minecraft:husbandry/root": {
    "criteria": {
      "consumed_item": "2024-10-06 19:20:08 +0000"
    },
    "done": true
  },
  "minecraft:adventure/root": {
    "criteria": {
      "killed_something": "2024-10-06 19:26:34 +0000"
    },
    "done": true
  },
  "minecraft:adventure/kill_all_mobs": {
    "criteria": {
      "minecraft:pillager": "2024-10-09 23:40:31 +0000",
      "minecraft:skeleton": "2024-10-06 20:54:46 +0000",
      "minecraft:vindicator": "2024-10-10 00:09:04 +0000",
      "minecraft:spider": "2024-10-07 00:14:42 +0000",
      "minecraft:creeper": "2024-10-08 20:56:22 +0000",
      "minecraft:witch": "2024-10-08 18:48:24 +0000",
      "minecraft:wither_skeleton": "2024-10-10 00:35:58 +0000",
      "minecraft:stray": "2024-10-10 00:32:17 +0000",
      "minecraft:zombie": "2024-10-06 19:26:34 +0000",
      "minecraft:zombie_villager": "2024-10-09 23:56:57 +0000"
    },
    "done": false
  },
  "minecraft:adventure/kill_a_mob": {
    "criteria": {
      "minecraft:zombie": "2024-10-06 19:26:34 +0000"
    },
    "done": true
  },
  "mores:root": {
    "criteria": {
      "crafting_table": "2024-10-06 19:36:40 +0000"
    },
    "done": true
  },
  "minecraft:story/root": {
    "criteria": {
      "crafting_table": "2024-10-06 19:36:40 +0000"
    },
    "done": true
  },
  "minecraft:story/mine_stone": {
    "criteria": {
      "get_stone": "2024-10-06 19:37:25 +0000"
    },
    "done": true
  },
  "minecraft:story/upgrade_tools": {
    "criteria": {
      "stone_pickaxe": "2024-10-06 19:39:15 +0000"
    },
    "done": true
  },
  "simplefarming:root": {
    "criteria": {
      "pickup_seed": "2024-10-06 19:39:57 +0000"
    },
    "done": true
  },
  "mores:obtain_silver_ore": {
    "criteria": {
      "obtain_silver_ore": "2024-10-06 19:40:52 +0000"
    },
    "done": true
  },
  "tombstone:adventure/first_grave": {
    "criteria": {
      "coded_trigger": "2024-10-06 19:43:21 +0000"
    },
    "done": true
  },
  "tombstone:recipes/from_grave_key": {
    "criteria": {
      "has_ingredient": "2024-10-06 19:43:23 +0000"
    },
    "done": true
  },
  "farmersdelight:main/get_fd_seed": {
    "criteria": {
      "tomato_seeds": "2024-10-06 19:45:06 +0000"
    },
    "done": true
  },
  "minecraft:adventure/sleep_in_bed": {
    "criteria": {
      "slept_in_bed": "2024-10-06 19:45:11 +0000"
    },
    "done": true
  },
  "simplefarming:berries": {
    "criteria": {
      "blueberries": "2024-10-06 19:47:13 +0000",
      "strawberries": "2024-10-06 20:16:22 +0000",
      "raspberries": "2024-10-09 22:13:17 +0000"
    },
    "done": false
  },
  "tombstone:adventure/enchant_grave_key": {
    "criteria": {
      "has_upgraded_grave_key": "2024-10-06 20:15:40 +0000"
    },
    "done": true
  },
  "tombstone:adventure/teleport_to_grave": {
    "criteria": {
      "coded_trigger": "2024-10-06 20:15:45 +0000"
    },
    "done": true
  },
  "tombstone:adventure/first_knowledge": {
    "criteria": {
      "coded_trigger": "2024-10-06 20:15:45 +0000"
    },
    "done": true
  },
  "croptopia:gather_all": {
    "criteria": {
      "sweetpotato_seed": "2024-10-06 20:16:01 +0000"
    },
    "done": false
  },
  "croptopia:gather_plains": {
    "criteria": {
      "sweetpotato_seed": "2024-10-06 20:16:01 +0000"
    },
    "done": false
  },
  "farmersdelight:main/place_campfire": {
    "criteria": {
      "campfire": "2024-10-06 20:34:19 +0000"
    },
    "done": true
  },
  "mores:obtain_tin_ore": {
    "criteria": {
      "obtain_tin_ore": "2024-10-06 20:39:39 +0000"
    },
    "done": true
  },
  "spartanweaponry:boomerang": {
    "criteria": {
      "has_boomerang": "2024-10-06 20:54:39 +0000"
    },
    "done": true
  },
  "mores:obtain_all": {
    "criteria": {
      "obtain_topaz_gem": "2024-10-09 22:13:08 +0000",
      "obtain_bronze_ingot": "2024-10-10 00:43:57 +0000",
      "obtain_tin_ingot": "2024-10-06 21:05:04 +0000",
      "obtain_silver_ingot": "2024-10-08 18:42:02 +0000",
      "obtain_steel_ingot": "2024-10-10 00:01:00 +0000"
    },
    "done": false
  },
  "mores:smelt_more": {
    "criteria": {
      "smelt_tin_ore": "2024-10-06 21:05:04 +0000"
    },
    "done": true
  },
  "tombstone:adventure/cancel_ghostly_shape": {
    "criteria": {
      "coded_trigger": "2024-10-06 21:16:17 +0000"
    },
    "done": true
  },
  "tombstone:recipes/from_grave_dust": {
    "criteria": {
      "has_ingredient": "2024-10-06 21:16:41 +0000"
    },
    "done": true
  },
  "minecraft:story/obtain_armor": {
    "criteria": {
      "iron_helmet": "2024-10-07 00:16:35 +0000"
    },
    "done": true
  },
  "tombstone:adventure/funeral_theft": {
    "criteria": {
      "coded_trigger": "2024-10-07 00:16:35 +0000"
    },
    "done": true
  },
  "iter_rpg:iter_get_voidquartz": {
    "criteria": {
      "iter_get_voidquartz_0": "2024-10-07 00:16:40 +0000"
    },
    "done": true
  },
  "tombstone:adventure/neighborhood_brawl": {
    "criteria": {
      "coded_trigger": "2024-10-07 00:31:48 +0000"
    },
    "done": true
  },
  "mores:eat_cobalt_apple": {
    "criteria": {
      "requirement": "2024-10-07 00:35:00 +0000"
    },
    "done": true
  },
  "pizzadelight:root": {
    "criteria": {
      "tick": "2024-10-08 18:26:09 +0000"
    },
    "done": true
  },
  "treasure2:grant_book_on_first_join": {
    "criteria": {
      "tick": "2024-10-08 18:26:09 +0000"
    },
    "done": true
  },
  "tombstone:adventure/find_grave_dust": {
    "criteria": {
      "from_undead": "2024-10-08 18:29:13 +0000"
    },
    "done": true
  },
  "mores:acquire_hardware": {
    "criteria": {
      "iron": "2024-10-08 18:29:14 +0000"
    },
    "done": true
  },
  "immersive_aircraft:misc/aircraftery": {
    "criteria": {
      "has_item": "2024-10-08 18:29:14 +0000"
    },
    "done": true
  },
  "minecraft:story/smelt_iron": {
    "criteria": {
      "iron": "2024-10-08 18:29:14 +0000"
    },
    "done": true
  },
  "iter_rpg:economy": {
    "criteria": {
      "economy_0": "2024-10-08 18:36:07 +0000"
    },
    "done": true
  },
  "tombstone:adventure/ambush": {
    "criteria": {
      "coded_trigger": "2024-10-08 18:48:24 +0000"
    },
    "done": true
  },
  "vanillatweaks:root": {
    "criteria": {
      "tick": "2024-10-08 19:03:48 +0000"
    },
    "done": true
  },
  "vanillatweaks:multiplayer_sleep": {
    "criteria": {
      "tick": "2024-10-08 19:03:48 +0000"
    },
    "done": true
  },
  "croptopia:getseeds": {
    "criteria": {
      "has_seeds": "2024-10-08 20:45:24 +0000"
    },
    "done": true
  },
  "croptopia:gather_jungle": {
    "criteria": {
      "rice_seed": "2024-10-08 20:45:24 +0000"
    },
    "done": false
  },
  "farmersdelight:main/plant_rice": {
    "criteria": {
      "plant_rice": "2024-10-08 20:51:06 +0000"
    },
    "done": true
  },
  "farmersdelight:main/plant_all_crops": {
    "criteria": {
      "rice": "2024-10-08 20:51:06 +0000",
      "wheat": "2024-10-09 23:54:28 +0000"
    },
    "done": false
  },
  "born_in_chaos_v1:good_demoman": {
    "criteria": {
      "good_demoman_0": "2024-10-08 20:58:42 +0000"
    },
    "done": true
  },
  "vinery:main/crop_collector": {
    "criteria": {
      "vinery:white_grape_seeds": "2024-10-08 21:09:12 +0000",
      "vinery:red_grape_seeds": "2024-10-08 21:09:06 +0000",
      "vinery:savanna_grape_seeds_red": "2024-10-08 21:09:16 +0000"
    },
    "done": false
  },
  "vinery:main/wild_crops": {
    "criteria": {
      "red_grape_seeds": "2024-10-08 21:09:06 +0000"
    },
    "done": true
  },
  "brewery:main/crop_collector": {
    "criteria": {
      "brewery:hops": "2024-10-08 21:11:08 +0000",
      "farm_and_charm:corn": "2024-10-09 23:55:20 +0000"
    },
    "done": false
  },
  "brewery:main/wild_crops": {
    "criteria": {
      "hops": "2024-10-08 21:11:08 +0000"
    },
    "done": false
  },
  "mores:craft_all_maces": {
    "criteria": {
      "obtain_stone_mace": "2024-10-08 21:26:05 +0000"
    },
    "done": false
  },
  "mores:craft_stone_mace": {
    "criteria": {
      "craft_stone_mace": "2024-10-08 21:26:05 +0000"
    },
    "done": true
  },
  "tombstone:adventure/ashes_and_bones": {
    "criteria": {
      "coded_trigger": "2024-10-09 17:11:16 +0000"
    },
    "done": true
  },
  "spartanweaponry:dagger": {
    "criteria": {
      "has_dagger": "2024-10-09 19:57:31 +0000"
    },
    "done": true
  },
  "minecraft:story/iron_tools": {
    "criteria": {
      "iron_pickaxe": "2024-10-09 22:12:52 +0000"
    },
    "done": true
  },
  "simplefarming:crops": {
    "criteria": {
      "soybean": "2024-10-09 22:14:15 +0000",
      "yam": "2024-10-09 22:14:18 +0000",
      "corn": "2024-10-09 22:13:07 +0000",
      "cucumber": "2024-10-09 22:14:12 +0000",
      "tomato": "2024-10-09 22:14:10 +0000",
      "cassava": "2024-10-09 22:14:15 +0000",
      "eggplant": "2024-10-09 22:14:08 +0000"
    },
    "done": false
  },
  "tombstone:adventure/create_magic_tablet": {
    "criteria": {
      "has_magic_tablet": "2024-10-09 22:13:07 +0000"
    },
    "done": true
  },
  "mores:obtain_topaz": {
    "criteria": {
      "obtain_topaz_gem": "2024-10-09 22:13:08 +0000"
    },
    "done": true
  },
  "mores:craft_all_horse_armors": {
    "criteria": {
      "craft_turquoise_horse_armor": "2024-10-09 22:13:08 +0000"
    },
    "done": false
  },
  "mores:craft_horse_armor": {
    "criteria": {
      "craft_horse_armor": "2024-10-09 22:13:08 +0000"
    },
    "done": true
  },
  "mores:obtain_cobalt_ore": {
    "criteria": {
      "obtain_cobalt_ore": "2024-10-09 22:17:26 +0000"
    },
    "done": true
  },
  "hopo:minecraft/adventure/all_mineshaft": {
    "criteria": {
      "locate_acacia_mineshaft": "2024-10-09 22:51:51 +0000"
    },
    "done": false
  },
  "hopo:minecraft/adventure/locate_mineshaft": {
    "criteria": {
      "locate_acacia_mineshaft": "2024-10-09 22:51:51 +0000"
    },
    "done": true
  },
  "minecraft:adventure/voluntary_exile": {
    "criteria": {
      "voluntary_exile": "2024-10-09 23:40:31 +0000"
    },
    "done": true
  },
  "minecraft:husbandry/plant_seed": {
    "criteria": {
      "wheat": "2024-10-09 23:54:28 +0000"
    },
    "done": true
  },
  "minecraft:adventure/salvage_sherd": {
    "criteria": {
      "has_sherd": "2024-10-09 23:57:30 +0000"
    },
    "done": false
  },
  "mores:eat_bronze_apple": {
    "criteria": {
      "requirement": "2024-10-09 23:57:47 +0000"
    },
    "done": true
  },
  "mores:obtain_emerald": {
    "criteria": {
      "obtain_topaz_gem": "2024-10-09 23:59:57 +0000"
    },
    "done": true
  },
  "minecraft:story/mine_diamond": {
    "criteria": {
      "diamond": "2024-10-10 00:00:01 +0000"
    },
    "done": true
  },
  "mores:obtain_steel": {
    "criteria": {
      "obtain_steel_ingot": "2024-10-10 00:01:00 +0000"
    },
    "done": true
  },
  "minecraft:story/shiny_gear": {
    "criteria": {
      "diamond_chestplate": "2024-10-10 00:05:18 +0000"
    },
    "done": true
  },
  "minecraft:story/deflect_arrow": {
    "criteria": {
      "deflected_projectile": "2024-10-10 00:09:36 +0000"
    },
    "done": true
  },
  "mores:obtain_bronze": {
    "criteria": {
      "obtain_steel_ingot": "2024-10-10 00:43:57 +0000"
    },
    "done": true
  },
  "mores:craft_alloy_furnace": {
    "criteria": {
      "obtain_alloy_furnace": "2024-10-10 00:47:03 +0000"
    },
    "done": true
  },
  "minecraft:husbandry/tame_an_animal": {
    "criteria": {
      "tamed_animal": "2024-10-10 04:33:14 +0000"
    },
    "done": true
  },
  "croptopia:knife": {
    "criteria": {
      "knife": "2024-10-10 04:35:56 +0000"
    },
    "done": true
  },
  "born_in_chaos_v1:exorcism": {
    "criteria": {
      "exorcism_0": "2024-10-10 04:30:00 +0000"
    },
    "done": true
  },
  "DataVersion": 3465
}