{
  "naturescompass:natures_compass": {
    "criteria": {
      "has_recipe": "2024-10-05 16:28:00 -0500"
    },
    "done": true
  },
  "mcwfences:recipes/stone": {
    "criteria": {
      "has_stone": "2024-10-05 16:28:00 -0500"
    },
    "done": true
  },
  "mcwfences:recipes/jungle": {
    "criteria": {
      "has_jungle": "2024-10-05 16:28:00 -0500"
    },
    "done": true
  },
  "mcwfences:recipes/oak": {
    "criteria": {
      "has_oak": "2024-10-05 16:28:00 -0500"
    },
    "done": true
  },
  "mcwfences:recipes/end": {
    "criteria": {
      "has_end_brick": "2024-10-05 16:28:00 -0500"
    },
    "done": true
  },
  "iter_rpg:iter_root": {
    "criteria": {
      "iter_root_0": "2024-10-05 16:28:00 -0500"
    },
    "done": true
  },
  "naturescompass:natures_compass_sapling": {
    "criteria": {
      "has_recipe": "2024-10-05 16:28:00 -0500"
    },
    "done": true
  },
  "mcwfences:recipes/bamboo": {
    "criteria": {
      "has_bamboo": "2024-10-05 16:28:00 -0500"
    },
    "done": true
  },
  "travelersbackpack:standard_from_custom": {
    "criteria": {
      "has_the_recipe": "2024-10-05 16:28:00 -0500"
    },
    "done": true
  },
  "mcwfences:recipes/deepslate": {
    "criteria": {
      "has_deepslate": "2024-10-05 16:28:00 -0500"
    },
    "done": true
  },
  "mcwfences:recipes/mud_brick": {
    "criteria": {
      "has_qq": "2024-10-05 16:28:00 -0500"
    },
    "done": true
  },
  "mcwfences:recipes/mangrove": {
    "criteria": {
      "has_mangrove": "2024-10-05 16:28:00 -0500"
    },
    "done": true
  },
  "mcwfences:recipes/warped": {
    "criteria": {
      "has_warped": "2024-10-05 16:28:00 -0500"
    },
    "done": true
  },
  "mcwfences:recipes/blackstone": {
    "criteria": {
      "has_blackstone": "2024-10-05 16:28:00 -0500"
    },
    "done": true
  },
  "mcwfences:recipes/dark_oak": {
    "criteria": {
      "has_dark_oak": "2024-10-05 16:28:00 -0500"
    },
    "done": true
  },
  "butcher:firstjoinadvancement": {
    "criteria": {
      "firstjoinadvancement_0": "2024-10-05 16:28:00 -0500"
    },
    "done": true
  },
  "mcwfences:recipes/spruce": {
    "criteria": {
      "has_spruce": "2024-10-05 16:28:00 -0500"
    },
    "done": true
  },
  "mcwfences:recipes/hedge": {
    "criteria": {
      "has_birch": "2024-10-05 16:28:00 -0500"
    },
    "done": true
  },
  "mcwfences:recipes/nether": {
    "criteria": {
      "has_nether_brick": "2024-10-05 16:28:00 -0500"
    },
    "done": true
  },
  "mcwfences:recipes/crimson": {
    "criteria": {
      "has_crimson": "2024-10-05 16:28:00 -0500"
    },
    "done": true
  },
  "mcwfences:recipes/prismarine": {
    "criteria": {
      "has_qq": "2024-10-05 16:28:00 -0500"
    },
    "done": true
  },
  "farmersdelight:main/root": {
    "criteria": {
      "seeds": "2024-10-05 16:28:00 -0500"
    },
    "done": true
  },
  "mcwfences:recipes/quartz": {
    "criteria": {
      "has_qq": "2024-10-05 16:28:00 -0500"
    },
    "done": true
  },
  "naturescompass:natures_compass_log": {
    "criteria": {
      "has_recipe": "2024-10-05 16:28:00 -0500"
    },
    "done": true
  },
  "mcwfences:recipes/sandstone": {
    "criteria": {
      "has_sand": "2024-10-05 16:28:00 -0500"
    },
    "done": true
  },
  "mcwfences:recipes/birch": {
    "criteria": {
      "has_birch": "2024-10-05 16:28:00 -0500"
    },
    "done": true
  },
  "farm_and_charm:main/find_wild_crops": {
    "criteria": {
      "oat": "2024-10-05 16:28:00 -0500",
      "wild_strawberry": "2024-10-05 16:28:00 -0500",
      "corn": "2024-10-05 16:28:00 -0500",
      "onion": "2024-10-05 16:28:00 -0500",
      "wild_corn": "2024-10-05 16:28:00 -0500",
      "wild_ribwort": "2024-10-05 16:28:00 -0500",
      "strawberry": "2024-10-05 16:28:00 -0500",
      "wild_nettle": "2024-10-05 16:28:00 -0500",
      "barley": "2024-10-05 16:28:00 -0500",
      "tomato": "2024-10-05 16:28:00 -0500",
      "lettuce": "2024-10-05 16:28:00 -0500",
      "wild_lettuce": "2024-10-05 16:28:00 -0500",
      "wild_tomatoes": "2024-10-05 16:28:00 -0500",
      "oat_seeds": "2024-10-05 16:28:00 -0500",
      "tomato_seeds": "2024-10-05 16:28:00 -0500",
      "barley_seeds": "2024-10-05 16:28:00 -0500",
      "strawberry_seeds": "2024-10-05 16:28:00 -0500",
      "lettuce_seeds": "2024-10-05 16:28:00 -0500",
      "kernels": "2024-10-05 16:28:00 -0500",
      "wild_barley": "2024-10-05 16:28:00 -0500",
      "wild_onion": "2024-10-05 16:28:00 -0500",
      "wild_oat": "2024-10-05 16:28:00 -0500"
    },
    "done": true
  },
  "bakery:main/root": {
    "criteria": {
      "seeds": "2024-10-05 16:28:00 -0500"
    },
    "done": true
  },
  "brewery:main/root": {
    "criteria": {
      "seeds": "2024-10-05 16:28:00 -0500"
    },
    "done": true
  },
  "mcwfences:recipes/acacia": {
    "criteria": {
      "has_acacia": "2024-10-05 16:28:00 -0500"
    },
    "done": true
  },
  "vinery:main/root": {
    "criteria": {
      "seeds": "2024-10-05 16:28:00 -0500"
    },
    "done": true
  },
  "mowziesmobs:root": {
    "criteria": {
      "custom_test_name": "2024-10-05 16:28:01 -0500"
    },
    "done": true
  },
  "born_in_chaos_v1:bornin_chaos": {
    "criteria": {
      "bornin_chaos_0": "2024-10-05 16:28:01 -0500"
    },
    "done": true
  },
  "minecraft:adventure/adventuring_time": {
    "criteria": {
      "minecraft:snowy_slopes": "2024-10-05 16:29:53 -0500",
      "minecraft:cherry_grove": "2024-10-05 16:30:04 -0500",
      "minecraft:sunflower_plains": "2024-10-05 17:24:14 -0500",
      "minecraft:river": "2024-10-05 16:28:59 -0500",
      "minecraft:stony_shore": "2024-10-05 16:29:10 -0500",
      "minecraft:grove": "2024-10-05 16:30:15 -0500",
      "minecraft:forest": "2024-10-05 16:28:22 -0500",
      "autumnity:autumnity:maple_forest": "2024-10-05 16:29:52 -0500",
      "minecraft:frozen_peaks": "2024-10-05 16:30:14 -0500",
      "minecraft:plains": "2024-10-05 16:29:02 -0500"
    },
    "done": false
  },
  "farm_and_charm:main/root": {
    "criteria": {
      "example_criterion": "2024-10-05 16:28:22 -0500"
    },
    "done": true
  },
  "tombstone:adventure/root": {
    "criteria": {
      "auto": "2024-10-05 16:28:22 -0500"
    },
    "done": true
  },
  "simplefarming:root": {
    "criteria": {
      "pickup_seed": "2024-10-05 16:34:13 -0500"
    },
    "done": true
  },
  "untamedwilds:zoology/root": {
    "criteria": {
      "patchouli_not_loaded": "2024-10-05 16:47:22 -0500"
    },
    "done": true
  },
  "walkietalkie:walkietalkie/diamond_walkietalkie": {
    "criteria": {
      "requirement": "2024-10-05 17:03:35 -0500"
    },
    "done": true
  },
  "minecraft:adventure/root": {
    "criteria": {
      "killed_something": "2024-10-05 16:57:21 -0500"
    },
    "done": true
  },
  "minecraft:adventure/kill_all_mobs": {
    "criteria": {
      "minecraft:skeleton": "2024-10-05 17:16:15 -0500",
      "minecraft:spider": "2024-10-05 17:12:47 -0500",
      "minecraft:zombie": "2024-10-05 17:12:27 -0500"
    },
    "done": false
  },
  "mowziesmobs:suns_blessing": {
    "criteria": {
      "get_suns_blessing": "2024-10-05 17:25:10 -0500"
    },
    "done": true
  },
  "spartanweaponry:katana": {
    "criteria": {
      "has_katana": "2024-10-05 17:23:11 -0500"
    },
    "done": true
  },
  "minecraft:adventure/kill_a_mob": {
    "criteria": {
      "minecraft:zombie": "2024-10-05 17:12:27 -0500"
    },
    "done": true
  },
  "spartanweaponry:halberd": {
    "criteria": {
      "has_halberd": "2024-10-05 17:12:21 -0500"
    },
    "done": true
  },
  "born_in_chaos_v1:dark_metallurgy": {
    "criteria": {
      "dark_metallurgy_0": "2024-10-05 16:57:22 -0500"
    },
    "done": true
  },
  "walkietalkie:walkietalkie/root": {
    "criteria": {
      "requirement": "2024-10-05 17:03:33 -0500"
    },
    "done": true
  },
  "spartanweaponry:rapier": {
    "criteria": {
      "has_rapier": "2024-10-05 17:13:12 -0500"
    },
    "done": true
  },
  "spartanweaponry:javelin": {
    "criteria": {
      "has_javelin": "2024-10-05 16:56:57 -0500"
    },
    "done": true
  },
  "portablemobs:basiccelladvancement": {
    "criteria": {
      "basiccell": "2024-10-05 17:03:09 -0500"
    },
    "done": true
  },
  "spartanweaponry:longbow": {
    "criteria": {
      "has_longbow": "2024-10-05 17:16:16 -0500"
    },
    "done": true
  },
  "spartanweaponry:battle_hammer": {
    "criteria": {
      "has_battle_hammer": "2024-10-05 17:12:39 -0500"
    },
    "done": true
  },
  "walkietalkie:walkietalkie/wooden_walkietalkie": {
    "criteria": {
      "requirement": "2024-10-05 17:03:33 -0500"
    },
    "done": true
  },
  "DataVersion": 3465
}