{
  "mcwfences:recipes/stone": {
    "criteria": {
      "has_stone": "2024-10-06 19:16:33 +0000"
    },
    "done": true
  },
  "mcwfences:recipes/end": {
    "criteria": {
      "has_end_brick": "2024-10-06 19:16:33 +0000"
    },
    "done": true
  },
  "mcwfences:recipes/bamboo": {
    "criteria": {
      "has_bamboo": "2024-10-06 19:16:33 +0000"
    },
    "done": true
  },
  "mcwfences:recipes/deepslate": {
    "criteria": {
      "has_deepslate": "2024-10-06 19:16:33 +0000"
    },
    "done": true
  },
  "mcwfences:recipes/dark_oak": {
    "criteria": {
      "has_dark_oak": "2024-10-06 19:16:33 +0000"
    },
    "done": true
  },
  "butcher:firstjoinadvancement": {
    "criteria": {
      "firstjoinadvancement_0": "2024-10-06 19:16:33 +0000"
    },
    "done": true
  },
  "mcwfences:recipes/spruce": {
    "criteria": {
      "has_spruce": "2024-10-06 19:16:33 +0000"
    },
    "done": true
  },
  "mcwfences:recipes/crimson": {
    "criteria": {
      "has_crimson": "2024-10-06 19:16:33 +0000"
    },
    "done": true
  },
  "mcwfences:recipes/prismarine": {
    "criteria": {
      "has_qq": "2024-10-06 19:16:33 +0000"
    },
    "done": true
  },
  "farmersdelight:main/root": {
    "criteria": {
      "seeds": "2024-10-06 19:16:33 +0000"
    },
    "done": true
  },
  "mcwfences:recipes/quartz": {
    "criteria": {
      "has_qq": "2024-10-06 19:16:33 +0000"
    },
    "done": true
  },
  "naturescompass:natures_compass_log": {
    "criteria": {
      "has_recipe": "2024-10-06 19:16:33 +0000"
    },
    "done": true
  },
  "mcwfences:recipes/sandstone": {
    "criteria": {
      "has_sand": "2024-10-06 19:16:33 +0000"
    },
    "done": true
  },
  "bakery:main/root": {
    "criteria": {
      "seeds": "2024-10-06 19:16:33 +0000"
    },
    "done": true
  },
  "brewery:main/root": {
    "criteria": {
      "seeds": "2024-10-06 19:16:33 +0000"
    },
    "done": true
  },
  "mcwfences:recipes/acacia": {
    "criteria": {
      "has_acacia": "2024-10-06 19:16:33 +0000"
    },
    "done": true
  },
  "naturescompass:natures_compass": {
    "criteria": {
      "has_recipe": "2024-10-06 19:16:33 +0000"
    },
    "done": true
  },
  "mcwfences:recipes/jungle": {
    "criteria": {
      "has_jungle": "2024-10-06 19:16:33 +0000"
    },
    "done": true
  },
  "mcwfences:recipes/oak": {
    "criteria": {
      "has_oak": "2024-10-06 19:16:33 +0000"
    },
    "done": true
  },
  "iter_rpg:iter_root": {
    "criteria": {
      "iter_root_0": "2024-10-06 19:16:33 +0000"
    },
    "done": true
  },
  "naturescompass:natures_compass_sapling": {
    "criteria": {
      "has_recipe": "2024-10-06 19:16:33 +0000"
    },
    "done": true
  },
  "travelersbackpack:standard_from_custom": {
    "criteria": {
      "has_the_recipe": "2024-10-06 19:16:33 +0000"
    },
    "done": true
  },
  "mcwfences:recipes/mud_brick": {
    "criteria": {
      "has_qq": "2024-10-06 19:16:33 +0000"
    },
    "done": true
  },
  "mcwfences:recipes/mangrove": {
    "criteria": {
      "has_mangrove": "2024-10-06 19:16:33 +0000"
    },
    "done": true
  },
  "mcwfences:recipes/warped": {
    "criteria": {
      "has_warped": "2024-10-06 19:16:33 +0000"
    },
    "done": true
  },
  "mcwfences:recipes/blackstone": {
    "criteria": {
      "has_blackstone": "2024-10-06 19:16:33 +0000"
    },
    "done": true
  },
  "mcwfences:recipes/hedge": {
    "criteria": {
      "has_birch": "2024-10-06 19:16:33 +0000"
    },
    "done": true
  },
  "mcwfences:recipes/nether": {
    "criteria": {
      "has_nether_brick": "2024-10-06 19:16:33 +0000"
    },
    "done": true
  },
  "born_in_chaos_v1:bornin_chaos": {
    "criteria": {
      "bornin_chaos_0": "2024-10-06 19:16:33 +0000"
    },
    "done": true
  },
  "mcwfences:recipes/birch": {
    "criteria": {
      "has_birch": "2024-10-06 19:16:33 +0000"
    },
    "done": true
  },
  "farm_and_charm:main/find_wild_crops": {
    "criteria": {
      "oat": "2024-10-06 19:16:33 +0000",
      "wild_strawberry": "2024-10-06 19:16:33 +0000",
      "corn": "2024-10-06 19:16:33 +0000",
      "onion": "2024-10-06 19:16:33 +0000",
      "wild_corn": "2024-10-06 19:16:33 +0000",
      "wild_ribwort": "2024-10-06 19:16:33 +0000",
      "strawberry": "2024-10-06 19:16:33 +0000",
      "wild_nettle": "2024-10-06 19:16:33 +0000",
      "barley": "2024-10-06 19:16:33 +0000",
      "tomato": "2024-10-06 19:16:33 +0000",
      "lettuce": "2024-10-06 19:16:33 +0000",
      "wild_lettuce": "2024-10-06 19:16:33 +0000",
      "wild_tomatoes": "2024-10-06 19:16:33 +0000",
      "oat_seeds": "2024-10-06 19:16:33 +0000",
      "tomato_seeds": "2024-10-06 19:16:33 +0000",
      "barley_seeds": "2024-10-06 19:16:33 +0000",
      "strawberry_seeds": "2024-10-06 19:16:33 +0000",
      "lettuce_seeds": "2024-10-06 19:16:33 +0000",
      "kernels": "2024-10-06 19:16:33 +0000",
      "wild_barley": "2024-10-06 19:16:33 +0000",
      "wild_onion": "2024-10-06 19:16:33 +0000",
      "wild_oat": "2024-10-06 19:16:33 +0000"
    },
    "done": true
  },
  "vinery:main/root": {
    "criteria": {
      "seeds": "2024-10-06 19:16:33 +0000"
    },
    "done": true
  },
  "minecraft:adventure/adventuring_time": {
    "criteria": {
      "minecraft:snowy_slopes": "2024-10-06 19:18:18 +0000",
      "minecraft:river": "2024-10-06 19:18:40 +0000",
      "minecraft:stony_shore": "2024-10-06 19:47:15 +0000",
      "minecraft:forest": "2024-10-06 19:16:36 +0000",
      "autumnity:autumnity:maple_forest": "2024-10-06 19:18:17 +0000",
      "minecraft:flower_forest": "2024-10-06 20:25:42 +0000",
      "minecraft:frozen_peaks": "2024-10-06 19:18:20 +0000",
      "minecraft:savanna": "2024-10-06 21:00:45 +0000",
      "minecraft:plains": "2024-10-06 19:18:39 +0000"
    },
    "done": false
  },
  "farm_and_charm:main/root": {
    "criteria": {
      "example_criterion": "2024-10-06 19:16:36 +0000"
    },
    "done": true
  },
  "tombstone:adventure/root": {
    "criteria": {
      "auto": "2024-10-06 19:16:36 +0000"
    },
    "done": true
  },
  "vinery:main/get_apple": {
    "criteria": {
      "apple": "2024-10-06 19:18:45 +0000"
    },
    "done": true
  },
  "minecraft:husbandry/balanced_diet": {
    "criteria": {
      "baked_potato": "2024-10-06 21:51:50 +0000",
      "neapolitan:strawberry_scones": "2024-10-06 20:20:29 +0000",
      "bread": "2024-10-06 20:37:39 +0000",
      "cooked_chicken": "2024-10-06 21:14:09 +0000",
      "apple": "2024-10-06 19:20:08 +0000"
    },
    "done": false
  },
  "minecraft:husbandry/root": {
    "criteria": {
      "consumed_item": "2024-10-06 19:20:08 +0000"
    },
    "done": true
  },
  "minecraft:adventure/root": {
    "criteria": {
      "killed_something": "2024-10-06 19:26:34 +0000"
    },
    "done": true
  },
  "minecraft:adventure/kill_all_mobs": {
    "criteria": {
      "minecraft:skeleton": "2024-10-06 20:54:46 +0000",
      "minecraft:zombie": "2024-10-06 19:26:34 +0000"
    },
    "done": false
  },
  "minecraft:adventure/kill_a_mob": {
    "criteria": {
      "minecraft:zombie": "2024-10-06 19:26:34 +0000"
    },
    "done": true
  },
  "mores:root": {
    "criteria": {
      "crafting_table": "2024-10-06 19:36:40 +0000"
    },
    "done": true
  },
  "minecraft:story/root": {
    "criteria": {
      "crafting_table": "2024-10-06 19:36:40 +0000"
    },
    "done": true
  },
  "minecraft:story/mine_stone": {
    "criteria": {
      "get_stone": "2024-10-06 19:37:25 +0000"
    },
    "done": true
  },
  "minecraft:story/upgrade_tools": {
    "criteria": {
      "stone_pickaxe": "2024-10-06 19:39:15 +0000"
    },
    "done": true
  },
  "simplefarming:root": {
    "criteria": {
      "pickup_seed": "2024-10-06 19:39:57 +0000"
    },
    "done": true
  },
  "mores:obtain_silver_ore": {
    "criteria": {
      "obtain_silver_ore": "2024-10-06 19:40:52 +0000"
    },
    "done": true
  },
  "tombstone:adventure/first_grave": {
    "criteria": {
      "coded_trigger": "2024-10-06 19:43:21 +0000"
    },
    "done": true
  },
  "tombstone:recipes/from_grave_key": {
    "criteria": {
      "has_ingredient": "2024-10-06 19:43:23 +0000"
    },
    "done": true
  },
  "farmersdelight:main/get_fd_seed": {
    "criteria": {
      "tomato_seeds": "2024-10-06 19:45:06 +0000"
    },
    "done": true
  },
  "minecraft:adventure/sleep_in_bed": {
    "criteria": {
      "slept_in_bed": "2024-10-06 19:45:11 +0000"
    },
    "done": true
  },
  "simplefarming:berries": {
    "criteria": {
      "blueberries": "2024-10-06 19:47:13 +0000",
      "strawberries": "2024-10-06 20:16:22 +0000"
    },
    "done": false
  },
  "tombstone:adventure/enchant_grave_key": {
    "criteria": {
      "has_upgraded_grave_key": "2024-10-06 20:15:40 +0000"
    },
    "done": true
  },
  "tombstone:adventure/teleport_to_grave": {
    "criteria": {
      "coded_trigger": "2024-10-06 20:15:45 +0000"
    },
    "done": true
  },
  "tombstone:adventure/first_knowledge": {
    "criteria": {
      "coded_trigger": "2024-10-06 20:15:45 +0000"
    },
    "done": true
  },
  "croptopia:gather_all": {
    "criteria": {
      "sweetpotato_seed": "2024-10-06 20:16:01 +0000"
    },
    "done": false
  },
  "croptopia:gather_plains": {
    "criteria": {
      "sweetpotato_seed": "2024-10-06 20:16:01 +0000"
    },
    "done": false
  },
  "farmersdelight:main/place_campfire": {
    "criteria": {
      "campfire": "2024-10-06 20:34:19 +0000"
    },
    "done": true
  },
  "mores:obtain_tin_ore": {
    "criteria": {
      "obtain_tin_ore": "2024-10-06 20:39:39 +0000"
    },
    "done": true
  },
  "mores:obtain_all": {
    "criteria": {
      "obtain_tin_ingot": "2024-10-06 21:05:04 +0000"
    },
    "done": false
  },
  "mores:smelt_more": {
    "criteria": {
      "smelt_tin_ore": "2024-10-06 21:05:04 +0000"
    },
    "done": true
  },
  "tombstone:recipes/from_grave_dust": {
    "criteria": {
      "has_ingredient": "2024-10-06 21:16:41 +0000"
    },
    "done": true
  },
  "tombstone:adventure/cancel_ghostly_shape": {
    "criteria": {
      "coded_trigger": "2024-10-06 21:16:17 +0000"
    },
    "done": true
  },
  "spartanweaponry:boomerang": {
    "criteria": {
      "has_boomerang": "2024-10-06 20:54:39 +0000"
    },
    "done": true
  },
  "DataVersion": 3465
}